alpha,beta,rho,fitted_exponent
0.2000,0.2000,-1.0000,0.350742
0.2000,0.2000,-0.9941,0.921907
0.2000,0.2000,-0.9766,0.958145
0.2000,0.2000,-0.9477,0.970005
0.2000,0.2000,-0.9076,0.976777
0.2000,0.2000,-0.8569,0.980627
0.2000,0.2000,-0.7961,0.982512
0.2000,0.2000,-0.7260,0.981720
0.2000,0.2000,-0.6474,0.984252
0.2000,0.2000,-0.5612,0.983291
0.2000,0.2000,-0.4684,0.980882
0.2000,0.2000,-0.3701,0.980787
0.2000,0.2000,-0.2675,0.984096
0.2000,0.2000,-0.1618,0.986776
0.2000,0.2000,-0.0541,0.987456
0.2000,0.2000,0.0541,0.987170
0.2000,0.2000,0.1618,0.983535
0.2000,0.2000,0.2675,0.979845
0.2000,0.2000,0.3701,0.976440
0.2000,0.2000,0.4684,0.978613
0.2000,0.2000,0.5612,0.977553
0.2000,0.2000,0.6474,0.979178
0.2000,0.2000,0.7260,0.979537
0.2000,0.2000,0.7961,0.978638
0.2000,0.2000,0.8569,0.979435
0.2000,0.2000,0.9076,0.980096
0.2000,0.2000,0.9477,0.980617
0.2000,0.2000,0.9766,0.980951
0.2000,0.2000,0.9941,0.980669
0.2000,0.2000,1.0000,0.978468
0.2533,0.2000,-1.0000,1.232820
0.2533,0.2000,-0.9941,1.255667
0.2533,0.2000,-0.9766,1.283746
0.2533,0.2000,-0.9477,1.319885
0.2533,0.2000,-0.9076,1.368397
0.2533,0.2000,-0.8569,1.436077
0.2533,0.2000,-0.7961,1.550968
0.2533,0.2000,-0.7260,1.788349
0.2533,0.2000,-0.6474,2.115216
0.2533,0.2000,-0.5612,1.991299
0.2533,0.2000,-0.4684,1.779369
0.2533,0.2000,-0.3701,1.415155
0.2533,0.2000,-0.2675,0.645451
0.2533,0.2000,-0.1618,-0.316716
0.2533,0.2000,-0.0541,0.409192
0.2533,0.2000,0.0541,0.589504
0.2533,0.2000,0.1618,0.688107
0.2533,0.2000,0.2675,0.751683
0.2533,0.2000,0.3701,0.798740
0.2533,0.2000,0.4684,0.832482
0.2533,0.2000,0.5612,0.860134
0.2533,0.2000,0.6474,0.881886
0.2533,0.2000,0.7260,0.901141
0.2533,0.2000,0.7961,0.916642
0.2533,0.2000,0.8569,0.931512
0.2533,0.2000,0.9076,0.944575
0.2533,0.2000,0.9477,0.956628
0.2533,0.2000,0.9766,0.967072
0.2533,0.2000,0.9941,0.976121
0.2533,0.2000,1.0000,0.984293
0.2533,0.2533,-1.0000,0.355790
0.2533,0.2533,-0.9941,0.898197
0.2533,0.2533,-0.9766,0.936834
0.2533,0.2533,-0.9477,0.954606
0.2533,0.2533,-0.9076,0.964873
0.2533,0.2533,-0.8569,0.970769
0.2533,0.2533,-0.7961,0.973466
0.2533,0.2533,-0.7260,0.975472
0.2533,0.2533,-0.6474,0.973916
0.2533,0.2533,-0.5612,0.976022
0.2533,0.2533,-0.4684,0.977227
0.2533,0.2533,-0.3701,0.977104
0.2533,0.2533,-0.2675,0.980077
0.2533,0.2533,-0.1618,0.979599
0.2533,0.2533,-0.0541,0.979745
0.2533,0.2533,0.0541,0.980327
0.2533,0.2533,0.1618,0.973171
0.2533,0.2533,0.2675,0.973517
0.2533,0.2533,0.3701,0.976843
0.2533,0.2533,0.4684,0.968454
0.2533,0.2533,0.5612,0.972652
0.2533,0.2533,0.6474,0.975235
0.2533,0.2533,0.7260,0.978172
0.2533,0.2533,0.7961,0.980624
0.2533,0.2533,0.8569,0.978755
0.2533,0.2533,0.9076,0.981316
0.2533,0.2533,0.9477,0.979053
0.2533,0.2533,0.9766,0.977361
0.2533,0.2533,0.9941,0.975522
0.2533,0.2533,1.0000,0.974321
0.3067,0.2000,-1.0000,1.083846
0.3067,0.2000,-0.9941,1.089517
0.3067,0.2000,-0.9766,1.095864
0.3067,0.2000,-0.9477,1.103397
0.3067,0.2000,-0.9076,1.112447
0.3067,0.2000,-0.8569,1.123219
0.3067,0.2000,-0.7961,1.137259
0.3067,0.2000,-0.7260,1.155156
0.3067,0.2000,-0.6474,1.179292
0.3067,0.2000,-0.5612,1.215773
0.3067,0.2000,-0.4684,1.275307
0.3067,0.2000,-0.3701,1.395982
0.3067,0.2000,-0.2675,1.928520
0.3067,0.2000,-0.1618,1.753021
0.3067,0.2000,-0.0541,0.882097
0.3067,0.2000,0.0541,0.471052
0.3067,0.2000,0.1618,0.693086
0.3067,0.2000,0.2675,0.788260
0.3067,0.2000,0.3701,0.841331
0.3067,0.2000,0.4684,0.874245
0.3067,0.2000,0.5612,0.898409
0.3067,0.2000,0.6474,0.915554
0.3067,0.2000,0.7260,0.928648
0.3067,0.2000,0.7961,0.941607
0.3067,0.2000,0.8569,0.951935
0.3067,0.2000,0.9076,0.960637
0.3067,0.2000,0.9477,0.966909
0.3067,0.2000,0.9766,0.973408
0.3067,0.2000,0.9941,0.979736
0.3067,0.2000,1.0000,0.984348
0.3067,0.2533,-1.0000,1.184903
0.3067,0.2533,-0.9941,1.200000
0.3067,0.2533,-0.9766,1.218304
0.3067,0.2533,-0.9477,1.239684
0.3067,0.2533,-0.9076,1.268009
0.3067,0.2533,-0.8569,1.303265
0.3067,0.2533,-0.7961,1.353553
0.3067,0.2533,-0.7260,1.428508
0.3067,0.2533,-0.6474,1.557703
0.3067,0.2533,-0.5612,1.909713
0.3067,0.2533,-0.4684,1.947787
0.3067,0.2533,-0.3701,2.046710
0.3067,0.2533,-0.2675,1.581664
0.3067,0.2533,-0.1618,1.037541
0.3067,0.2533,-0.0541,-0.091453
0.3067,0.2533,0.0541,0.453380
0.3067,0.2533,0.1618,0.621927
0.3067,0.2533,0.2675,0.714848
0.3067,0.2533,0.3701,0.773639
0.3067,0.2533,0.4684,0.814688
0.3067,0.2533,0.5612,0.845327
0.3067,0.2533,0.6474,0.870537
0.3067,0.2533,0.7260,0.891811
0.3067,0.2533,0.7961,0.909586
0.3067,0.2533,0.8569,0.924673
0.3067,0.2533,0.9076,0.938367
0.3067,0.2533,0.9477,0.949581
0.3067,0.2533,0.9766,0.960438
0.3067,0.2533,0.9941,0.970813
0.3067,0.2533,1.0000,0.980650
0.3067,0.3067,-1.0000,0.377895
0.3067,0.3067,-0.9941,0.852187
0.3067,0.3067,-0.9766,0.908525
0.3067,0.3067,-0.9477,0.934224
0.3067,0.3067,-0.9076,0.945517
0.3067,0.3067,-0.8569,0.955871
0.3067,0.3067,-0.7961,0.960539
0.3067,0.3067,-0.7260,0.964390
0.3067,0.3067,-0.6474,0.965330
0.3067,0.3067,-0.5612,0.966151
0.3067,0.3067,-0.4684,0.966341
0.3067,0.3067,-0.3701,0.969568
0.3067,0.3067,-0.2675,0.969608
0.3067,0.3067,-0.1618,0.969404
0.3067,0.3067,-0.0541,0.969577
0.3067,0.3067,0.0541,0.967995
0.3067,0.3067,0.1618,0.965366
0.3067,0.3067,0.2675,0.958754
0.3067,0.3067,0.3701,0.961861
0.3067,0.3067,0.4684,0.967667
0.3067,0.3067,0.5612,0.973580
0.3067,0.3067,0.6474,0.970988
0.3067,0.3067,0.7260,0.968610
0.3067,0.3067,0.7961,0.967457
0.3067,0.3067,0.8569,0.967633
0.3067,0.3067,0.9076,0.969951
0.3067,0.3067,0.9477,0.969912
0.3067,0.3067,0.9766,0.970944
0.3067,0.3067,0.9941,0.974992
0.3067,0.3067,1.0000,0.975376
0.3600,0.2000,-1.0000,1.029642
0.3600,0.2000,-0.9941,1.031508
0.3600,0.2000,-0.9766,1.033530
0.3600,0.2000,-0.9477,1.035934
0.3600,0.2000,-0.9076,1.038954
0.3600,0.2000,-0.8569,1.042339
0.3600,0.2000,-0.7961,1.046291
0.3600,0.2000,-0.7260,1.051418
0.3600,0.2000,-0.6474,1.058105
0.3600,0.2000,-0.5612,1.067284
0.3600,0.2000,-0.4684,1.080896
0.3600,0.2000,-0.3701,1.102936
0.3600,0.2000,-0.2675,1.146646
0.3600,0.2000,-0.1618,1.277226
0.3600,0.2000,-0.0541,1.522245
0.3600,0.2000,0.0541,0.605597
0.3600,0.2000,0.1618,0.805573
0.3600,0.2000,0.2675,0.873292
0.3600,0.2000,0.3701,0.907574
0.3600,0.2000,0.4684,0.928370
0.3600,0.2000,0.5612,0.942453
0.3600,0.2000,0.6474,0.951261
0.3600,0.2000,0.7260,0.958358
0.3600,0.2000,0.7961,0.964662
0.3600,0.2000,0.8569,0.969107
0.3600,0.2000,0.9076,0.973821
0.3600,0.2000,0.9477,0.977919
0.3600,0.2000,0.9766,0.981705
0.3600,0.2000,0.9941,0.984441
0.3600,0.2000,1.0000,0.986094
0.3600,0.2533,-1.0000,1.051311
0.3600,0.2533,-0.9941,1.054570
0.3600,0.2533,-0.9766,1.058436
0.3600,0.2533,-0.9477,1.062790
0.3600,0.2533,-0.9076,1.067681
0.3600,0.2533,-0.8569,1.074124
0.3600,0.2533,-0.7961,1.081778
0.3600,0.2533,-0.7260,1.091224
0.3600,0.2533,-0.6474,1.103996
0.3600,0.2533,-0.5612,1.121861
0.3600,0.2533,-0.4684,1.149433
0.3600,0.2533,-0.3701,1.197463
0.3600,0.2533,-0.2675,1.303472
0.3600,0.2533,-0.1618,1.845485
0.3600,0.2533,-0.0541,1.275473
0.3600,0.2533,0.0541,0.513427
0.3600,0.2533,0.1618,0.740065
0.3600,0.2533,0.2675,0.823840
0.3600,0.2533,0.3701,0.867011
0.3600,0.2533,0.4684,0.895059
0.3600,0.2533,0.5612,0.916046
0.3600,0.2533,0.6474,0.930266
0.3600,0.2533,0.7260,0.941725
0.3600,0.2533,0.7961,0.950857
0.3600,0.2533,0.8569,0.958331
0.3600,0.2533,0.9076,0.965079
0.3600,0.2533,0.9477,0.970144
0.3600,0.2533,0.9766,0.974560
0.3600,0.2533,0.9941,0.978815
0.3600,0.2533,1.0000,0.983606
0.3600,0.3067,-1.0000,1.129497
0.3600,0.3067,-0.9941,1.138491
0.3600,0.3067,-0.9766,1.149298
0.3600,0.3067,-0.9477,1.162762
0.3600,0.3067,-0.9076,1.178160
0.3600,0.3067,-0.8569,1.198363
0.3600,0.3067,-0.7961,1.223994
0.3600,0.3067,-0.7260,1.258844
0.3600,0.3067,-0.6474,1.308734
0.3600,0.3067,-0.5612,1.390864
0.3600,0.3067,-0.4684,1.562475
0.3600,0.3067,-0.3701,1.955984
0.3600,0.3067,-0.2675,1.780130
0.3600,0.3067,-0.1618,1.487181
0.3600,0.3067,-0.0541,0.395854
0.3600,0.3067,0.0541,0.401673
0.3600,0.3067,0.1618,0.618150
0.3600,0.3067,0.2675,0.720977
0.3600,0.3067,0.3701,0.779972
0.3600,0.3067,0.4684,0.819188
0.3600,0.3067,0.5612,0.851358
0.3600,0.3067,0.6474,0.876033
0.3600,0.3067,0.7260,0.893504
0.3600,0.3067,0.7961,0.909918
0.3600,0.3067,0.8569,0.923528
0.3600,0.3067,0.9076,0.936033
0.3600,0.3067,0.9477,0.945937
0.3600,0.3067,0.9766,0.957194
0.3600,0.3067,0.9941,0.964696
0.3600,0.3067,1.0000,0.972670
0.3600,0.3600,-1.0000,0.412515
0.3600,0.3600,-0.9941,0.807091
0.3600,0.3600,-0.9766,0.878046
0.3600,0.3600,-0.9477,0.908200
0.3600,0.3600,-0.9076,0.925138
0.3600,0.3600,-0.8569,0.938548
0.3600,0.3600,-0.7961,0.943672
0.3600,0.3600,-0.7260,0.946868
0.3600,0.3600,-0.6474,0.951064
0.3600,0.3600,-0.5612,0.950673
0.3600,0.3600,-0.4684,0.957544
0.3600,0.3600,-0.3701,0.958266
0.3600,0.3600,-0.2675,0.962108
0.3600,0.3600,-0.1618,0.959913
0.3600,0.3600,-0.0541,0.956463
0.3600,0.3600,0.0541,0.951186
0.3600,0.3600,0.1618,0.957023
0.3600,0.3600,0.2675,0.957052
0.3600,0.3600,0.3701,0.961743
0.3600,0.3600,0.4684,0.953526
0.3600,0.3600,0.5612,0.958137
0.3600,0.3600,0.6474,0.958820
0.3600,0.3600,0.7260,0.959353
0.3600,0.3600,0.7961,0.959685
0.3600,0.3600,0.8569,0.959733
0.3600,0.3600,0.9076,0.960685
0.3600,0.3600,0.9477,0.962164
0.3600,0.3600,0.9766,0.962666
0.3600,0.3600,0.9941,0.965742
0.3600,0.3600,1.0000,0.961844
0.4133,0.2000,-1.0000,1.013389
0.4133,0.2000,-0.9941,1.014199
0.4133,0.2000,-0.9766,1.015285
0.4133,0.2000,-0.9477,1.016277
0.4133,0.2000,-0.9076,1.017714
0.4133,0.2000,-0.8569,1.019049
0.4133,0.2000,-0.7961,1.020841
0.4133,0.2000,-0.7260,1.022970
0.4133,0.2000,-0.6474,1.025827
0.4133,0.2000,-0.5612,1.029755
0.4133,0.2000,-0.4684,1.035209
0.4133,0.2000,-0.3701,1.043875
0.4133,0.2000,-0.2675,1.060220
0.4133,0.2000,-0.1618,1.100702
0.4133,0.2000,-0.0541,1.447563
0.4133,0.2000,0.0541,0.708039
0.4133,0.2000,0.1618,0.864433
0.4133,0.2000,0.2675,0.911198
0.4133,0.2000,0.3701,0.935927
0.4133,0.2000,0.4684,0.950207
0.4133,0.2000,0.5612,0.959251
0.4133,0.2000,0.6474,0.965462
0.4133,0.2000,0.7260,0.971323
0.4133,0.2000,0.7961,0.975347
0.4133,0.2000,0.8569,0.979017
0.4133,0.2000,0.9076,0.981921
0.4133,0.2000,0.9477,0.983560
0.4133,0.2000,0.9766,0.985557
0.4133,0.2000,0.9941,0.987774
0.4133,0.2000,1.0000,0.988617
0.4133,0.2533,-1.0000,1.018743
0.4133,0.2533,-0.9941,1.019963
0.4133,0.2533,-0.9766,1.021284
0.4133,0.2533,-0.9477,1.022811
0.4133,0.2533,-0.9076,1.024754
0.4133,0.2533,-0.8569,1.026669
0.4133,0.2533,-0.7961,1.029364
0.4133,0.2533,-0.7260,1.032432
0.4133,0.2533,-0.6474,1.036588
0.4133,0.2533,-0.5612,1.042207
0.4133,0.2533,-0.4684,1.050091
0.4133,0.2533,-0.3701,1.063054
0.4133,0.2533,-0.2675,1.087127
0.4133,0.2533,-0.1618,1.150822
0.4133,0.2533,-0.0541,1.533682
0.4133,0.2533,0.0541,0.644025
0.4133,0.2533,0.1618,0.831699
0.4133,0.2533,0.2675,0.889798
0.4133,0.2533,0.3701,0.919323
0.4133,0.2533,0.4684,0.936231
0.4133,0.2533,0.5612,0.947219
0.4133,0.2533,0.6474,0.955262
0.4133,0.2533,0.7260,0.961933
0.4133,0.2533,0.7961,0.966466
0.4133,0.2533,0.8569,0.970725
0.4133,0.2533,0.9076,0.974723
0.4133,0.2533,0.9477,0.977435
0.4133,0.2533,0.9766,0.980314
0.4133,0.2533,0.9941,0.983279
0.4133,0.2533,1.0000,0.985649
0.4133,0.3067,-1.0000,1.031790
0.4133,0.3067,-0.9941,1.033831
0.4133,0.3067,-0.9766,1.036151
0.4133,0.3067,-0.9477,1.038663
0.4133,0.3067,-0.9076,1.041859
0.4133,0.3067,-0.8569,1.045769
0.4133,0.3067,-0.7961,1.050192
0.4133,0.3067,-0.7260,1.055783
0.4133,0.3067,-0.6474,1.063054
0.4133,0.3067,-0.5612,1.073120
0.4133,0.3067,-0.4684,1.088206
0.4133,0.3067,-0.3701,1.112439
0.4133,0.3067,-0.2675,1.160830
0.4133,0.3067,-0.1618,1.310654
0.4133,0.3067,-0.0541,1.493376
0.4133,0.3067,0.0541,0.564275
0.4133,0.3067,0.1618,0.770742
0.4133,0.3067,0.2675,0.847512
0.4133,0.3067,0.3701,0.889635
0.4133,0.3067,0.4684,0.911636
0.4133,0.3067,0.5612,0.925774
0.4133,0.3067,0.6474,0.936802
0.4133,0.3067,0.7260,0.946393
0.4133,0.3067,0.7961,0.953887
0.4133,0.3067,0.8569,0.959969
0.4133,0.3067,0.9076,0.965630
0.4133,0.3067,0.9477,0.970607
0.4133,0.3067,0.9766,0.974812
0.4133,0.3067,0.9941,0.977680
0.4133,0.3067,1.0000,0.982261
0.4133,0.3600,-1.0000,1.083713
0.4133,0.3600,-0.9941,1.088725
0.4133,0.3600,-0.9766,1.095669
0.4133,0.3600,-0.9477,1.103230
0.4133,0.3600,-0.9076,1.113013
0.4133,0.3600,-0.8569,1.124372
0.4133,0.3600,-0.7961,1.138196
0.4133,0.3600,-0.7260,1.155895
0.4133,0.3600,-0.6474,1.180494
0.4133,0.3600,-0.5612,1.216509
0.4133,0.3600,-0.4684,1.276750
0.4133,0.3600,-0.3701,1.397590
0.4133,0.3600,-0.2675,1.856554
0.4133,0.3600,-0.1618,1.620202
0.4133,0.3600,-0.0541,0.901107
0.4133,0.3600,0.0541,0.412041
0.4133,0.3600,0.1618,0.642964
0.4133,0.3600,0.2675,0.741140
0.4133,0.3600,0.3701,0.800718
0.4133,0.3600,0.4684,0.836987
0.4133,0.3600,0.5612,0.865479
0.4133,0.3600,0.6474,0.886991
0.4133,0.3600,0.7260,0.903881
0.4133,0.3600,0.7961,0.917539
0.4133,0.3600,0.8569,0.928730
0.4133,0.3600,0.9076,0.940316
0.4133,0.3600,0.9477,0.947874
0.4133,0.3600,0.9766,0.954666
0.4133,0.3600,0.9941,0.961181
0.4133,0.3600,1.0000,0.967489
0.4133,0.4133,-1.0000,0.450872
0.4133,0.4133,-0.9941,0.762667
0.4133,0.4133,-0.9766,0.846077
0.4133,0.4133,-0.9477,0.880641
0.4133,0.4133,-0.9076,0.902250
0.4133,0.4133,-0.8569,0.909656
0.4133,0.4133,-0.7961,0.920261
0.4133,0.4133,-0.7260,0.920839
0.4133,0.4133,-0.6474,0.927926
0.4133,0.4133,-0.5612,0.934834
0.4133,0.4133,-0.4684,0.941907
0.4133,0.4133,-0.3701,0.940060
0.4133,0.4133,-0.2675,0.945208
0.4133,0.4133,-0.1618,0.942204
0.4133,0.4133,-0.0541,0.943003
0.4133,0.4133,0.0541,0.940849
0.4133,0.4133,0.1618,0.946845
0.4133,0.4133,0.2675,0.937535
0.4133,0.4133,0.3701,0.943414
0.4133,0.4133,0.4684,0.944333
0.4133,0.4133,0.5612,0.941427
0.4133,0.4133,0.6474,0.945983
0.4133,0.4133,0.7260,0.946801
0.4133,0.4133,0.7961,0.946986
0.4133,0.4133,0.8569,0.948534
0.4133,0.4133,0.9076,0.952193
0.4133,0.4133,0.9477,0.952128
0.4133,0.4133,0.9766,0.945773
0.4133,0.4133,0.9941,0.948093
0.4133,0.4133,1.0000,0.947909
0.4667,0.2000,-1.0000,1.007576
0.4667,0.2000,-0.9941,1.008097
0.4667,0.2000,-0.9766,1.008638
0.4667,0.2000,-0.9477,1.009297
0.4667,0.2000,-0.9076,1.010160
0.4667,0.2000,-0.8569,1.010912
0.4667,0.2000,-0.7961,1.011827
0.4667,0.2000,-0.7260,1.013034
0.4667,0.2000,-0.6474,1.014664
0.4667,0.2000,-0.5612,1.016781
0.4667,0.2000,-0.4684,1.019746
0.4667,0.2000,-0.3701,1.024413
0.4667,0.2000,-0.2675,1.033018
0.4667,0.2000,-0.1618,1.053240
0.4667,0.2000,-0.0541,1.178468
0.4667,0.2000,0.0541,0.755883
0.4667,0.2000,0.1618,0.895481
0.4667,0.2000,0.2675,0.933423
0.4667,0.2000,0.3701,0.948844
0.4667,0.2000,0.4684,0.959229
0.4667,0.2000,0.5612,0.966222
0.4667,0.2000,0.6474,0.971081
0.4667,0.2000,0.7260,0.975138
0.4667,0.2000,0.7961,0.978288
0.4667,0.2000,0.8569,0.981244
0.4667,0.2000,0.9076,0.983596
0.4667,0.2000,0.9477,0.985231
0.4667,0.2000,0.9766,0.986828
0.4667,0.2000,0.9941,0.988281
0.4667,0.2000,1.0000,0.988784
0.4667,0.2533,-1.0000,1.009405
0.4667,0.2533,-0.9941,1.010032
0.4667,0.2533,-0.9766,1.010705
0.4667,0.2533,-0.9477,1.011569
0.4667,0.2533,-0.9076,1.012544
0.4667,0.2533,-0.8569,1.013585
0.4667,0.2533,-0.7961,1.014792
0.4667,0.2533,-0.7260,1.016276
0.4667,0.2533,-0.6474,1.018414
0.4667,0.2533,-0.5612,1.021017
0.4667,0.2533,-0.4684,1.024765
0.4667,0.2533,-0.3701,1.030802
0.4667,0.2533,-0.2675,1.041599
0.4667,0.2533,-0.1618,1.067858
0.4667,0.2533,-0.0541,1.244874
0.4667,0.2533,0.0541,0.721699
0.4667,0.2533,0.1618,0.872036
0.4667,0.2533,0.2675,0.918118
0.4667,0.2533,0.3701,0.938912
0.4667,0.2533,0.4684,0.953180
0.4667,0.2533,0.5612,0.962188
0.4667,0.2533,0.6474,0.965364
0.4667,0.2533,0.7260,0.969542
0.4667,0.2533,0.7961,0.973365
0.4667,0.2533,0.8569,0.976427
0.4667,0.2533,0.9076,0.979367
0.4667,0.2533,0.9477,0.981883
0.4667,0.2533,0.9766,0.983939
0.4667,0.2533,0.9941,0.986916
0.4667,0.2533,1.0000,0.988426
0.4667,0.3067,-1.0000,1.012913
0.4667,0.3067,-0.9941,1.013697
0.4667,0.3067,-0.9766,1.014742
0.4667,0.3067,-0.9477,1.015827
0.4667,0.3067,-0.9076,1.016963
0.4667,0.3067,-0.8569,1.018546
0.4667,0.3067,-0.7961,1.020295
0.4667,0.3067,-0.7260,1.022397
0.4667,0.3067,-0.6474,1.025268
0.4667,0.3067,-0.5612,1.028890
0.4667,0.3067,-0.4684,1.034255
0.4667,0.3067,-0.3701,1.042504
0.4667,0.3067,-0.2675,1.058019
0.4667,0.3067,-0.1618,1.096501
0.4667,0.3067,-0.0541,1.413048
0.4667,0.3067,0.0541,0.670828
0.4667,0.3067,0.1618,0.844021
0.4667,0.3067,0.2675,0.896501
0.4667,0.3067,0.3701,0.921425
0.4667,0.3067,0.4684,0.938287
0.4667,0.3067,0.5612,0.950641
0.4667,0.3067,0.6474,0.958479
0.4667,0.3067,0.7260,0.963527
0.4667,0.3067,0.7961,0.968189
0.4667,0.3067,0.8569,0.971931
0.4667,0.3067,0.9076,0.975490
0.4667,0.3067,0.9477,0.978038
0.4667,0.3067,0.9766,0.980620
0.4667,0.3067,0.9941,0.981604
0.4667,0.3067,1.0000,0.983422
0.4667,0.3600,-1.0000,1.020775
0.4667,0.3600,-0.9941,1.022309
0.4667,0.3600,-0.9766,1.023691
0.4667,0.3600,-0.9477,1.025561
0.4667,0.3600,-0.9076,1.027815
0.4667,0.3600,-0.8569,1.030275
0.4667,0.3600,-0.7961,1.033096
0.4667,0.3600,-0.7260,1.036510
0.4667,0.3600,-0.6474,1.041278
0.4667,0.3600,-0.5612,1.047664
0.4667,0.3600,-0.4684,1.056672
0.4667,0.3600,-0.3701,1.071359
0.4667,0.3600,-0.2675,1.098878
0.4667,0.3600,-0.1618,1.173022
0.4667,0.3600,-0.0541,1.427271
0.4667,0.3600,0.0541,0.589237
0.4667,0.3600,0.1618,0.797620
0.4667,0.3600,0.2675,0.862375
0.4667,0.3600,0.3701,0.894482
0.4667,0.3600,0.4684,0.913866
0.4667,0.3600,0.5612,0.929125
0.4667,0.3600,0.6474,0.938835
0.4667,0.3600,0.7260,0.947318
0.4667,0.3600,0.7961,0.953980
0.4667,0.3600,0.8569,0.960315
0.4667,0.3600,0.9076,0.966140
0.4667,0.3600,0.9477,0.969748
0.4667,0.3600,0.9766,0.972605
0.4667,0.3600,0.9941,0.975208
0.4667,0.3600,1.0000,0.979515
0.4667,0.4133,-1.0000,1.052626
0.4667,0.4133,-0.9941,1.056477
0.4667,0.4133,-0.9766,1.060438
0.4667,0.4133,-0.9477,1.065475
0.4667,0.4133,-0.9076,1.071053
0.4667,0.4133,-0.8569,1.077998
0.4667,0.4133,-0.7961,1.086232
0.4667,0.4133,-0.7260,1.096153
0.4667,0.4133,-0.6474,1.109103
0.4667,0.4133,-0.5612,1.128983
0.4667,0.4133,-0.4684,1.158369
0.4667,0.4133,-0.3701,1.208956
0.4667,0.4133,-0.2675,1.324594
0.4667,0.4133,-0.1618,1.633836
0.4667,0.4133,-0.0541,1.150965
0.4667,0.4133,0.0541,0.441125
0.4667,0.4133,0.1618,0.672251
0.4667,0.4133,0.2675,0.762307
0.4667,0.4133,0.3701,0.813189
0.4667,0.4133,0.4684,0.850099
0.4667,0.4133,0.5612,0.875342
0.4667,0.4133,0.6474,0.894164
0.4667,0.4133,0.7260,0.909067
0.4667,0.4133,0.7961,0.920466
0.4667,0.4133,0.8569,0.931275
0.4667,0.4133,0.9076,0.939237
0.4667,0.4133,0.9477,0.945885
0.4667,0.4133,0.9766,0.952651
0.4667,0.4133,0.9941,0.960635
0.4667,0.4133,1.0000,0.965828
0.4667,0.4667,-1.0000,0.493471
0.4667,0.4667,-0.9941,0.730282
0.4667,0.4667,-0.9766,0.805738
0.4667,0.4667,-0.9477,0.842285
0.4667,0.4667,-0.9076,0.870777
0.4667,0.4667,-0.8569,0.881399
0.4667,0.4667,-0.7961,0.892023
0.4667,0.4667,-0.7260,0.905358
0.4667,0.4667,-0.6474,0.912735
0.4667,0.4667,-0.5612,0.917272
0.4667,0.4667,-0.4684,0.917569
0.4667,0.4667,-0.3701,0.919155
0.4667,0.4667,-0.2675,0.924464
0.4667,0.4667,-0.1618,0.919718
0.4667,0.4667,-0.0541,0.921570
0.4667,0.4667,0.0541,0.914162
0.4667,0.4667,0.1618,0.925788
0.4667,0.4667,0.2675,0.931541
0.4667,0.4667,0.3701,0.929994
0.4667,0.4667,0.4684,0.928684
0.4667,0.4667,0.5612,0.924571
0.4667,0.4667,0.6474,0.929534
0.4667,0.4667,0.7260,0.928765
0.4667,0.4667,0.7961,0.929160
0.4667,0.4667,0.8569,0.932669
0.4667,0.4667,0.9076,0.934967
0.4667,0.4667,0.9477,0.934625
0.4667,0.4667,0.9766,0.934518
0.4667,0.4667,0.9941,0.934328
0.4667,0.4667,1.0000,0.934498
0.5200,0.2000,-1.0000,1.004991
0.5200,0.2000,-0.9941,1.005385
0.5200,0.2000,-0.9766,1.005655
0.5200,0.2000,-0.9477,1.006220
0.5200,0.2000,-0.9076,1.006735
0.5200,0.2000,-0.8569,1.007183
0.5200,0.2000,-0.7961,1.007822
0.5200,0.2000,-0.7260,1.008632
0.5200,0.2000,-0.6474,1.009645
0.5200,0.2000,-0.5612,1.010981
0.5200,0.2000,-0.4684,1.012831
0.5200,0.2000,-0.3701,1.015796
0.5200,0.2000,-0.2675,1.021150
0.5200,0.2000,-0.1618,1.033550
0.5200,0.2000,-0.0541,1.102906
0.5200,0.2000,0.0541,0.781044
0.5200,0.2000,0.1618,0.908698
0.5200,0.2000,0.2675,0.941871
0.5200,0.2000,0.3701,0.957928
0.5200,0.2000,0.4684,0.966538
0.5200,0.2000,0.5612,0.971491
0.5200,0.2000,0.6474,0.975509
0.5200,0.2000,0.7260,0.978237
0.5200,0.2000,0.7961,0.980271
0.5200,0.2000,0.8569,0.982852
0.5200,0.2000,0.9076,0.984895
0.5200,0.2000,0.9477,0.985923
0.5200,0.2000,0.9766,0.987233
0.5200,0.2000,0.9941,0.988821
0.5200,0.2000,1.0000,0.989537
0.5200,0.2533,-1.0000,1.005715
0.5200,0.2533,-0.9941,1.006120
0.5200,0.2533,-0.9766,1.006658
0.5200,0.2533,-0.9477,1.007221
0.5200,0.2533,-0.9076,1.007772
0.5200,0.2533,-0.8569,1.008397
0.5200,0.2533,-0.7961,1.009096
0.5200,0.2533,-0.7260,1.010051
0.5200,0.2533,-0.6474,1.011293
0.5200,0.2533,-0.5612,1.012851
0.5200,0.2533,-0.4684,1.015023
0.5200,0.2533,-0.3701,1.018690
0.5200,0.2533,-0.2675,1.024750
0.5200,0.2533,-0.1618,1.039551
0.5200,0.2533,-0.0541,1.124940
0.5200,0.2533,0.0541,0.760090
0.5200,0.2533,0.1618,0.896733
0.5200,0.2533,0.2675,0.931614
0.5200,0.2533,0.3701,0.949175
0.5200,0.2533,0.4684,0.960128
0.5200,0.2533,0.5612,0.966600
0.5200,0.2533,0.6474,0.970291
0.5200,0.2533,0.7260,0.975051
0.5200,0.2533,0.7961,0.977531
0.5200,0.2533,0.8569,0.979988
0.5200,0.2533,0.9076,0.982448
0.5200,0.2533,0.9477,0.984888
0.5200,0.2533,0.9766,0.985591
0.5200,0.2533,0.9941,0.987429
0.5200,0.2533,1.0000,0.988668
0.5200,0.3067,-1.0000,1.007021
0.5200,0.3067,-0.9941,1.007594
0.5200,0.3067,-0.9766,1.008141
0.5200,0.3067,-0.9477,1.008858
0.5200,0.3067,-0.9076,1.009569
0.5200,0.3067,-0.8569,1.010262
0.5200,0.3067,-0.7961,1.011213
0.5200,0.3067,-0.7260,1.012359
0.5200,0.3067,-0.6474,1.013904
0.5200,0.3067,-0.5612,1.015823
0.5200,0.3067,-0.4684,1.018639
0.5200,0.3067,-0.3701,1.023002
0.5200,0.3067,-0.2675,1.030719
0.5200,0.3067,-0.1618,1.049227
0.5200,0.3067,-0.0541,1.161551
0.5200,0.3067,0.0541,0.716806
0.5200,0.3067,0.1618,0.875586
0.5200,0.3067,0.2675,0.922937
0.5200,0.3067,0.3701,0.940833
0.5200,0.3067,0.4684,0.951481
0.5200,0.3067,0.5612,0.958287
0.5200,0.3067,0.6474,0.964612
0.5200,0.3067,0.7260,0.969340
0.5200,0.3067,0.7961,0.973009
0.5200,0.3067,0.8569,0.975942
0.5200,0.3067,0.9076,0.978792
0.5200,0.3067,0.9477,0.980766
0.5200,0.3067,0.9766,0.982220
0.5200,0.3067,0.9941,0.984091
0.5200,0.3067,1.0000,0.986110
0.5200,0.3600,-1.0000,1.009408
0.5200,0.3600,-0.9941,1.010077
0.5200,0.3600,-0.9766,1.010713
0.5200,0.3600,-0.9477,1.011559
0.5200,0.3600,-0.9076,1.012552
0.5200,0.3600,-0.8569,1.013708
0.5200,0.3600,-0.7961,1.014972
0.5200,0.3600,-0.7260,1.016508
0.5200,0.3600,-0.6474,1.018533
0.5200,0.3600,-0.5612,1.021188
0.5200,0.3600,-0.4684,1.024851
0.5200,0.3600,-0.3701,1.030836
0.5200,0.3600,-0.2675,1.041397
0.5200,0.3600,-0.1618,1.067484
0.5200,0.3600,-0.0541,1.240263
0.5200,0.3600,0.0541,0.676318
0.5200,0.3600,0.1618,0.845030
0.5200,0.3600,0.2675,0.898441
0.5200,0.3600,0.3701,0.923040
0.5200,0.3600,0.4684,0.938776
0.5200,0.3600,0.5612,0.948289
0.5200,0.3600,0.6474,0.956211
0.5200,0.3600,0.7260,0.962046
0.5200,0.3600,0.7961,0.966587
0.5200,0.3600,0.8569,0.969232
0.5200,0.3600,0.9076,0.974309
0.5200,0.3600,0.9477,0.977450
0.5200,0.3600,0.9766,0.979960
0.5200,0.3600,0.9941,0.981178
0.5200,0.3600,1.0000,0.982475
0.5200,0.4133,-1.0000,1.014597
0.5200,0.4133,-0.9941,1.015664
0.5200,0.4133,-0.9766,1.016919
0.5200,0.4133,-0.9477,1.017911
0.5200,0.4133,-0.9076,1.019615
0.5200,0.4133,-0.8569,1.021435
0.5200,0.4133,-0.7961,1.023471
0.5200,0.4133,-0.7260,1.025929
0.5200,0.4133,-0.6474,1.028922
0.5200,0.4133,-0.5612,1.033311
0.5200,0.4133,-0.4684,1.039518
0.5200,0.4133,-0.3701,1.048987
0.5200,0.4133,-0.2675,1.066702
0.5200,0.4133,-0.1618,1.112396
0.5200,0.4133,-0.0541,1.440982
0.5200,0.4133,0.0541,0.598474
0.5200,0.4133,0.1618,0.800321
0.5200,0.4133,0.2675,0.864096
0.5200,0.4133,0.3701,0.894949
0.5200,0.4133,0.4684,0.914483
0.5200,0.4133,0.5612,0.926002
0.5200,0.4133,0.6474,0.936838
0.5200,0.4133,0.7260,0.945267
0.5200,0.4133,0.7961,0.951441
0.5200,0.4133,0.8569,0.958442
0.5200,0.4133,0.9076,0.962579
0.5200,0.4133,0.9477,0.967912
0.5200,0.4133,0.9766,0.970520
0.5200,0.4133,0.9941,0.973953
0.5200,0.4133,1.0000,0.977423
0.5200,0.4667,-1.0000,1.034443
0.5200,0.4667,-0.9941,1.037516
0.5200,0.4667,-0.9766,1.039740
0.5200,0.4667,-0.9477,1.042772
0.5200,0.4667,-0.9076,1.046798
0.5200,0.4667,-0.8569,1.051182
0.5200,0.4667,-0.7961,1.056225
0.5200,0.4667,-0.7260,1.061903
0.5200,0.4667,-0.6474,1.070696
0.5200,0.4667,-0.5612,1.082263
0.5200,0.4667,-0.4684,1.098852
0.5200,0.4667,-0.3701,1.126234
0.5200,0.4667,-0.2675,1.181724
0.5200,0.4667,-0.1618,1.366289
0.5200,0.4667,-0.0541,1.293218
0.5200,0.4667,0.0541,0.453640
0.5200,0.4667,0.1618,0.687275
0.5200,0.4667,0.2675,0.781102
0.5200,0.4667,0.3701,0.827006
0.5200,0.4667,0.4684,0.855079
0.5200,0.4667,0.5612,0.878602
0.5200,0.4667,0.6474,0.895841
0.5200,0.4667,0.7260,0.909124
0.5200,0.4667,0.7961,0.919681
0.5200,0.4667,0.8569,0.929597
0.5200,0.4667,0.9076,0.939072
0.5200,0.4667,0.9477,0.946256
0.5200,0.4667,0.9766,0.949143
0.5200,0.4667,0.9941,0.954634
0.5200,0.4667,1.0000,0.958939
0.5200,0.5200,-1.0000,0.549792
0.5200,0.5200,-0.9941,0.706428
0.5200,0.5200,-0.9766,0.775341
0.5200,0.5200,-0.9477,0.813596
0.5200,0.5200,-0.9076,0.832698
0.5200,0.5200,-0.8569,0.851862
0.5200,0.5200,-0.7961,0.867742
0.5200,0.5200,-0.7260,0.882107
0.5200,0.5200,-0.6474,0.881703
0.5200,0.5200,-0.5612,0.889732
0.5200,0.5200,-0.4684,0.892995
0.5200,0.5200,-0.3701,0.893116
0.5200,0.5200,-0.2675,0.889487
0.5200,0.5200,-0.1618,0.895465
0.5200,0.5200,-0.0541,0.902344
0.5200,0.5200,0.0541,0.906205
0.5200,0.5200,0.1618,0.903654
0.5200,0.5200,0.2675,0.891380
0.5200,0.5200,0.3701,0.896201
0.5200,0.5200,0.4684,0.892496
0.5200,0.5200,0.5612,0.887749
0.5200,0.5200,0.6474,0.891876
0.5200,0.5200,0.7260,0.895269
0.5200,0.5200,0.7961,0.896037
0.5200,0.5200,0.8569,0.906020
0.5200,0.5200,0.9076,0.904161
0.5200,0.5200,0.9477,0.917160
0.5200,0.5200,0.9766,0.915540
0.5200,0.5200,0.9941,0.915138
0.5200,0.5200,1.0000,0.913256
0.5733,0.2000,-1.0000,1.003574
0.5733,0.2000,-0.9941,1.003874
0.5733,0.2000,-0.9766,1.004096
0.5733,0.2000,-0.9477,1.004500
0.5733,0.2000,-0.9076,1.004894
0.5733,0.2000,-0.8569,1.005191
0.5733,0.2000,-0.7961,1.005693
0.5733,0.2000,-0.7260,1.006237
0.5733,0.2000,-0.6474,1.006947
0.5733,0.2000,-0.5612,1.007870
0.5733,0.2000,-0.4684,1.009200
0.5733,0.2000,-0.3701,1.011200
0.5733,0.2000,-0.2675,1.014895
0.5733,0.2000,-0.1618,1.023263
0.5733,0.2000,-0.0541,1.068787
0.5733,0.2000,0.0541,0.802877
0.5733,0.2000,0.1618,0.918035
0.5733,0.2000,0.2675,0.947019
0.5733,0.2000,0.3701,0.961454
0.5733,0.2000,0.4684,0.969987
0.5733,0.2000,0.5612,0.975022
0.5733,0.2000,0.6474,0.977882
0.5733,0.2000,0.7260,0.980850
0.5733,0.2000,0.7961,0.982238
0.5733,0.2000,0.8569,0.984519
0.5733,0.2000,0.9076,0.986317
0.5733,0.2000,0.9477,0.987906
0.5733,0.2000,0.9766,0.989403
0.5733,0.2000,0.9941,0.990448
0.5733,0.2000,1.0000,0.990922
0.5733,0.2533,-1.0000,1.003955
0.5733,0.2533,-0.9941,1.004226
0.5733,0.2533,-0.9766,1.004567
0.5733,0.2533,-0.9477,1.005016
0.5733,0.2533,-0.9076,1.005446
0.5733,0.2533,-0.8569,1.005832
0.5733,0.2533,-0.7961,1.006289
0.5733,0.2533,-0.7260,1.006997
0.5733,0.2533,-0.6474,1.007810
0.5733,0.2533,-0.5612,1.008825
0.5733,0.2533,-0.4684,1.010251
0.5733,0.2533,-0.3701,1.012721
0.5733,0.2533,-0.2675,1.016711
0.5733,0.2533,-0.1618,1.026359
0.5733,0.2533,-0.0541,1.078406
0.5733,0.2533,0.0541,0.782255
0.5733,0.2533,0.1618,0.908985
0.5733,0.2533,0.2675,0.941205
0.5733,0.2533,0.3701,0.956194
0.5733,0.2533,0.4684,0.964831
0.5733,0.2533,0.5612,0.971174
0.5733,0.2533,0.6474,0.975243
0.5733,0.2533,0.7260,0.977401
0.5733,0.2533,0.7961,0.980056
0.5733,0.2533,0.8569,0.981556
0.5733,0.2533,0.9076,0.983794
0.5733,0.2533,0.9477,0.985602
0.5733,0.2533,0.9766,0.986577
0.5733,0.2533,0.9941,0.988187
0.5733,0.2533,1.0000,0.989281
0.5733,0.3067,-1.0000,1.004513
0.5733,0.3067,-0.9941,1.004962
0.5733,0.3067,-0.9766,1.005365
0.5733,0.3067,-0.9477,1.005793
0.5733,0.3067,-0.9076,1.006309
0.5733,0.3067,-0.8569,1.006674
0.5733,0.3067,-0.7961,1.007310
0.5733,0.3067,-0.7260,1.008098
0.5733,0.3067,-0.6474,1.009003
0.5733,0.3067,-0.5612,1.010222
0.5733,0.3067,-0.4684,1.012017
0.5733,0.3067,-0.3701,1.014649
0.5733,0.3067,-0.2675,1.019390
0.5733,0.3067,-0.1618,1.030581
0.5733,0.3067,-0.0541,1.091926
0.5733,0.3067,0.0541,0.757116
0.5733,0.3067,0.1618,0.895716
0.5733,0.3067,0.2675,0.932909
0.5733,0.3067,0.3701,0.951224
0.5733,0.3067,0.4684,0.958403
0.5733,0.3067,0.5612,0.965714
0.5733,0.3067,0.6474,0.971068
0.5733,0.3067,0.7260,0.975119
0.5733,0.3067,0.7961,0.977506
0.5733,0.3067,0.8569,0.979835
0.5733,0.3067,0.9076,0.982162
0.5733,0.3067,0.9477,0.984252
0.5733,0.3067,0.9766,0.985320
0.5733,0.3067,0.9941,0.986878
0.5733,0.3067,1.0000,0.987581
0.5733,0.3600,-1.0000,1.005496
0.5733,0.3600,-0.9941,1.005916
0.5733,0.3600,-0.9766,1.006430
0.5733,0.3600,-0.9477,1.006879
0.5733,0.3600,-0.9076,1.007455
0.5733,0.3600,-0.8569,1.008108
0.5733,0.3600,-0.7961,1.008844
0.5733,0.3600,-0.7260,1.009800
0.5733,0.3600,-0.6474,1.010950
0.5733,0.3600,-0.5612,1.012401
0.5733,0.3600,-0.4684,1.014480
0.5733,0.3600,-0.3701,1.017875
0.5733,0.3600,-0.2675,1.023505
0.5733,0.3600,-0.1618,1.037170
0.5733,0.3600,-0.0541,1.115117
0.5733,0.3600,0.0541,0.728599
0.5733,0.3600,0.1618,0.878954
0.5733,0.3600,0.2675,0.917982
0.5733,0.3600,0.3701,0.937285
0.5733,0.3600,0.4684,0.949547
0.5733,0.3600,0.5612,0.958409
0.5733,0.3600,0.6474,0.963970
0.5733,0.3600,0.7260,0.968644
0.5733,0.3600,0.7961,0.972267
0.5733,0.3600,0.8569,0.975081
0.5733,0.3600,0.9076,0.978407
0.5733,0.3600,0.9477,0.980256
0.5733,0.3600,0.9766,0.981588
0.5733,0.3600,0.9941,0.983425
0.5733,0.3600,1.0000,0.985337
0.5733,0.4133,-1.0000,1.007139
0.5733,0.4133,-0.9941,1.007644
0.5733,0.4133,-0.9766,1.008344
0.5733,0.4133,-0.9477,1.008824
0.5733,0.4133,-0.9076,1.009679
0.5733,0.4133,-0.8569,1.010569
0.5733,0.4133,-0.7961,1.011586
0.5733,0.4133,-0.7260,1.012786
0.5733,0.4133,-0.6474,1.014224
0.5733,0.4133,-0.5612,1.016169
0.5733,0.4133,-0.4684,1.018929
0.5733,0.4133,-0.3701,1.023224
0.5733,0.4133,-0.2675,1.030998
0.5733,0.4133,-0.1618,1.049554
0.5733,0.4133,-0.0541,1.161033
0.5733,0.4133,0.0541,0.668231
0.5733,0.4133,0.1618,0.845274
0.5733,0.4133,0.2675,0.896173
0.5733,0.4133,0.3701,0.921528
0.5733,0.4133,0.4684,0.934289
0.5733,0.4133,0.5612,0.943928
0.5733,0.4133,0.6474,0.950708
0.5733,0.4133,0.7260,0.957089
0.5733,0.4133,0.7961,0.961677
0.5733,0.4133,0.8569,0.966322
0.5733,0.4133,0.9076,0.970349
0.5733,0.4133,0.9477,0.973602
0.5733,0.4133,0.9766,0.976858
0.5733,0.4133,0.9941,0.980144
0.5733,0.4133,1.0000,0.981418
0.5733,0.4667,-1.0000,1.010519
0.5733,0.4667,-0.9941,1.011818
0.5733,0.4667,-0.9766,1.012261
0.5733,0.4667,-0.9477,1.013506
0.5733,0.4667,-0.9076,1.014583
0.5733,0.4667,-0.8569,1.015958
0.5733,0.4667,-0.7961,1.017598
0.5733,0.4667,-0.7260,1.019043
0.5733,0.4667,-0.6474,1.021622
0.5733,0.4667,-0.5612,1.024700
0.5733,0.4667,-0.4684,1.028898
0.5733,0.4667,-0.3701,1.035431
0.5733,0.4667,-0.2675,1.048005
0.5733,0.4667,-0.1618,1.079038
0.5733,0.4667,-0.0541,1.297407
0.5733,0.4667,0.0541,0.593694
0.5733,0.4667,0.1618,0.789004
0.5733,0.4667,0.2675,0.852467
0.5733,0.4667,0.3701,0.884956
0.5733,0.4667,0.4684,0.910159
0.5733,0.4667,0.5612,0.925381
0.5733,0.4667,0.6474,0.935940
0.5733,0.4667,0.7260,0.943906
0.5733,0.4667,0.7961,0.950127
0.5733,0.4667,0.8569,0.956033
0.5733,0.4667,0.9076,0.960675
0.5733,0.4667,0.9477,0.963349
0.5733,0.4667,0.9766,0.965850
0.5733,0.4667,0.9941,0.968258
0.5733,0.4667,1.0000,0.974215
0.5733,0.5200,-1.0000,1.023811
0.5733,0.5200,-0.9941,1.025467
0.5733,0.5200,-0.9766,1.027370
0.5733,0.5200,-0.9477,1.029845
0.5733,0.5200,-0.9076,1.032523
0.5733,0.5200,-0.8569,1.035634
0.5733,0.5200,-0.7961,1.039117
0.5733,0.5200,-0.7260,1.042947
0.5733,0.5200,-0.6474,1.048677
0.5733,0.5200,-0.5612,1.055872
0.5733,0.5200,-0.4684,1.066449
0.5733,0.5200,-0.3701,1.083857
0.5733,0.5200,-0.2675,1.116319
0.5733,0.5200,-0.1618,1.208683
0.5733,0.5200,-0.0541,1.289322
0.5733,0.5200,0.0541,0.466377
0.5733,0.5200,0.1618,0.690394
0.5733,0.5200,0.2675,0.767895
0.5733,0.5200,0.3701,0.823801
0.5733,0.5200,0.4684,0.850406
0.5733,0.5200,0.5612,0.869718
0.5733,0.5200,0.6474,0.886936
0.5733,0.5200,0.7260,0.902452
0.5733,0.5200,0.7961,0.912798
0.5733,0.5200,0.8569,0.925053
0.5733,0.5200,0.9076,0.931288
0.5733,0.5200,0.9477,0.938998
0.5733,0.5200,0.9766,0.949046
0.5733,0.5200,0.9941,0.954338
0.5733,0.5200,1.0000,0.957117
0.5733,0.5733,-1.0000,0.595007
0.5733,0.5733,-0.9941,0.704556
0.5733,0.5733,-0.9766,0.762260
0.5733,0.5733,-0.9477,0.782234
0.5733,0.5733,-0.9076,0.807899
0.5733,0.5733,-0.8569,0.827400
0.5733,0.5733,-0.7961,0.840164
0.5733,0.5733,-0.7260,0.849600
0.5733,0.5733,-0.6474,0.854217
0.5733,0.5733,-0.5612,0.857559
0.5733,0.5733,-0.4684,0.862282
0.5733,0.5733,-0.3701,0.862293
0.5733,0.5733,-0.2675,0.869358
0.5733,0.5733,-0.1618,0.871728
0.5733,0.5733,-0.0541,0.869495
0.5733,0.5733,0.0541,0.862614
0.5733,0.5733,0.1618,0.844331
0.5733,0.5733,0.2675,0.849521
0.5733,0.5733,0.3701,0.848029
0.5733,0.5733,0.4684,0.844702
0.5733,0.5733,0.5612,0.846462
0.5733,0.5733,0.6474,0.849039
0.5733,0.5733,0.7260,0.849835
0.5733,0.5733,0.7961,0.858745
0.5733,0.5733,0.8569,0.858207
0.5733,0.5733,0.9076,0.859557
0.5733,0.5733,0.9477,0.857781
0.5733,0.5733,0.9766,0.863626
0.5733,0.5733,0.9941,0.872302
0.5733,0.5733,1.0000,0.890857
0.6267,0.2000,-1.0000,1.002756
0.6267,0.2000,-0.9941,1.002912
0.6267,0.2000,-0.9766,1.003198
0.6267,0.2000,-0.9477,1.003505
0.6267,0.2000,-0.9076,1.003811
0.6267,0.2000,-0.8569,1.004014
0.6267,0.2000,-0.7961,1.004436
0.6267,0.2000,-0.7260,1.004801
0.6267,0.2000,-0.6474,1.005314
0.6267,0.2000,-0.5612,1.006003
0.6267,0.2000,-0.4684,1.006996
0.6267,0.2000,-0.3701,1.008452
0.6267,0.2000,-0.2675,1.011209
0.6267,0.2000,-0.1618,1.017212
0.6267,0.2000,-0.0541,1.049276
0.6267,0.2000,0.0541,0.813470
0.6267,0.2000,0.1618,0.924698
0.6267,0.2000,0.2675,0.951294
0.6267,0.2000,0.3701,0.964767
0.6267,0.2000,0.4684,0.971650
0.6267,0.2000,0.5612,0.976327
0.6267,0.2000,0.6474,0.979548
0.6267,0.2000,0.7260,0.981853
0.6267,0.2000,0.7961,0.983975
0.6267,0.2000,0.8569,0.986011
0.6267,0.2000,0.9076,0.987242
0.6267,0.2000,0.9477,0.988330
0.6267,0.2000,0.9766,0.990049
0.6267,0.2000,0.9941,0.990964
0.6267,0.2000,1.0000,0.991418
0.6267,0.2533,-1.0000,1.002897
0.6267,0.2533,-0.9941,1.003144
0.6267,0.2533,-0.9766,1.003507
0.6267,0.2533,-0.9477,1.003795
0.6267,0.2533,-0.9076,1.004100
0.6267,0.2533,-0.8569,1.004369
0.6267,0.2533,-0.7961,1.004795
0.6267,0.2533,-0.7260,1.005223
0.6267,0.2533,-0.6474,1.005813
0.6267,0.2533,-0.5612,1.006537
0.6267,0.2533,-0.4684,1.007616
0.6267,0.2533,-0.3701,1.009341
0.6267,0.2533,-0.2675,1.012211
0.6267,0.2533,-0.1618,1.018910
0.6267,0.2533,-0.0541,1.054640
0.6267,0.2533,0.0541,0.799294
0.6267,0.2533,0.1618,0.915816
0.6267,0.2533,0.2675,0.945315
0.6267,0.2533,0.3701,0.960225
0.6267,0.2533,0.4684,0.968839
0.6267,0.2533,0.5612,0.973858
0.6267,0.2533,0.6474,0.976258
0.6267,0.2533,0.7260,0.979347
0.6267,0.2533,0.7961,0.981787
0.6267,0.2533,0.8569,0.983682
0.6267,0.2533,0.9076,0.985128
0.6267,0.2533,0.9477,0.986712
0.6267,0.2533,0.9766,0.987617
0.6267,0.2533,0.9941,0.989109
0.6267,0.2533,1.0000,0.990678
0.6267,0.3067,-1.0000,1.003271
0.6267,0.3067,-0.9941,1.003527
0.6267,0.3067,-0.9766,1.003858
0.6267,0.3067,-0.9477,1.004161
0.6267,0.3067,-0.9076,1.004516
0.6267,0.3067,-0.8569,1.004785
0.6267,0.3067,-0.7961,1.005345
0.6267,0.3067,-0.7260,1.005831
0.6267,0.3067,-0.6474,1.006463
0.6267,0.3067,-0.5612,1.007270
0.6267,0.3067,-0.4684,1.008601
0.6267,0.3067,-0.3701,1.010386
0.6267,0.3067,-0.2675,1.013659
0.6267,0.3067,-0.1618,1.020959
0.6267,0.3067,-0.0541,1.061213
0.6267,0.3067,0.0541,0.778300
0.6267,0.3067,0.1618,0.906499
0.6267,0.3067,0.2675,0.940192
0.6267,0.3067,0.3701,0.954560
0.6267,0.3067,0.4684,0.964469
0.6267,0.3067,0.5612,0.968867
0.6267,0.3067,0.6474,0.973514
0.6267,0.3067,0.7260,0.976948
0.6267,0.3067,0.7961,0.979602
0.6267,0.3067,0.8569,0.981715
0.6267,0.3067,0.9076,0.983203
0.6267,0.3067,0.9477,0.984646
0.6267,0.3067,0.9766,0.985663
0.6267,0.3067,0.9941,0.986929
0.6267,0.3067,1.0000,0.988123
0.6267,0.3600,-1.0000,1.003725
0.6267,0.3600,-0.9941,1.004080
0.6267,0.3600,-0.9766,1.004369
0.6267,0.3600,-0.9477,1.004608
0.6267,0.3600,-0.9076,1.005095
0.6267,0.3600,-0.8569,1.005526
0.6267,0.3600,-0.7961,1.006069
0.6267,0.3600,-0.7260,1.006659
0.6267,0.3600,-0.6474,1.007410
0.6267,0.3600,-0.5612,1.008387
0.6267,0.3600,-0.4684,1.009676
0.6267,0.3600,-0.3701,1.011873
0.6267,0.3600,-0.2675,1.015496
0.6267,0.3600,-0.1618,1.023946
0.6267,0.3600,-0.0541,1.070878
0.6267,0.3600,0.0541,0.758812
0.6267,0.3600,0.1618,0.895816
0.6267,0.3600,0.2675,0.929798
0.6267,0.3600,0.3701,0.947538
0.6267,0.3600,0.4684,0.956121
0.6267,0.3600,0.5612,0.961758
0.6267,0.3600,0.6474,0.967325
0.6267,0.3600,0.7260,0.971470
0.6267,0.3600,0.7961,0.974677
0.6267,0.3600,0.8569,0.977158
0.6267,0.3600,0.9076,0.979498
0.6267,0.3600,0.9477,0.981782
0.6267,0.3600,0.9766,0.983636
0.6267,0.3600,0.9941,0.985568
0.6267,0.3600,1.0000,0.987387
0.6267,0.4133,-1.0000,1.004448
0.6267,0.4133,-0.9941,1.004757
0.6267,0.4133,-0.9766,1.005080
0.6267,0.4133,-0.9477,1.005505
0.6267,0.4133,-0.9076,1.006034
0.6267,0.4133,-0.8569,1.006553
0.6267,0.4133,-0.7961,1.007304
0.6267,0.4133,-0.7260,1.007980
0.6267,0.4133,-0.6474,1.008761
0.6267,0.4133,-0.5612,1.009970
0.6267,0.4133,-0.4684,1.011563
0.6267,0.4133,-0.3701,1.014146
0.6267,0.4133,-0.2675,1.018429
0.6267,0.4133,-0.1618,1.029062
0.6267,0.4133,-0.0541,1.086003
0.6267,0.4133,0.0541,0.713947
0.6267,0.4133,0.1618,0.866852
0.6267,0.4133,0.2675,0.913579
0.6267,0.4133,0.3701,0.933990
0.6267,0.4133,0.4684,0.944618
0.6267,0.4133,0.5612,0.954064
0.6267,0.4133,0.6474,0.960661
0.6267,0.4133,0.7260,0.965709
0.6267,0.4133,0.7961,0.969351
0.6267,0.4133,0.8569,0.973014
0.6267,0.4133,0.9076,0.975381
0.6267,0.4133,0.9477,0.977374
0.6267,0.4133,0.9766,0.980213
0.6267,0.4133,0.9941,0.982115
0.6267,0.4133,1.0000,0.984236
0.6267,0.4667,-1.0000,1.005509
0.6267,0.4667,-0.9941,1.006050
0.6267,0.4667,-0.9766,1.006577
0.6267,0.4667,-0.9477,1.007094
0.6267,0.4667,-0.9076,1.007725
0.6267,0.4667,-0.8569,1.008516
0.6267,0.4667,-0.7961,1.009305
0.6267,0.4667,-0.7260,1.010107
0.6267,0.4667,-0.6474,1.011288
0.6267,0.4667,-0.5612,1.012781
0.6267,0.4667,-0.4684,1.014903
0.6267,0.4667,-0.3701,1.017965
0.6267,0.4667,-0.2675,1.023709
0.6267,0.4667,-0.1618,1.037713
0.6267,0.4667,-0.0541,1.115664
0.6267,0.4667,0.0541,0.655045
0.6267,0.4667,0.1618,0.835341
0.6267,0.4667,0.2675,0.887208
0.6267,0.4667,0.3701,0.909344
0.6267,0.4667,0.4684,0.925757
0.6267,0.4667,0.5612,0.935724
0.6267,0.4667,0.6474,0.944566
0.6267,0.4667,0.7260,0.951199
0.6267,0.4667,0.7961,0.956354
0.6267,0.4667,0.8569,0.961398
0.6267,0.4667,0.9076,0.965603
0.6267,0.4667,0.9477,0.969249
0.6267,0.4667,0.9766,0.973143
0.6267,0.4667,0.9941,0.976121
0.6267,0.4667,1.0000,0.978181
0.6267,0.5200,-1.0000,1.008211
0.6267,0.5200,-0.9941,1.008681
0.6267,0.5200,-0.9766,1.009582
0.6267,0.5200,-0.9477,1.010460
0.6267,0.5200,-0.9076,1.011245
0.6267,0.5200,-0.8569,1.012450
0.6267,0.5200,-0.7961,1.013432
0.6267,0.5200,-0.7260,1.014758
0.6267,0.5200,-0.6474,1.016629
0.6267,0.5200,-0.5612,1.018807
0.6267,0.5200,-0.4684,1.021922
0.6267,0.5200,-0.3701,1.026778
0.6267,0.5200,-0.2675,1.035771
0.6267,0.5200,-0.1618,1.057392
0.6267,0.5200,-0.0541,1.189250
0.6267,0.5200,0.0541,0.574741
0.6267,0.5200,0.1618,0.780010
0.6267,0.5200,0.2675,0.844035
0.6267,0.5200,0.3701,0.881539
0.6267,0.5200,0.4684,0.902015
0.6267,0.5200,0.5612,0.917513
0.6267,0.5200,0.6474,0.928687
0.6267,0.5200,0.7260,0.938649
0.6267,0.5200,0.7961,0.945116
0.6267,0.5200,0.8569,0.951542
0.6267,0.5200,0.9076,0.955447
0.6267,0.5200,0.9477,0.959334
0.6267,0.5200,0.9766,0.963178
0.6267,0.5200,0.9941,0.966198
0.6267,0.5200,1.0000,0.967855
0.6267,0.5733,-1.0000,1.016539
0.6267,0.5733,-0.9941,1.018127
0.6267,0.5733,-0.9766,1.019910
0.6267,0.5733,-0.9477,1.021718
0.6267,0.5733,-0.9076,1.023231
0.6267,0.5733,-0.8569,1.026031
0.6267,0.5733,-0.7961,1.028435
0.6267,0.5733,-0.7260,1.031091
0.6267,0.5733,-0.6474,1.034893
0.6267,0.5733,-0.5612,1.040038
0.6267,0.5733,-0.4684,1.047413
0.6267,0.5733,-0.3701,1.058968
0.6267,0.5733,-0.2675,1.080524
0.6267,0.5733,-0.1618,1.134583
0.6267,0.5733,-0.0541,1.257523
0.6267,0.5733,0.0541,0.441904
0.6267,0.5733,0.1618,0.656530
0.6267,0.5733,0.2675,0.754872
0.6267,0.5733,0.3701,0.803755
0.6267,0.5733,0.4684,0.838208
0.6267,0.5733,0.5612,0.854499
0.6267,0.5733,0.6474,0.868992
0.6267,0.5733,0.7260,0.883082
0.6267,0.5733,0.7961,0.900797
0.6267,0.5733,0.8569,0.914166
0.6267,0.5733,0.9076,0.919712
0.6267,0.5733,0.9477,0.928455
0.6267,0.5733,0.9766,0.938913
0.6267,0.5733,0.9941,0.947119
0.6267,0.5733,1.0000,0.952163
0.6267,0.6267,-1.0000,0.671063
0.6267,0.6267,-0.9941,0.707960
0.6267,0.6267,-0.9766,0.742814
0.6267,0.6267,-0.9477,0.772705
0.6267,0.6267,-0.9076,0.792749
0.6267,0.6267,-0.8569,0.807873
0.6267,0.6267,-0.7961,0.817229
0.6267,0.6267,-0.7260,0.822526
0.6267,0.6267,-0.6474,0.831833
0.6267,0.6267,-0.5612,0.834697
0.6267,0.6267,-0.4684,0.836489
0.6267,0.6267,-0.3701,0.840695
0.6267,0.6267,-0.2675,0.838659
0.6267,0.6267,-0.1618,0.819389
0.6267,0.6267,-0.0541,0.825512
0.6267,0.6267,0.0541,0.833692
0.6267,0.6267,0.1618,0.823943
0.6267,0.6267,0.2675,0.810154
0.6267,0.6267,0.3701,0.813991
0.6267,0.6267,0.4684,0.821954
0.6267,0.6267,0.5612,0.824396
0.6267,0.6267,0.6474,0.825707
0.6267,0.6267,0.7260,0.826804
0.6267,0.6267,0.7961,0.829493
0.6267,0.6267,0.8569,0.832852
0.6267,0.6267,0.9076,0.837398
0.6267,0.6267,0.9477,0.832087
0.6267,0.6267,0.9766,0.840452
0.6267,0.6267,0.9941,0.833405
0.6267,0.6267,1.0000,0.845948
0.6800,0.2000,-1.0000,1.002217
0.6800,0.2000,-0.9941,1.002327
0.6800,0.2000,-0.9766,1.002603
0.6800,0.2000,-0.9477,1.002797
0.6800,0.2000,-0.9076,1.003090
0.6800,0.2000,-0.8569,1.003325
0.6800,0.2000,-0.7961,1.003586
0.6800,0.2000,-0.7260,1.003854
0.6800,0.2000,-0.6474,1.004277
0.6800,0.2000,-0.5612,1.004830
0.6800,0.2000,-0.4684,1.005557
0.6800,0.2000,-0.3701,1.006679
0.6800,0.2000,-0.2675,1.008793
0.6800,0.2000,-0.1618,1.013403
0.6800,0.2000,-0.0541,1.037191
0.6800,0.2000,0.0541,0.818643
0.6800,0.2000,0.1618,0.928294
0.6800,0.2000,0.2675,0.953700
0.6800,0.2000,0.3701,0.966278
0.6800,0.2000,0.4684,0.973603
0.6800,0.2000,0.5612,0.977937
0.6800,0.2000,0.6474,0.980429
0.6800,0.2000,0.7260,0.982449
0.6800,0.2000,0.7961,0.984512
0.6800,0.2000,0.8569,0.986454
0.6800,0.2000,0.9076,0.987978
0.6800,0.2000,0.9477,0.988985
0.6800,0.2000,0.9766,0.990263
0.6800,0.2000,0.9941,0.991168
0.6800,0.2000,1.0000,0.991885
0.6800,0.2533,-1.0000,1.002236
0.6800,0.2533,-0.9941,1.002470
0.6800,0.2533,-0.9766,1.002774
0.6800,0.2533,-0.9477,1.003014
0.6800,0.2533,-0.9076,1.003247
0.6800,0.2533,-0.8569,1.003519
0.6800,0.2533,-0.7961,1.003795
0.6800,0.2533,-0.7260,1.004100
0.6800,0.2533,-0.6474,1.004559
0.6800,0.2533,-0.5612,1.005150
0.6800,0.2533,-0.4684,1.005937
0.6800,0.2533,-0.3701,1.007226
0.6800,0.2533,-0.2675,1.009358
0.6800,0.2533,-0.1618,1.014378
0.6800,0.2533,-0.0541,1.040561
0.6800,0.2533,0.0541,0.808891
0.6800,0.2533,0.1618,0.921973
0.6800,0.2533,0.2675,0.949497
0.6800,0.2533,0.3701,0.962328
0.6800,0.2533,0.4684,0.970351
0.6800,0.2533,0.5612,0.975304
0.6800,0.2533,0.6474,0.978610
0.6800,0.2533,0.7260,0.981389
0.6800,0.2533,0.7961,0.983533
0.6800,0.2533,0.8569,0.984776
0.6800,0.2533,0.9076,0.986534
0.6800,0.2533,0.9477,0.987993
0.6800,0.2533,0.9766,0.989142
0.6800,0.2533,0.9941,0.990361
0.6800,0.2533,1.0000,0.991213
0.6800,0.3067,-1.0000,1.002484
0.6800,0.3067,-0.9941,1.002745
0.6800,0.3067,-0.9766,1.002992
0.6800,0.3067,-0.9477,1.003270
0.6800,0.3067,-0.9076,1.003480
0.6800,0.3067,-0.8569,1.003731
0.6800,0.3067,-0.7961,1.004112
0.6800,0.3067,-0.7260,1.004465
0.6800,0.3067,-0.6474,1.004931
0.6800,0.3067,-0.5612,1.005533
0.6800,0.3067,-0.4684,1.006516
0.6800,0.3067,-0.3701,1.007808
0.6800,0.3067,-0.2675,1.010199
0.6800,0.3067,-0.1618,1.015501
0.6800,0.3067,-0.0541,1.043877
0.6800,0.3067,0.0541,0.790010
0.6800,0.3067,0.1618,0.914271
0.6800,0.3067,0.2675,0.945159
0.6800,0.3067,0.3701,0.958492
0.6800,0.3067,0.4684,0.966118
0.6800,0.3067,0.5612,0.972784
0.6800,0.3067,0.6474,0.976221
0.6800,0.3067,0.7260,0.978211
0.6800,0.3067,0.7961,0.980674
0.6800,0.3067,0.8569,0.982633
0.6800,0.3067,0.9076,0.984561
0.6800,0.3067,0.9477,0.986638
0.6800,0.3067,0.9766,0.987175
0.6800,0.3067,0.9941,0.987980
0.6800,0.3067,1.0000,0.989367
0.6800,0.3600,-1.0000,1.002727
0.6800,0.3600,-0.9941,1.003021
0.6800,0.3600,-0.9766,1.003271
0.6800,0.3600,-0.9477,1.003535
0.6800,0.3600,-0.9076,1.003798
0.6800,0.3600,-0.8569,1.004123
0.6800,0.3600,-0.7961,1.004526
0.6800,0.3600,-0.7260,1.004934
0.6800,0.3600,-0.6474,1.005434
0.6800,0.3600,-0.5612,1.006136
0.6800,0.3600,-0.4684,1.007126
0.6800,0.3600,-0.3701,1.008635
0.6800,0.3600,-0.2675,1.011118
0.6800,0.3600,-0.1618,1.016949
0.6800,0.3600,-0.0541,1.047848
0.6800,0.3600,0.0541,0.774357
0.6800,0.3600,0.1618,0.903846
0.6800,0.3600,0.2675,0.938132
0.6800,0.3600,0.3701,0.953030
0.6800,0.3600,0.4684,0.961626
0.6800,0.3600,0.5612,0.967476
0.6800,0.3600,0.6474,0.971338
0.6800,0.3600,0.7260,0.974241
0.6800,0.3600,0.7961,0.977105
0.6800,0.3600,0.8569,0.979922
0.6800,0.3600,0.9076,0.982603
0.6800,0.3600,0.9477,0.984004
0.6800,0.3600,0.9766,0.985515
0.6800,0.3600,0.9941,0.986897
0.6800,0.3600,1.0000,0.988004
0.6800,0.4133,-1.0000,1.003101
0.6800,0.4133,-0.9941,1.003343
0.6800,0.4133,-0.9766,1.003608
0.6800,0.4133,-0.9477,1.003912
0.6800,0.4133,-0.9076,1.004287
0.6800,0.4133,-0.8569,1.004663
0.6800,0.4133,-0.7961,1.005096
0.6800,0.4133,-0.7260,1.005592
0.6800,0.4133,-0.6474,1.006165
0.6800,0.4133,-0.5612,1.006924
0.6800,0.4133,-0.4684,1.008081
0.6800,0.4133,-0.3701,1.009622
0.6800,0.4133,-0.2675,1.012531
0.6800,0.4133,-0.1618,1.019300
0.6800,0.4133,-0.0541,1.055446
0.6800,0.4133,0.0541,0.746361
0.6800,0.4133,0.1618,0.885695
0.6800,0.4133,0.2675,0.922240
0.6800,0.4133,0.3701,0.940191
0.6800,0.4133,0.4684,0.952418
0.6800,0.4133,0.5612,0.959329
0.6800,0.4133,0.6474,0.965139
0.6800,0.4133,0.7260,0.969627
0.6800,0.4133,0.7961,0.972810
0.6800,0.4133,0.8569,0.976021
0.6800,0.4133,0.9076,0.978836
0.6800,0.4133,0.9477,0.980499
0.6800,0.4133,0.9766,0.981788
0.6800,0.4133,0.9941,0.983254
0.6800,0.4133,1.0000,0.985587
0.6800,0.4667,-1.0000,1.003552
0.6800,0.4667,-0.9941,1.003955
0.6800,0.4667,-0.9766,1.004182
0.6800,0.4667,-0.9477,1.004599
0.6800,0.4667,-0.9076,1.004966
0.6800,0.4667,-0.8569,1.005514
0.6800,0.4667,-0.7961,1.005994
0.6800,0.4667,-0.7260,1.006529
0.6800,0.4667,-0.6474,1.007277
0.6800,0.4667,-0.5612,1.008127
0.6800,0.4667,-0.4684,1.009402
0.6800,0.4667,-0.3701,1.011321
0.6800,0.4667,-0.2675,1.014697
0.6800,0.4667,-0.1618,1.022449
0.6800,0.4667,-0.0541,1.065219
0.6800,0.4667,0.0541,0.694866
0.6800,0.4667,0.1618,0.858067
0.6800,0.4667,0.2675,0.903778
0.6800,0.4667,0.3701,0.922749
0.6800,0.4667,0.4684,0.940157
0.6800,0.4667,0.5612,0.948652
0.6800,0.4667,0.6474,0.955947
0.6800,0.4667,0.7260,0.961285
0.6800,0.4667,0.7961,0.965419
0.6800,0.4667,0.8569,0.969292
0.6800,0.4667,0.9076,0.973415
0.6800,0.4667,0.9477,0.975305
0.6800,0.4667,0.9766,0.976027
0.6800,0.4667,0.9941,0.978343
0.6800,0.4667,1.0000,0.981190
0.6800,0.5200,-1.0000,1.004348
0.6800,0.5200,-0.9941,1.004852
0.6800,0.5200,-0.9766,1.005248
0.6800,0.5200,-0.9477,1.005792
0.6800,0.5200,-0.9076,1.006421
0.6800,0.5200,-0.8569,1.006964
0.6800,0.5200,-0.7961,1.007537
0.6800,0.5200,-0.7260,1.008066
0.6800,0.5200,-0.6474,1.009098
0.6800,0.5200,-0.5612,1.010181
0.6800,0.5200,-0.4684,1.011746
0.6800,0.5200,-0.3701,1.014231
0.6800,0.5200,-0.2675,1.018510
0.6800,0.5200,-0.1618,1.028559
0.6800,0.5200,-0.0541,1.083120
0.6800,0.5200,0.0541,0.628337
0.6800,0.5200,0.1618,0.809946
0.6800,0.5200,0.2675,0.866575
0.6800,0.5200,0.3701,0.899154
0.6800,0.5200,0.4684,0.916655
0.6800,0.5200,0.5612,0.929803
0.6800,0.5200,0.6474,0.939218
0.6800,0.5200,0.7260,0.947726
0.6800,0.5200,0.7961,0.953106
0.6800,0.5200,0.8569,0.958559
0.6800,0.5200,0.9076,0.961754
0.6800,0.5200,0.9477,0.965264
0.6800,0.5200,0.9766,0.969304
0.6800,0.5200,0.9941,0.971913
0.6800,0.5200,1.0000,0.974748
0.6800,0.5733,-1.0000,1.006273
0.6800,0.5733,-0.9941,1.006668
0.6800,0.5733,-0.9766,1.007529
0.6800,0.5733,-0.9477,1.008101
0.6800,0.5733,-0.9076,1.008899
0.6800,0.5733,-0.8569,1.009728
0.6800,0.5733,-0.7961,1.010692
0.6800,0.5733,-0.7260,1.011575
0.6800,0.5733,-0.6474,1.012953
0.6800,0.5733,-0.5612,1.014611
0.6800,0.5733,-0.4684,1.017075
0.6800,0.5733,-0.3701,1.020546
0.6800,0.5733,-0.2675,1.026825
0.6800,0.5733,-0.1618,1.042104
0.6800,0.5733,-0.0541,1.131382
0.6800,0.5733,0.0541,0.560303
0.6800,0.5733,0.1618,0.772679
0.6800,0.5733,0.2675,0.828396
0.6800,0.5733,0.3701,0.865065
0.6800,0.5733,0.4684,0.884540
0.6800,0.5733,0.5612,0.901946
0.6800,0.5733,0.6474,0.918132
0.6800,0.5733,0.7260,0.927392
0.6800,0.5733,0.7961,0.934456
0.6800,0.5733,0.8569,0.945434
0.6800,0.5733,0.9076,0.948990
0.6800,0.5733,0.9477,0.953774
0.6800,0.5733,0.9766,0.959657
0.6800,0.5733,0.9941,0.963451
0.6800,0.5733,1.0000,0.965504
0.6800,0.6267,-1.0000,1.011903
0.6800,0.6267,-0.9941,1.013427
0.6800,0.6267,-0.9766,1.014804
0.6800,0.6267,-0.9477,1.015713
0.6800,0.6267,-0.9076,1.017674
0.6800,0.6267,-0.8569,1.019372
0.6800,0.6267,-0.7961,1.020978
0.6800,0.6267,-0.7260,1.023203
0.6800,0.6267,-0.6474,1.026106
0.6800,0.6267,-0.5612,1.029630
0.6800,0.6267,-0.4684,1.034965
0.6800,0.6267,-0.3701,1.042522
0.6800,0.6267,-0.2675,1.056909
0.6800,0.6267,-0.1618,1.089244
0.6800,0.6267,-0.0541,1.228713
0.6800,0.6267,0.0541,0.422523
0.6800,0.6267,0.1618,0.626746
0.6800,0.6267,0.2675,0.721814
0.6800,0.6267,0.3701,0.769342
0.6800,0.6267,0.4684,0.792536
0.6800,0.6267,0.5612,0.819836
0.6800,0.6267,0.6474,0.840213
0.6800,0.6267,0.7260,0.868136
0.6800,0.6267,0.7961,0.882846
0.6800,0.6267,0.8569,0.894766
0.6800,0.6267,0.9076,0.905477
0.6800,0.6267,0.9477,0.907758
0.6800,0.6267,0.9766,0.916185
0.6800,0.6267,0.9941,0.915833
0.6800,0.6267,1.0000,0.938114
0.6800,0.6800,-1.0000,0.714402
0.6800,0.6800,-0.9941,0.753669
0.6800,0.6800,-0.9766,0.757476
0.6800,0.6800,-0.9477,0.777707
0.6800,0.6800,-0.9076,0.791377
0.6800,0.6800,-0.8569,0.803416
0.6800,0.6800,-0.7961,0.812427
0.6800,0.6800,-0.7260,0.816439
0.6800,0.6800,-0.6474,0.823469
0.6800,0.6800,-0.5612,0.820294
0.6800,0.6800,-0.4684,0.808450
0.6800,0.6800,-0.3701,0.809766
0.6800,0.6800,-0.2675,0.817835
0.6800,0.6800,-0.1618,0.806247
0.6800,0.6800,-0.0541,0.815976
0.6800,0.6800,0.0541,0.810764
0.6800,0.6800,0.1618,0.813223
0.6800,0.6800,0.2675,0.807407
0.6800,0.6800,0.3701,0.808279
0.6800,0.6800,0.4684,0.814655
0.6800,0.6800,0.5612,0.815772
0.6800,0.6800,0.6474,0.816620
0.6800,0.6800,0.7260,0.817254
0.6800,0.6800,0.7961,0.821851
0.6800,0.6800,0.8569,0.817812
0.6800,0.6800,0.9076,0.822724
0.6800,0.6800,0.9477,0.818030
0.6800,0.6800,0.9766,0.826165
0.6800,0.6800,0.9941,0.829380
0.6800,0.6800,1.0000,0.829301
0.7333,0.2000,-1.0000,1.001830
0.7333,0.2000,-0.9941,1.001950
0.7333,0.2000,-0.9766,1.002115
0.7333,0.2000,-0.9477,1.002346
0.7333,0.2000,-0.9076,1.002592
0.7333,0.2000,-0.8569,1.002788
0.7333,0.2000,-0.7961,1.002993
0.7333,0.2000,-0.7260,1.003199
0.7333,0.2000,-0.6474,1.003542
0.7333,0.2000,-0.5612,1.003985
0.7333,0.2000,-0.4684,1.004573
0.7333,0.2000,-0.3701,1.005446
0.7333,0.2000,-0.2675,1.007148
0.7333,0.2000,-0.1618,1.010682
0.7333,0.2000,-0.0541,1.029189
0.7333,0.2000,0.0541,0.824523
0.7333,0.2000,0.1618,0.929671
0.7333,0.2000,0.2675,0.956184
0.7333,0.2000,0.3701,0.967481
0.7333,0.2000,0.4684,0.974431
0.7333,0.2000,0.5612,0.978131
0.7333,0.2000,0.6474,0.981008
0.7333,0.2000,0.7260,0.983460
0.7333,0.2000,0.7961,0.985351
0.7333,0.2000,0.8569,0.987177
0.7333,0.2000,0.9076,0.988607
0.7333,0.2000,0.9477,0.989550
0.7333,0.2000,0.9766,0.990780
0.7333,0.2000,0.9941,0.991626
0.7333,0.2000,1.0000,0.991984
0.7333,0.2533,-1.0000,1.001838
0.7333,0.2533,-0.9941,1.002041
0.7333,0.2533,-0.9766,1.002254
0.7333,0.2533,-0.9477,1.002469
0.7333,0.2533,-0.9076,1.002704
0.7333,0.2533,-0.8569,1.002908
0.7333,0.2533,-0.7961,1.003111
0.7333,0.2533,-0.7260,1.003372
0.7333,0.2533,-0.6474,1.003715
0.7333,0.2533,-0.5612,1.004181
0.7333,0.2533,-0.4684,1.004791
0.7333,0.2533,-0.3701,1.005804
0.7333,0.2533,-0.2675,1.007445
0.7333,0.2533,-0.1618,1.011340
0.7333,0.2533,-0.0541,1.031067
0.7333,0.2533,0.0541,0.815995
0.7333,0.2533,0.1618,0.925496
0.7333,0.2533,0.2675,0.951616
0.7333,0.2533,0.3701,0.964692
0.7333,0.2533,0.4684,0.971756
0.7333,0.2533,0.5612,0.976900
0.7333,0.2533,0.6474,0.979310
0.7333,0.2533,0.7260,0.981967
0.7333,0.2533,0.7961,0.984017
0.7333,0.2533,0.8569,0.985645
0.7333,0.2533,0.9076,0.986880
0.7333,0.2533,0.9477,0.988282
0.7333,0.2533,0.9766,0.989383
0.7333,0.2533,0.9941,0.990629
0.7333,0.2533,1.0000,0.991409
0.7333,0.3067,-1.0000,1.002003
0.7333,0.3067,-0.9941,1.002192
0.7333,0.3067,-0.9766,1.002407
0.7333,0.3067,-0.9477,1.002675
0.7333,0.3067,-0.9076,1.002868
0.7333,0.3067,-0.8569,1.003036
0.7333,0.3067,-0.7961,1.003306
0.7333,0.3067,-0.7260,1.003577
0.7333,0.3067,-0.6474,1.003936
0.7333,0.3067,-0.5612,1.004440
0.7333,0.3067,-0.4684,1.005164
0.7333,0.3067,-0.3701,1.006136
0.7333,0.3067,-0.2675,1.007968
0.7333,0.3067,-0.1618,1.011978
0.7333,0.3067,-0.0541,1.032772
0.7333,0.3067,0.0541,0.802451
0.7333,0.3067,0.1618,0.920326
0.7333,0.3067,0.2675,0.948056
0.7333,0.3067,0.3701,0.960652
0.7333,0.3067,0.4684,0.968516
0.7333,0.3067,0.5612,0.973340
0.7333,0.3067,0.6474,0.977257
0.7333,0.3067,0.7260,0.980162
0.7333,0.3067,0.7961,0.982898
0.7333,0.3067,0.8569,0.984183
0.7333,0.3067,0.9076,0.985925
0.7333,0.3067,0.9477,0.987111
0.7333,0.3067,0.9766,0.987989
0.7333,0.3067,0.9941,0.989078
0.7333,0.3067,1.0000,0.990341
0.7333,0.3600,-1.0000,1.002152
0.7333,0.3600,-0.9941,1.002354
0.7333,0.3600,-0.9766,1.002592
0.7333,0.3600,-0.9477,1.002778
0.7333,0.3600,-0.9076,1.003019
0.7333,0.3600,-0.8569,1.003225
0.7333,0.3600,-0.7961,1.003557
0.7333,0.3600,-0.7260,1.003852
0.7333,0.3600,-0.6474,1.004231
0.7333,0.3600,-0.5612,1.004803
0.7333,0.3600,-0.4684,1.005507
0.7333,0.3600,-0.3701,1.006620
0.7333,0.3600,-0.2675,1.008501
0.7333,0.3600,-0.1618,1.012796
0.7333,0.3600,-0.0541,1.034700
0.7333,0.3600,0.0541,0.789188
0.7333,0.3600,0.1618,0.907660
0.7333,0.3600,0.2675,0.940856
0.7333,0.3600,0.3701,0.956849
0.7333,0.3600,0.4684,0.964535
0.7333,0.3600,0.5612,0.969849
0.7333,0.3600,0.6474,0.974352
0.7333,0.3600,0.7260,0.977600
0.7333,0.3600,0.7961,0.979560
0.7333,0.3600,0.8569,0.982033
0.7333,0.3600,0.9076,0.984411
0.7333,0.3600,0.9477,0.986106
0.7333,0.3600,0.9766,0.986605
0.7333,0.3600,0.9941,0.987945
0.7333,0.3600,1.0000,0.988873
0.7333,0.4133,-1.0000,1.002367
0.7333,0.4133,-0.9941,1.002526
0.7333,0.4133,-0.9766,1.002700
0.7333,0.4133,-0.9477,1.002988
0.7333,0.4133,-0.9076,1.003270
0.7333,0.4133,-0.8569,1.003541
0.7333,0.4133,-0.7961,1.003880
0.7333,0.4133,-0.7260,1.004195
0.7333,0.4133,-0.6474,1.004622
0.7333,0.4133,-0.5612,1.005188
0.7333,0.4133,-0.4684,1.006027
0.7333,0.4133,-0.3701,1.007175
0.7333,0.4133,-0.2675,1.009193
0.7333,0.4133,-0.1618,1.013606
0.7333,0.4133,-0.0541,1.037790
0.7333,0.4133,0.0541,0.761073
0.7333,0.4133,0.1618,0.899089
0.7333,0.4133,0.2675,0.932827
0.7333,0.4133,0.3701,0.947363
0.7333,0.4133,0.4684,0.957035
0.7333,0.4133,0.5612,0.964285
0.7333,0.4133,0.6474,0.969403
0.7333,0.4133,0.7260,0.973425
0.7333,0.4133,0.7961,0.975373
0.7333,0.4133,0.8569,0.978262
0.7333,0.4133,0.9076,0.980798
0.7333,0.4133,0.9477,0.982856
0.7333,0.4133,0.9766,0.983876
0.7333,0.4133,0.9941,0.986153
0.7333,0.4133,1.0000,0.986871
0.7333,0.4667,-1.0000,1.002505
0.7333,0.4667,-0.9941,1.002798
0.7333,0.4667,-0.9766,1.002965
0.7333,0.4667,-0.9477,1.003325
0.7333,0.4667,-0.9076,1.003666
0.7333,0.4667,-0.8569,1.003968
0.7333,0.4667,-0.7961,1.004324
0.7333,0.4667,-0.7260,1.004689
0.7333,0.4667,-0.6474,1.005208
0.7333,0.4667,-0.5612,1.005808
0.7333,0.4667,-0.4684,1.006713
0.7333,0.4667,-0.3701,1.007934
0.7333,0.4667,-0.2675,1.010170
0.7333,0.4667,-0.1618,1.015408
0.7333,0.4667,-0.0541,1.042306
0.7333,0.4667,0.0541,0.729050
0.7333,0.4667,0.1618,0.870976
0.7333,0.4667,0.2675,0.916253
0.7333,0.4667,0.3701,0.931626
0.7333,0.4667,0.4684,0.945544
0.7333,0.4667,0.5612,0.954507
0.7333,0.4667,0.6474,0.960857
0.7333,0.4667,0.7260,0.965588
0.7333,0.4667,0.7961,0.969246
0.7333,0.4667,0.8569,0.972748
0.7333,0.4667,0.9076,0.975667
0.7333,0.4667,0.9477,0.977358
0.7333,0.4667,0.9766,0.979391
0.7333,0.4667,0.9941,0.981925
0.7333,0.4667,1.0000,0.983858
0.7333,0.5200,-1.0000,1.002930
0.7333,0.5200,-0.9941,1.003244
0.7333,0.5200,-0.9766,1.003498
0.7333,0.5200,-0.9477,1.003857
0.7333,0.5200,-0.9076,1.004313
0.7333,0.5200,-0.8569,1.004650
0.7333,0.5200,-0.7961,1.004987
0.7333,0.5200,-0.7260,1.005382
0.7333,0.5200,-0.6474,1.005997
0.7333,0.5200,-0.5612,1.006713
0.7333,0.5200,-0.4684,1.007702
0.7333,0.5200,-0.3701,1.009206
0.7333,0.5200,-0.2675,1.011412
0.7333,0.5200,-0.1618,1.017524
0.7333,0.5200,-0.0541,1.047469
0.7333,0.5200,0.0541,0.673039
0.7333,0.5200,0.1618,0.838549
0.7333,0.5200,0.2675,0.884487
0.7333,0.5200,0.3701,0.910344
0.7333,0.5200,0.4684,0.928298
0.7333,0.5200,0.5612,0.939869
0.7333,0.5200,0.6474,0.947984
0.7333,0.5200,0.7260,0.955285
0.7333,0.5200,0.7961,0.959891
0.7333,0.5200,0.8569,0.964444
0.7333,0.5200,0.9076,0.965858
0.7333,0.5200,0.9477,0.969054
0.7333,0.5200,0.9766,0.973128
0.7333,0.5200,0.9941,0.976272
0.7333,0.5200,1.0000,0.978105
0.7333,0.5733,-1.0000,1.003576
0.7333,0.5733,-0.9941,1.003844
0.7333,0.5733,-0.9766,1.004280
0.7333,0.5733,-0.9477,1.004794
0.7333,0.5733,-0.9076,1.005309
0.7333,0.5733,-0.8569,1.005683
0.7333,0.5733,-0.7961,1.006195
0.7333,0.5733,-0.7260,1.006676
0.7333,0.5733,-0.6474,1.007388
0.7333,0.5733,-0.5612,1.008157
0.7333,0.5733,-0.4684,1.009438
0.7333,0.5733,-0.3701,1.011035
0.7333,0.5733,-0.2675,1.014374
0.7333,0.5733,-0.1618,1.021840
0.7333,0.5733,-0.0541,1.061096
0.7333,0.5733,0.0541,0.604261
0.7333,0.5733,0.1618,0.801734
0.7333,0.5733,0.2675,0.863134
0.7333,0.5733,0.3701,0.889887
0.7333,0.5733,0.4684,0.910796
0.7333,0.5733,0.5612,0.924655
0.7333,0.5733,0.6474,0.932045
0.7333,0.5733,0.7260,0.939742
0.7333,0.5733,0.7961,0.947191
0.7333,0.5733,0.8569,0.956316
0.7333,0.5733,0.9076,0.959789
0.7333,0.5733,0.9477,0.961799
0.7333,0.5733,0.9766,0.963629
0.7333,0.5733,0.9941,0.968080
0.7333,0.5733,1.0000,0.973253
0.7333,0.6267,-1.0000,1.004548
0.7333,0.6267,-0.9941,1.005420
0.7333,0.6267,-0.9766,1.005862
0.7333,0.6267,-0.9477,1.006504
0.7333,0.6267,-0.9076,1.007137
0.7333,0.6267,-0.8569,1.007763
0.7333,0.6267,-0.7961,1.008361
0.7333,0.6267,-0.7260,1.009214
0.7333,0.6267,-0.6474,1.010268
0.7333,0.6267,-0.5612,1.011434
0.7333,0.6267,-0.4684,1.013355
0.7333,0.6267,-0.3701,1.015524
0.7333,0.6267,-0.2675,1.020453
0.7333,0.6267,-0.1618,1.031661
0.7333,0.6267,-0.0541,1.093388
0.7333,0.6267,0.0541,0.527555
0.7333,0.6267,0.1618,0.737125
0.7333,0.6267,0.2675,0.807416
0.7333,0.6267,0.3701,0.850198
0.7333,0.6267,0.4684,0.872026
0.7333,0.6267,0.5612,0.886089
0.7333,0.6267,0.6474,0.900149
0.7333,0.6267,0.7260,0.910824
0.7333,0.6267,0.7961,0.924339
0.7333,0.6267,0.8569,0.936204
0.7333,0.6267,0.9076,0.942532
0.7333,0.6267,0.9477,0.944459
0.7333,0.6267,0.9766,0.949098
0.7333,0.6267,0.9941,0.955585
0.7333,0.6267,1.0000,0.960207
0.7333,0.6800,-1.0000,1.008346
0.7333,0.6800,-0.9941,1.010037
0.7333,0.6800,-0.9766,1.010836
0.7333,0.6800,-0.9477,1.012434
0.7333,0.6800,-0.9076,1.013217
0.7333,0.6800,-0.8569,1.014660
0.7333,0.6800,-0.7961,1.016091
0.7333,0.6800,-0.7260,1.017698
0.7333,0.6800,-0.6474,1.019668
0.7333,0.6800,-0.5612,1.022278
0.7333,0.6800,-0.4684,1.025992
0.7333,0.6800,-0.3701,1.030354
0.7333,0.6800,-0.2675,1.040370
0.7333,0.6800,-0.1618,1.062482
0.7333,0.6800,-0.0541,1.197115
0.7333,0.6800,0.0541,0.360393
0.7333,0.6800,0.1618,0.566845
0.7333,0.6800,0.2675,0.660545
0.7333,0.6800,0.3701,0.726447
0.7333,0.6800,0.4684,0.744805
0.7333,0.6800,0.5612,0.775466
0.7333,0.6800,0.6474,0.798631
0.7333,0.6800,0.7260,0.813172
0.7333,0.6800,0.7961,0.834146
0.7333,0.6800,0.8569,0.850570
0.7333,0.6800,0.9076,0.874377
0.7333,0.6800,0.9477,0.892912
0.7333,0.6800,0.9766,0.898506
0.7333,0.6800,0.9941,0.911839
0.7333,0.6800,1.0000,0.917038
0.7333,0.7333,-1.0000,0.767426
0.7333,0.7333,-0.9941,0.782659
0.7333,0.7333,-0.9766,0.799515
0.7333,0.7333,-0.9477,0.811395
0.7333,0.7333,-0.9076,0.816145
0.7333,0.7333,-0.8569,0.814615
0.7333,0.7333,-0.7961,0.824530
0.7333,0.7333,-0.7260,0.823289
0.7333,0.7333,-0.6474,0.815939
0.7333,0.7333,-0.5612,0.812717
0.7333,0.7333,-0.4684,0.815044
0.7333,0.7333,-0.3701,0.818507
0.7333,0.7333,-0.2675,0.819307
0.7333,0.7333,-0.1618,0.817265
0.7333,0.7333,-0.0541,0.821256
0.7333,0.7333,0.0541,0.820485
0.7333,0.7333,0.1618,0.819206
0.7333,0.7333,0.2675,0.823739
0.7333,0.7333,0.3701,0.825836
0.7333,0.7333,0.4684,0.823452
0.7333,0.7333,0.5612,0.824216
0.7333,0.7333,0.6474,0.823964
0.7333,0.7333,0.7260,0.824659
0.7333,0.7333,0.7961,0.828105
0.7333,0.7333,0.8569,0.827934
0.7333,0.7333,0.9076,0.827202
0.7333,0.7333,0.9477,0.837672
0.7333,0.7333,0.9766,0.840928
0.7333,0.7333,0.9941,0.841581
0.7333,0.7333,1.0000,0.836216
0.7867,0.2000,-1.0000,1.001532
0.7867,0.2000,-0.9941,1.001718
0.7867,0.2000,-0.9766,1.001830
0.7867,0.2000,-0.9477,1.002009
0.7867,0.2000,-0.9076,1.002250
0.7867,0.2000,-0.8569,1.002392
0.7867,0.2000,-0.7961,1.002565
0.7867,0.2000,-0.7260,1.002734
0.7867,0.2000,-0.6474,1.003042
0.7867,0.2000,-0.5612,1.003392
0.7867,0.2000,-0.4684,1.003852
0.7867,0.2000,-0.3701,1.004597
0.7867,0.2000,-0.2675,1.005942
0.7867,0.2000,-0.1618,1.008829
0.7867,0.2000,-0.0541,1.023571
0.7867,0.2000,0.0541,0.829118
0.7867,0.2000,0.1618,0.931553
0.7867,0.2000,0.2675,0.957482
0.7867,0.2000,0.3701,0.969030
0.7867,0.2000,0.4684,0.974548
0.7867,0.2000,0.5612,0.978682
0.7867,0.2000,0.6474,0.981407
0.7867,0.2000,0.7260,0.983787
0.7867,0.2000,0.7961,0.985621
0.7867,0.2000,0.8569,0.987400
0.7867,0.2000,0.9076,0.988791
0.7867,0.2000,0.9477,0.989702
0.7867,0.2000,0.9766,0.990903
0.7867,0.2000,0.9941,0.991725
0.7867,0.2000,1.0000,0.992300
0.7867,0.2533,-1.0000,1.001596
0.7867,0.2533,-0.9941,1.001739
0.7867,0.2533,-0.9766,1.001960
0.7867,0.2533,-0.9477,1.002103
0.7867,0.2533,-0.9076,1.002300
0.7867,0.2533,-0.8569,1.002471
0.7867,0.2533,-0.7961,1.002628
0.7867,0.2533,-0.7260,1.002837
0.7867,0.2533,-0.6474,1.003157
0.7867,0.2533,-0.5612,1.003494
0.7867,0.2533,-0.4684,1.003979
0.7867,0.2533,-0.3701,1.004844
0.7867,0.2533,-0.2675,1.006114
0.7867,0.2533,-0.1618,1.009164
0.7867,0.2533,-0.0541,1.024714
0.7867,0.2533,0.0541,0.821694
0.7867,0.2533,0.1618,0.927815
0.7867,0.2533,0.2675,0.953240
0.7867,0.2533,0.3701,0.965203
0.7867,0.2533,0.4684,0.972628
0.7867,0.2533,0.5612,0.977529
0.7867,0.2533,0.6474,0.980439
0.7867,0.2533,0.7260,0.982946
0.7867,0.2533,0.7961,0.984878
0.7867,0.2533,0.8569,0.986412
0.7867,0.2533,0.9076,0.987574
0.7867,0.2533,0.9477,0.988893
0.7867,0.2533,0.9766,0.989928
0.7867,0.2533,0.9941,0.991100
0.7867,0.2533,1.0000,0.991862
0.7867,0.3067,-1.0000,1.001679
0.7867,0.3067,-0.9941,1.001829
0.7867,0.3067,-0.9766,1.002038
0.7867,0.3067,-0.9477,1.002236
0.7867,0.3067,-0.9076,1.002412
0.7867,0.3067,-0.8569,1.002535
0.7867,0.3067,-0.7961,1.002762
0.7867,0.3067,-0.7260,1.002957
0.7867,0.3067,-0.6474,1.003248
0.7867,0.3067,-0.5612,1.003651
0.7867,0.3067,-0.4684,1.004229
0.7867,0.3067,-0.3701,1.005053
0.7867,0.3067,-0.2675,1.006413
0.7867,0.3067,-0.1618,1.009530
0.7867,0.3067,-0.0541,1.025475
0.7867,0.3067,0.0541,0.809158
0.7867,0.3067,0.1618,0.923489
0.7867,0.3067,0.2675,0.950359
0.7867,0.3067,0.3701,0.963247
0.7867,0.3067,0.4684,0.970527
0.7867,0.3067,0.5612,0.974916
0.7867,0.3067,0.6474,0.978594
0.7867,0.3067,0.7260,0.981320
0.7867,0.3067,0.7961,0.983421
0.7867,0.3067,0.8569,0.985090
0.7867,0.3067,0.9076,0.986721
0.7867,0.3067,0.9477,0.987831
0.7867,0.3067,0.9766,0.989000
0.7867,0.3067,0.9941,0.989710
0.7867,0.3067,1.0000,0.990612
0.7867,0.3600,-1.0000,1.001750
0.7867,0.3600,-0.9941,1.001889
0.7867,0.3600,-0.9766,1.002153
0.7867,0.3600,-0.9477,1.002299
0.7867,0.3600,-0.9076,1.002508
0.7867,0.3600,-0.8569,1.002676
0.7867,0.3600,-0.7961,1.002895
0.7867,0.3600,-0.7260,1.003130
0.7867,0.3600,-0.6474,1.003423
0.7867,0.3600,-0.5612,1.003885
0.7867,0.3600,-0.4684,1.004413
0.7867,0.3600,-0.3701,1.005290
0.7867,0.3600,-0.2675,1.006679
0.7867,0.3600,-0.1618,1.009908
0.7867,0.3600,-0.0541,1.026380
0.7867,0.3600,0.0541,0.800769
0.7867,0.3600,0.1618,0.912449
0.7867,0.3600,0.2675,0.943799
0.7867,0.3600,0.3701,0.958684
0.7867,0.3600,0.4684,0.966883
0.7867,0.3600,0.5612,0.971906
0.7867,0.3600,0.6474,0.975991
0.7867,0.3600,0.7260,0.979021
0.7867,0.3600,0.7961,0.981357
0.7867,0.3600,0.8569,0.983151
0.7867,0.3600,0.9076,0.985366
0.7867,0.3600,0.9477,0.986578
0.7867,0.3600,0.9766,0.987473
0.7867,0.3600,0.9941,0.988638
0.7867,0.3600,1.0000,0.989611
0.7867,0.4133,-1.0000,1.001881
0.7867,0.4133,-0.9941,1.001981
0.7867,0.4133,-0.9766,1.002209
0.7867,0.4133,-0.9477,1.002370
0.7867,0.4133,-0.9076,1.002602
0.7867,0.4133,-0.8569,1.002854
0.7867,0.4133,-0.7961,1.003087
0.7867,0.4133,-0.7260,1.003326
0.7867,0.4133,-0.6474,1.003633
0.7867,0.4133,-0.5612,1.004139
0.7867,0.4133,-0.4684,1.004717
0.7867,0.4133,-0.3701,1.005574
0.7867,0.4133,-0.2675,1.006986
0.7867,0.4133,-0.1618,1.010530
0.7867,0.4133,-0.0541,1.027621
0.7867,0.4133,0.0541,0.776264
0.7867,0.4133,0.1618,0.902345
0.7867,0.4133,0.2675,0.937833
0.7867,0.4133,0.3701,0.953740
0.7867,0.4133,0.4684,0.962476
0.7867,0.4133,0.5612,0.967190
0.7867,0.4133,0.6474,0.971891
0.7867,0.4133,0.7260,0.974771
0.7867,0.4133,0.7961,0.978073
0.7867,0.4133,0.8569,0.980636
0.7867,0.4133,0.9076,0.982348
0.7867,0.4133,0.9477,0.984173
0.7867,0.4133,0.9766,0.986055
0.7867,0.4133,0.9941,0.987715
0.7867,0.4133,1.0000,0.988308
0.7867,0.4667,-1.0000,1.001967
0.7867,0.4667,-0.9941,1.002131
0.7867,0.4667,-0.9766,1.002341
0.7867,0.4667,-0.9477,1.002581
0.7867,0.4667,-0.9076,1.002828
0.7867,0.4667,-0.8569,1.003101
0.7867,0.4667,-0.7961,1.003332
0.7867,0.4667,-0.7260,1.003589
0.7867,0.4667,-0.6474,1.003981
0.7867,0.4667,-0.5612,1.004424
0.7867,0.4667,-0.4684,1.005108
0.7867,0.4667,-0.3701,1.005896
0.7867,0.4667,-0.2675,1.007423
0.7867,0.4667,-0.1618,1.011159
0.7867,0.4667,-0.0541,1.029648
0.7867,0.4667,0.0541,0.753347
0.7867,0.4667,0.1618,0.887542
0.7867,0.4667,0.2675,0.926301
0.7867,0.4667,0.3701,0.941355
0.7867,0.4667,0.4684,0.950758
0.7867,0.4667,0.5612,0.958945
0.7867,0.4667,0.6474,0.964684
0.7867,0.4667,0.7260,0.968953
0.7867,0.4667,0.7961,0.971053
0.7867,0.4667,0.8569,0.974324
0.7867,0.4667,0.9076,0.977709
0.7867,0.4667,0.9477,0.979239
0.7867,0.4667,0.9766,0.981164
0.7867,0.4667,0.9941,0.983370
0.7867,0.4667,1.0000,0.985320
0.7867,0.5200,-1.0000,1.002109
0.7867,0.5200,-0.9941,1.002356
0.7867,0.5200,-0.9766,1.002558
0.7867,0.5200,-0.9477,1.002925
0.7867,0.5200,-0.9076,1.003188
0.7867,0.5200,-0.8569,1.003423
0.7867,0.5200,-0.7961,1.003699
0.7867,0.5200,-0.7260,1.003987
0.7867,0.5200,-0.6474,1.004353
0.7867,0.5200,-0.5612,1.004813
0.7867,0.5200,-0.4684,1.005566
0.7867,0.5200,-0.3701,1.006466
0.7867,0.5200,-0.2675,1.008156
0.7867,0.5200,-0.1618,1.012145
0.7867,0.5200,-0.0541,1.032038
0.7867,0.5200,0.0541,0.692826
0.7867,0.5200,0.1618,0.854597
0.7867,0.5200,0.2675,0.899643
0.7867,0.5200,0.3701,0.925452
0.7867,0.5200,0.4684,0.938648
0.7867,0.5200,0.5612,0.948440
0.7867,0.5200,0.6474,0.955478
0.7867,0.5200,0.7260,0.960313
0.7867,0.5200,0.7961,0.964408
0.7867,0.5200,0.8569,0.967386
0.7867,0.5200,0.9076,0.969856
0.7867,0.5200,0.9477,0.973588
0.7867,0.5200,0.9766,0.976079
0.7867,0.5200,0.9941,0.978966
0.7867,0.5200,1.0000,0.981153
0.7867,0.5733,-1.0000,1.002432
0.7867,0.5733,-0.9941,1.002615
0.7867,0.5733,-0.9766,1.002893
0.7867,0.5733,-0.9477,1.003288
0.7867,0.5733,-0.9076,1.003623
0.7867,0.5733,-0.8569,1.003930
0.7867,0.5733,-0.7961,1.004183
0.7867,0.5733,-0.7260,1.004559
0.7867,0.5733,-0.6474,1.005048
0.7867,0.5733,-0.5612,1.005550
0.7867,0.5733,-0.4684,1.006239
0.7867,0.5733,-0.3701,1.007239
0.7867,0.5733,-0.2675,1.009012
0.7867,0.5733,-0.1618,1.013744
0.7867,0.5733,-0.0541,1.035882
0.7867,0.5733,0.0541,0.647143
0.7867,0.5733,0.1618,0.830559
0.7867,0.5733,0.2675,0.881085
0.7867,0.5733,0.3701,0.905020
0.7867,0.5733,0.4684,0.920492
0.7867,0.5733,0.5612,0.930970
0.7867,0.5733,0.6474,0.940201
0.7867,0.5733,0.7260,0.946833
0.7867,0.5733,0.7961,0.956353
0.7867,0.5733,0.8569,0.962492
0.7867,0.5733,0.9076,0.966737
0.7867,0.5733,0.9477,0.968767
0.7867,0.5733,0.9766,0.970716
0.7867,0.5733,0.9941,0.974996
0.7867,0.5733,1.0000,0.976686
0.7867,0.6267,-1.0000,1.002597
0.7867,0.6267,-0.9941,1.003207
0.7867,0.6267,-0.9766,1.003511
0.7867,0.6267,-0.9477,1.003956
0.7867,0.6267,-0.9076,1.004350
0.7867,0.6267,-0.8569,1.004679
0.7867,0.6267,-0.7961,1.004973
0.7867,0.6267,-0.7260,1.005417
0.7867,0.6267,-0.6474,1.005980
0.7867,0.6267,-0.5612,1.006607
0.7867,0.6267,-0.4684,1.007398
0.7867,0.6267,-0.3701,1.008707
0.7867,0.6267,-0.2675,1.011099
0.7867,0.6267,-0.1618,1.016163
0.7867,0.6267,-0.0541,1.044376
0.7867,0.6267,0.0541,0.577271
0.7867,0.6267,0.1618,0.773609
0.7867,0.6267,0.2675,0.841782
0.7867,0.6267,0.3701,0.878364
0.7867,0.6267,0.4684,0.900964
0.7867,0.6267,0.5612,0.916022
0.7867,0.6267,0.6474,0.927042
0.7867,0.6267,0.7260,0.935007
0.7867,0.6267,0.7961,0.944644
0.7867,0.6267,0.8569,0.951100
0.7867,0.6267,0.9076,0.953168
0.7867,0.6267,0.9477,0.954605
0.7867,0.6267,0.9766,0.958413
0.7867,0.6267,0.9941,0.962882
0.7867,0.6267,1.0000,0.967697
0.7867,0.6800,-1.0000,1.003420
0.7867,0.6800,-0.9941,1.004031
0.7867,0.6800,-0.9766,1.004637
0.7867,0.6800,-0.9477,1.005224
0.7867,0.6800,-0.9076,1.005605
0.7867,0.6800,-0.8569,1.006164
0.7867,0.6800,-0.7961,1.006678
0.7867,0.6800,-0.7260,1.007373
0.7867,0.6800,-0.6474,1.008105
0.7867,0.6800,-0.5612,1.009062
0.7867,0.6800,-0.4684,1.010311
0.7867,0.6800,-0.3701,1.012013
0.7867,0.6800,-0.2675,1.014881
0.7867,0.6800,-0.1618,1.022295
0.7867,0.6800,-0.0541,1.066455
0.7867,0.6800,0.0541,0.482654
0.7867,0.6800,0.1618,0.699746
0.7867,0.6800,0.2675,0.771264
0.7867,0.6800,0.3701,0.819333
0.7867,0.6800,0.4684,0.849251
0.7867,0.6800,0.5612,0.857024
0.7867,0.6800,0.6474,0.873622
0.7867,0.6800,0.7260,0.897237
0.7867,0.6800,0.7961,0.913607
0.7867,0.6800,0.8569,0.923020
0.7867,0.6800,0.9076,0.923514
0.7867,0.6800,0.9477,0.932919
0.7867,0.6800,0.9766,0.932804
0.7867,0.6800,0.9941,0.942723
0.7867,0.6800,1.0000,0.952166
0.7867,0.7333,-1.0000,1.005965
0.7867,0.7333,-0.9941,1.007642
0.7867,0.7333,-0.9766,1.008325
0.7867,0.7333,-0.9477,1.009285
0.7867,0.7333,-0.9076,1.010110
0.7867,0.7333,-0.8569,1.011088
0.7867,0.7333,-0.7961,1.012487
0.7867,0.7333,-0.7260,1.013427
0.7867,0.7333,-0.6474,1.014540
0.7867,0.7333,-0.5612,1.016639
0.7867,0.7333,-0.4684,1.018132
0.7867,0.7333,-0.3701,1.019703
0.7867,0.7333,-0.2675,1.026825
0.7867,0.7333,-0.1618,1.042114
0.7867,0.7333,-0.0541,1.120853
0.7867,0.7333,0.0541,0.319897
0.7867,0.7333,0.1618,0.535262
0.7867,0.7333,0.2675,0.650676
0.7867,0.7333,0.3701,0.699976
0.7867,0.7333,0.4684,0.745492
0.7867,0.7333,0.5612,0.776068
0.7867,0.7333,0.6474,0.799151
0.7867,0.7333,0.7260,0.817192
0.7867,0.7333,0.7961,0.837958
0.7867,0.7333,0.8569,0.854392
0.7867,0.7333,0.9076,0.856151
0.7867,0.7333,0.9477,0.855222
0.7867,0.7333,0.9766,0.871440
0.7867,0.7333,0.9941,0.883132
0.7867,0.7333,1.0000,0.893282
0.7867,0.7867,-1.0000,0.833575
0.7867,0.7867,-0.9941,0.838446
0.7867,0.7867,-0.9766,0.835690
0.7867,0.7867,-0.9477,0.843036
0.7867,0.7867,-0.9076,0.846301
0.7867,0.7867,-0.8569,0.844185
0.7867,0.7867,-0.7961,0.846357
0.7867,0.7867,-0.7260,0.846403
0.7867,0.7867,-0.6474,0.845466
0.7867,0.7867,-0.5612,0.843861
0.7867,0.7867,-0.4684,0.848505
0.7867,0.7867,-0.3701,0.847392
0.7867,0.7867,-0.2675,0.848064
0.7867,0.7867,-0.1618,0.848568
0.7867,0.7867,-0.0541,0.849670
0.7867,0.7867,0.0541,0.854838
0.7867,0.7867,0.1618,0.854503
0.7867,0.7867,0.2675,0.855425
0.7867,0.7867,0.3701,0.850964
0.7867,0.7867,0.4684,0.851307
0.7867,0.7867,0.5612,0.851947
0.7867,0.7867,0.6474,0.853299
0.7867,0.7867,0.7260,0.854991
0.7867,0.7867,0.7961,0.861979
0.7867,0.7867,0.8569,0.861039
0.7867,0.7867,0.9076,0.853559
0.7867,0.7867,0.9477,0.856221
0.7867,0.7867,0.9766,0.863263
0.7867,0.7867,0.9941,0.865615
0.7867,0.7867,1.0000,0.867735
0.8400,0.2000,-1.0000,1.001351
0.8400,0.2000,-0.9941,1.001453
0.8400,0.2000,-0.9766,1.001616
0.8400,0.2000,-0.9477,1.001760
0.8400,0.2000,-0.9076,1.001958
0.8400,0.2000,-0.8569,1.002112
0.8400,0.2000,-0.7961,1.002240
0.8400,0.2000,-0.7260,1.002371
0.8400,0.2000,-0.6474,1.002651
0.8400,0.2000,-0.5612,1.002944
0.8400,0.2000,-0.4684,1.003322
0.8400,0.2000,-0.3701,1.003924
0.8400,0.2000,-0.2675,1.005130
0.8400,0.2000,-0.1618,1.007456
0.8400,0.2000,-0.0541,1.019446
0.8400,0.2000,0.0541,0.832405
0.8400,0.2000,0.1618,0.933228
0.8400,0.2000,0.2675,0.957503
0.8400,0.2000,0.3701,0.969671
0.8400,0.2000,0.4684,0.975630
0.8400,0.2000,0.5612,0.979588
0.8400,0.2000,0.6474,0.981720
0.8400,0.2000,0.7260,0.984044
0.8400,0.2000,0.7961,0.985835
0.8400,0.2000,0.8569,0.987576
0.8400,0.2000,0.9076,0.988937
0.8400,0.2000,0.9477,0.989824
0.8400,0.2000,0.9766,0.991258
0.8400,0.2000,0.9941,0.992042
0.8400,0.2000,1.0000,0.992364
0.8400,0.2533,-1.0000,1.001363
0.8400,0.2533,-0.9941,1.001496
0.8400,0.2533,-0.9766,1.001694
0.8400,0.2533,-0.9477,1.001826
0.8400,0.2533,-0.9076,1.001995
0.8400,0.2533,-0.8569,1.002141
0.8400,0.2533,-0.7961,1.002269
0.8400,0.2533,-0.7260,1.002445
0.8400,0.2533,-0.6474,1.002718
0.8400,0.2533,-0.5612,1.002998
0.8400,0.2533,-0.4684,1.003378
0.8400,0.2533,-0.3701,1.004099
0.8400,0.2533,-0.2675,1.005165
0.8400,0.2533,-0.1618,1.007615
0.8400,0.2533,-0.0541,1.019964
0.8400,0.2533,0.0541,0.825654
0.8400,0.2533,0.1618,0.929908
0.8400,0.2533,0.2675,0.953540
0.8400,0.2533,0.3701,0.966017
0.8400,0.2533,0.4684,0.973246
0.8400,0.2533,0.5612,0.978018
0.8400,0.2533,0.6474,0.980840
0.8400,0.2533,0.7260,0.983279
0.8400,0.2533,0.7961,0.985157
0.8400,0.2533,0.8569,0.986649
0.8400,0.2533,0.9076,0.987777
0.8400,0.2533,0.9477,0.989065
0.8400,0.2533,0.9766,0.990072
0.8400,0.2533,0.9941,0.991218
0.8400,0.2533,1.0000,0.991960
0.8400,0.3067,-1.0000,1.001418
0.8400,0.3067,-0.9941,1.001557
0.8400,0.3067,-0.9766,1.001732
0.8400,0.3067,-0.9477,1.001933
0.8400,0.3067,-0.9076,1.002070
0.8400,0.3067,-0.8569,1.002166
0.8400,0.3067,-0.7961,1.002367
0.8400,0.3067,-0.7260,1.002517
0.8400,0.3067,-0.6474,1.002790
0.8400,0.3067,-0.5612,1.003089
0.8400,0.3067,-0.4684,1.003550
0.8400,0.3067,-0.3701,1.004216
0.8400,0.3067,-0.2675,1.005289
0.8400,0.3067,-0.1618,1.007734
0.8400,0.3067,-0.0541,1.020268
0.8400,0.3067,0.0541,0.814564
0.8400,0.3067,0.1618,0.924577
0.8400,0.3067,0.2675,0.951941
0.8400,0.3067,0.3701,0.964276
0.8400,0.3067,0.4684,0.971323
0.8400,0.3067,0.5612,0.976278
0.8400,0.3067,0.6474,0.979756
0.8400,0.3067,0.7260,0.982331
0.8400,0.3067,0.7961,0.984316
0.8400,0.3067,0.8569,0.985892
0.8400,0.3067,0.9076,0.987004
0.8400,0.3067,0.9477,0.988076
0.8400,0.3067,0.9766,0.989578
0.8400,0.3067,0.9941,0.990246
0.8400,0.3067,1.0000,0.991096
0.8400,0.3600,-1.0000,1.001453
0.8400,0.3600,-0.9941,1.001549
0.8400,0.3600,-0.9766,1.001850
0.8400,0.3600,-0.9477,1.001984
0.8400,0.3600,-0.9076,1.002108
0.8400,0.3600,-0.8569,1.002264
0.8400,0.3600,-0.7961,1.002426
0.8400,0.3600,-0.7260,1.002621
0.8400,0.3600,-0.6474,1.002898
0.8400,0.3600,-0.5612,1.003225
0.8400,0.3600,-0.4684,1.003656
0.8400,0.3600,-0.3701,1.004391
0.8400,0.3600,-0.2675,1.005351
0.8400,0.3600,-0.1618,1.007861
0.8400,0.3600,-0.0541,1.020715
0.8400,0.3600,0.0541,0.805007
0.8400,0.3600,0.1618,0.917611
0.8400,0.3600,0.2675,0.947094
0.8400,0.3600,0.3701,0.961344
0.8400,0.3600,0.4684,0.967963
0.8400,0.3600,0.5612,0.973453
0.8400,0.3600,0.6474,0.977311
0.8400,0.3600,0.7260,0.979645
0.8400,0.3600,0.7961,0.981893
0.8400,0.3600,0.8569,0.983619
0.8400,0.3600,0.9076,0.985764
0.8400,0.3600,0.9477,0.987288
0.8400,0.3600,0.9766,0.988131
0.8400,0.3600,0.9941,0.988956
0.8400,0.3600,1.0000,0.990224
0.8400,0.4133,-1.0000,1.001506
0.8400,0.4133,-0.9941,1.001629
0.8400,0.4133,-0.9766,1.001913
0.8400,0.4133,-0.9477,1.002013
0.8400,0.4133,-0.9076,1.002171
0.8400,0.4133,-0.8569,1.002359
0.8400,0.4133,-0.7961,1.002546
0.8400,0.4133,-0.7260,1.002729
0.8400,0.4133,-0.6474,1.002959
0.8400,0.4133,-0.5612,1.003396
0.8400,0.4133,-0.4684,1.003813
0.8400,0.4133,-0.3701,1.004523
0.8400,0.4133,-0.2675,1.005592
0.8400,0.4133,-0.1618,1.008196
0.8400,0.4133,-0.0541,1.021005
0.8400,0.4133,0.0541,0.788159
0.8400,0.4133,0.1618,0.910458
0.8400,0.4133,0.2675,0.940556
0.8400,0.4133,0.3701,0.955524
0.8400,0.4133,0.4684,0.964856
0.8400,0.4133,0.5612,0.970057
0.8400,0.4133,0.6474,0.974474
0.8400,0.4133,0.7260,0.977121
0.8400,0.4133,0.7961,0.980114
0.8400,0.4133,0.8569,0.982434
0.8400,0.4133,0.9076,0.984433
0.8400,0.4133,0.9477,0.986065
0.8400,0.4133,0.9766,0.986979
0.8400,0.4133,0.9941,0.987741
0.8400,0.4133,1.0000,0.988734
0.8400,0.4667,-1.0000,1.001550
0.8400,0.4667,-0.9941,1.001708
0.8400,0.4667,-0.9766,1.001886
0.8400,0.4667,-0.9477,1.002081
0.8400,0.4667,-0.9076,1.002315
0.8400,0.4667,-0.8569,1.002512
0.8400,0.4667,-0.7961,1.002660
0.8400,0.4667,-0.7260,1.002863
0.8400,0.4667,-0.6474,1.003187
0.8400,0.4667,-0.5612,1.003567
0.8400,0.4667,-0.4684,1.004039
0.8400,0.4667,-0.3701,1.004588
0.8400,0.4667,-0.2675,1.005813
0.8400,0.4667,-0.1618,1.008488
0.8400,0.4667,-0.0541,1.021650
0.8400,0.4667,0.0541,0.763875
0.8400,0.4667,0.1618,0.897820
0.8400,0.4667,0.2675,0.933292
0.8400,0.4667,0.3701,0.946192
0.8400,0.4667,0.4684,0.956102
0.8400,0.4667,0.5612,0.963400
0.8400,0.4667,0.6474,0.968548
0.8400,0.4667,0.7260,0.972373
0.8400,0.4667,0.7961,0.975324
0.8400,0.4667,0.8569,0.978107
0.8400,0.4667,0.9076,0.981051
0.8400,0.4667,0.9477,0.982883
0.8400,0.4667,0.9766,0.984473
0.8400,0.4667,0.9941,0.986326
0.8400,0.4667,1.0000,0.986999
0.8400,0.5200,-1.0000,1.001596
0.8400,0.5200,-0.9941,1.001775
0.8400,0.5200,-0.9766,1.002015
0.8400,0.5200,-0.9477,1.002292
0.8400,0.5200,-0.9076,1.002479
0.8400,0.5200,-0.8569,1.002721
0.8400,0.5200,-0.7961,1.002878
0.8400,0.5200,-0.7260,1.003099
0.8400,0.5200,-0.6474,1.003420
0.8400,0.5200,-0.5612,1.003703
0.8400,0.5200,-0.4684,1.004172
0.8400,0.5200,-0.3701,1.004790
0.8400,0.5200,-0.2675,1.006078
0.8400,0.5200,-0.1618,1.009006
0.8400,0.5200,-0.0541,1.022972
0.8400,0.5200,0.0541,0.732709
0.8400,0.5200,0.1618,0.874035
0.8400,0.5200,0.2675,0.909024
0.8400,0.5200,0.3701,0.930281
0.8400,0.5200,0.4684,0.944482
0.8400,0.5200,0.5612,0.953490
0.8400,0.5200,0.6474,0.959870
0.8400,0.5200,0.7260,0.964358
0.8400,0.5200,0.7961,0.967947
0.8400,0.5200,0.8569,0.971653
0.8400,0.5200,0.9076,0.973819
0.8400,0.5200,0.9477,0.976234
0.8400,0.5200,0.9766,0.978464
0.8400,0.5200,0.9941,0.981567
0.8400,0.5200,1.0000,0.983924
0.8400,0.5733,-1.0000,1.001819
0.8400,0.5733,-0.9941,1.001944
0.8400,0.5733,-0.9766,1.002182
0.8400,0.5733,-0.9477,1.002506
0.8400,0.5733,-0.9076,1.002707
0.8400,0.5733,-0.8569,1.002975
0.8400,0.5733,-0.7961,1.003172
0.8400,0.5733,-0.7260,1.003362
0.8400,0.5733,-0.6474,1.003708
0.8400,0.5733,-0.5612,1.004062
0.8400,0.5733,-0.4684,1.004544
0.8400,0.5733,-0.3701,1.005197
0.8400,0.5733,-0.2675,1.006700
0.8400,0.5733,-0.1618,1.009351
0.8400,0.5733,-0.0541,1.023321
0.8400,0.5733,0.0541,0.673946
0.8400,0.5733,0.1618,0.846619
0.8400,0.5733,0.2675,0.899583
0.8400,0.5733,0.3701,0.918477
0.8400,0.5733,0.4684,0.932281
0.8400,0.5733,0.5612,0.943038
0.8400,0.5733,0.6474,0.949084
0.8400,0.5733,0.7260,0.956401
0.8400,0.5733,0.7961,0.963054
0.8400,0.5733,0.8569,0.968152
0.8400,0.5733,0.9076,0.972601
0.8400,0.5733,0.9477,0.974226
0.8400,0.5733,0.9766,0.974100
0.8400,0.5733,0.9941,0.974254
0.8400,0.5733,1.0000,0.977955
0.8400,0.6267,-1.0000,1.001871
0.8400,0.6267,-0.9941,1.002203
0.8400,0.6267,-0.9766,1.002436
0.8400,0.6267,-0.9477,1.002767
0.8400,0.6267,-0.9076,1.003068
0.8400,0.6267,-0.8569,1.003244
0.8400,0.6267,-0.7961,1.003463
0.8400,0.6267,-0.7260,1.003830
0.8400,0.6267,-0.6474,1.004142
0.8400,0.6267,-0.5612,1.004431
0.8400,0.6267,-0.4684,1.004903
0.8400,0.6267,-0.3701,1.005653
0.8400,0.6267,-0.2675,1.007187
0.8400,0.6267,-0.1618,1.010357
0.8400,0.6267,-0.0541,1.026119
0.8400,0.6267,0.0541,0.622316
0.8400,0.6267,0.1618,0.806511
0.8400,0.6267,0.2675,0.862496
0.8400,0.6267,0.3701,0.883589
0.8400,0.6267,0.4684,0.904928
0.8400,0.6267,0.5612,0.919284
0.8400,0.6267,0.6474,0.929591
0.8400,0.6267,0.7260,0.937339
0.8400,0.6267,0.7961,0.947030
0.8400,0.6267,0.8569,0.954743
0.8400,0.6267,0.9076,0.959537
0.8400,0.6267,0.9477,0.964537
0.8400,0.6267,0.9766,0.969130
0.8400,0.6267,0.9941,0.973295
0.8400,0.6267,1.0000,0.974824
0.8400,0.6800,-1.0000,1.002027
0.8400,0.6800,-0.9941,1.002478
0.8400,0.6800,-0.9766,1.002839
0.8400,0.6800,-0.9477,1.003293
0.8400,0.6800,-0.9076,1.003531
0.8400,0.6800,-0.8569,1.003794
0.8400,0.6800,-0.7961,1.004031
0.8400,0.6800,-0.7260,1.004415
0.8400,0.6800,-0.6474,1.004802
0.8400,0.6800,-0.5612,1.005368
0.8400,0.6800,-0.4684,1.005763
0.8400,0.6800,-0.3701,1.006487
0.8400,0.6800,-0.2675,1.007943
0.8400,0.6800,-0.1618,1.012251
0.8400,0.6800,-0.0541,1.032045
0.8400,0.6800,0.0541,0.552818
0.8400,0.6800,0.1618,0.754297
0.8400,0.6800,0.2675,0.824243
0.8400,0.6800,0.3701,0.863826
0.8400,0.6800,0.4684,0.883377
0.8400,0.6800,0.5612,0.900508
0.8400,0.6800,0.6474,0.912897
0.8400,0.6800,0.7260,0.922257
0.8400,0.6800,0.7961,0.931994
0.8400,0.6800,0.8569,0.937667
0.8400,0.6800,0.9076,0.946055
0.8400,0.6800,0.9477,0.952946
0.8400,0.6800,0.9766,0.957535
0.8400,0.6800,0.9941,0.957094
0.8400,0.6800,1.0000,0.959034
0.8400,0.7333,-1.0000,1.002414
0.8400,0.7333,-0.9941,1.003371
0.8400,0.7333,-0.9766,1.003652
0.8400,0.7333,-0.9477,1.003986
0.8400,0.7333,-0.9076,1.004380
0.8400,0.7333,-0.8569,1.004896
0.8400,0.7333,-0.7961,1.005439
0.8400,0.7333,-0.7260,1.005843
0.8400,0.7333,-0.6474,1.006406
0.8400,0.7333,-0.5612,1.007117
0.8400,0.7333,-0.4684,1.007485
0.8400,0.7333,-0.3701,1.008382
0.8400,0.7333,-0.2675,1.011103
0.8400,0.7333,-0.1618,1.015649
0.8400,0.7333,-0.0541,1.040980
0.8400,0.7333,0.0541,0.430156
0.8400,0.7333,0.1618,0.647478
0.8400,0.7333,0.2675,0.729751
0.8400,0.7333,0.3701,0.775659
0.8400,0.7333,0.4684,0.802274
0.8400,0.7333,0.5612,0.827801
0.8400,0.7333,0.6474,0.845067
0.8400,0.7333,0.7260,0.868071
0.8400,0.7333,0.7961,0.888342
0.8400,0.7333,0.8569,0.905514
0.8400,0.7333,0.9076,0.921550
0.8400,0.7333,0.9477,0.922601
0.8400,0.7333,0.9766,0.924170
0.8400,0.7333,0.9941,0.927259
0.8400,0.7333,1.0000,0.939204
0.8400,0.7867,-1.0000,1.004442
0.8400,0.7867,-0.9941,1.005619
0.8400,0.7867,-0.9766,1.006146
0.8400,0.7867,-0.9477,1.006661
0.8400,0.7867,-0.9076,1.007656
0.8400,0.7867,-0.8569,1.008452
0.8400,0.7867,-0.7961,1.009432
0.8400,0.7867,-0.7260,1.009968
0.8400,0.7867,-0.6474,1.010089
0.8400,0.7867,-0.5612,1.010441
0.8400,0.7867,-0.4684,1.011136
0.8400,0.7867,-0.3701,1.014523
0.8400,0.7867,-0.2675,1.018409
0.8400,0.7867,-0.1618,1.027097
0.8400,0.7867,-0.0541,1.077504
0.8400,0.7867,0.0541,0.308533
0.8400,0.7867,0.1618,0.528872
0.8400,0.7867,0.2675,0.633810
0.8400,0.7867,0.3701,0.686584
0.8400,0.7867,0.4684,0.743529
0.8400,0.7867,0.5612,0.774227
0.8400,0.7867,0.6474,0.795063
0.8400,0.7867,0.7260,0.811838
0.8400,0.7867,0.7961,0.835033
0.8400,0.7867,0.8569,0.844649
0.8400,0.7867,0.9076,0.838376
0.8400,0.7867,0.9477,0.864575
0.8400,0.7867,0.9766,0.872270
0.8400,0.7867,0.9941,0.887169
0.8400,0.7867,1.0000,0.864346
0.8400,0.8400,-1.0000,0.884498
0.8400,0.8400,-0.9941,0.887710
0.8400,0.8400,-0.9766,0.887543
0.8400,0.8400,-0.9477,0.887845
0.8400,0.8400,-0.9076,0.888591
0.8400,0.8400,-0.8569,0.887873
0.8400,0.8400,-0.7961,0.888402
0.8400,0.8400,-0.7260,0.887779
0.8400,0.8400,-0.6474,0.889041
0.8400,0.8400,-0.5612,0.891976
0.8400,0.8400,-0.4684,0.891946
0.8400,0.8400,-0.3701,0.891219
0.8400,0.8400,-0.2675,0.892734
0.8400,0.8400,-0.1618,0.890181
0.8400,0.8400,-0.0541,0.890773
0.8400,0.8400,0.0541,0.891335
0.8400,0.8400,0.1618,0.889607
0.8400,0.8400,0.2675,0.888962
0.8400,0.8400,0.3701,0.889303
0.8400,0.8400,0.4684,0.889644
0.8400,0.8400,0.5612,0.890075
0.8400,0.8400,0.6474,0.891553
0.8400,0.8400,0.7260,0.893395
0.8400,0.8400,0.7961,0.895102
0.8400,0.8400,0.8569,0.895406
0.8400,0.8400,0.9076,0.896616
0.8400,0.8400,0.9477,0.894768
0.8400,0.8400,0.9766,0.898948
0.8400,0.8400,0.9941,0.905276
0.8400,0.8400,1.0000,0.903302
0.8933,0.2000,-1.0000,1.001188
0.8933,0.2000,-0.9941,1.001280
0.8933,0.2000,-0.9766,1.001474
0.8933,0.2000,-0.9477,1.001567
0.8933,0.2000,-0.9076,1.001762
0.8933,0.2000,-0.8569,1.001883
0.8933,0.2000,-0.7961,1.001989
0.8933,0.2000,-0.7260,1.002128
0.8933,0.2000,-0.6474,1.002340
0.8933,0.2000,-0.5612,1.002596
0.8933,0.2000,-0.4684,1.002913
0.8933,0.2000,-0.3701,1.003420
0.8933,0.2000,-0.2675,1.004466
0.8933,0.2000,-0.1618,1.006335
0.8933,0.2000,-0.0541,1.016258
0.8933,0.2000,0.0541,0.835483
0.8933,0.2000,0.1618,0.934410
0.8933,0.2000,0.2675,0.958240
0.8933,0.2000,0.3701,0.969504
0.8933,0.2000,0.4684,0.976078
0.8933,0.2000,0.5612,0.979893
0.8933,0.2000,0.6474,0.982443
0.8933,0.2000,0.7260,0.984674
0.8933,0.2000,0.7961,0.986392
0.8933,0.2000,0.8569,0.987719
0.8933,0.2000,0.9076,0.989363
0.8933,0.2000,0.9477,0.990213
0.8933,0.2000,0.9766,0.991338
0.8933,0.2000,0.9941,0.992107
0.8933,0.2000,1.0000,0.992418
0.8933,0.2533,-1.0000,1.001202
0.8933,0.2533,-0.9941,1.001307
0.8933,0.2533,-0.9766,1.001491
0.8933,0.2533,-0.9477,1.001606
0.8933,0.2533,-0.9076,1.001762
0.8933,0.2533,-0.8569,1.001889
0.8933,0.2533,-0.7961,1.001995
0.8933,0.2533,-0.7260,1.002178
0.8933,0.2533,-0.6474,1.002399
0.8933,0.2533,-0.5612,1.002611
0.8933,0.2533,-0.4684,1.002932
0.8933,0.2533,-0.3701,1.003543
0.8933,0.2533,-0.2675,1.004408
0.8933,0.2533,-0.1618,1.006395
0.8933,0.2533,-0.0541,1.016540
0.8933,0.2533,0.0541,0.829272
0.8933,0.2533,0.1618,0.931348
0.8933,0.2533,0.2675,0.955354
0.8933,0.2533,0.3701,0.966746
0.8933,0.2533,0.4684,0.973739
0.8933,0.2533,0.5612,0.978407
0.8933,0.2533,0.6474,0.981161
0.8933,0.2533,0.7260,0.983545
0.8933,0.2533,0.7961,0.985382
0.8933,0.2533,0.8569,0.986840
0.8933,0.2533,0.9076,0.987941
0.8933,0.2533,0.9477,0.989204
0.8933,0.2533,0.9766,0.990190
0.8933,0.2533,0.9941,0.991315
0.8933,0.2533,1.0000,0.992042
0.8933,0.3067,-1.0000,1.001222
0.8933,0.3067,-0.9941,1.001348
0.8933,0.3067,-0.9766,1.001517
0.8933,0.3067,-0.9477,1.001719
0.8933,0.3067,-0.9076,1.001812
0.8933,0.3067,-0.8569,1.001888
0.8933,0.3067,-0.7961,1.002065
0.8933,0.3067,-0.7260,1.002187
0.8933,0.3067,-0.6474,1.002420
0.8933,0.3067,-0.5612,1.002658
0.8933,0.3067,-0.4684,1.003053
0.8933,0.3067,-0.3701,1.003588
0.8933,0.3067,-0.2675,1.004499
0.8933,0.3067,-0.1618,1.006445
0.8933,0.3067,-0.0541,1.016674
0.8933,0.3067,0.0541,0.815571
0.8933,0.3067,0.1618,0.926568
0.8933,0.3067,0.2675,0.953179
0.8933,0.3067,0.3701,0.965087
0.8933,0.3067,0.4684,0.971951
0.8933,0.3067,0.5612,0.976781
0.8933,0.3067,0.6474,0.980170
0.8933,0.3067,0.7260,0.982679
0.8933,0.3067,0.7961,0.984612
0.8933,0.3067,0.8569,0.986147
0.8933,0.3067,0.9076,0.987647
0.8933,0.3067,0.9477,0.988666
0.8933,0.3067,0.9766,0.989741
0.8933,0.3067,0.9941,0.990390
0.8933,0.3067,1.0000,0.991219
0.8933,0.3600,-1.0000,1.001234
0.8933,0.3600,-0.9941,1.001348
0.8933,0.3600,-0.9766,1.001587
0.8933,0.3600,-0.9477,1.001723
0.8933,0.3600,-0.9076,1.001833
0.8933,0.3600,-0.8569,1.001961
0.8933,0.3600,-0.7961,1.002095
0.8933,0.3600,-0.7260,1.002245
0.8933,0.3600,-0.6474,1.002475
0.8933,0.3600,-0.5612,1.002752
0.8933,0.3600,-0.4684,1.003087
0.8933,0.3600,-0.3701,1.003685
0.8933,0.3600,-0.2675,1.004545
0.8933,0.3600,-0.1618,1.006413
0.8933,0.3600,-0.0541,1.016324
0.8933,0.3600,0.0541,0.810175
0.8933,0.3600,0.1618,0.920281
0.8933,0.3600,0.2675,0.948707
0.8933,0.3600,0.3701,0.962392
0.8933,0.3600,0.4684,0.969751
0.8933,0.3600,0.5612,0.974941
0.8933,0.3600,0.6474,0.978548
0.8933,0.3600,0.7260,0.980651
0.8933,0.3600,0.7961,0.982787
0.8933,0.3600,0.8569,0.984425
0.8933,0.3600,0.9076,0.986455
0.8933,0.3600,0.9477,0.987580
0.8933,0.3600,0.9766,0.988747
0.8933,0.3600,0.9941,0.989527
0.8933,0.3600,1.0000,0.990745
0.8933,0.4133,-1.0000,1.001228
0.8933,0.4133,-0.9941,1.001376
0.8933,0.4133,-0.9766,1.001637
0.8933,0.4133,-0.9477,1.001715
0.8933,0.4133,-0.9076,1.001852
0.8933,0.4133,-0.8569,1.001996
0.8933,0.4133,-0.7961,1.002157
0.8933,0.4133,-0.7260,1.002302
0.8933,0.4133,-0.6474,1.002551
0.8933,0.4133,-0.5612,1.002844
0.8933,0.4133,-0.4684,1.003188
0.8933,0.4133,-0.3701,1.003739
0.8933,0.4133,-0.2675,1.004559
0.8933,0.4133,-0.1618,1.006497
0.8933,0.4133,-0.0541,1.016636
0.8933,0.4133,0.0541,0.795600
0.8933,0.4133,0.1618,0.913641
0.8933,0.4133,0.2675,0.945355
0.8933,0.4133,0.3701,0.958228
0.8933,0.4133,0.4684,0.965982
0.8933,0.4133,0.5612,0.971763
0.8933,0.4133,0.6474,0.975827
0.8933,0.4133,0.7260,0.978333
0.8933,0.4133,0.7961,0.981159
0.8933,0.4133,0.8569,0.983347
0.8933,0.4133,0.9076,0.984821
0.8933,0.4133,0.9477,0.985988
0.8933,0.4133,0.9766,0.986888
0.8933,0.4133,0.9941,0.988801
0.8933,0.4133,1.0000,0.989406
0.8933,0.4667,-1.0000,1.001258
0.8933,0.4667,-0.9941,1.001488
0.8933,0.4667,-0.9766,1.001618
0.8933,0.4667,-0.9477,1.001746
0.8933,0.4667,-0.9076,1.001924
0.8933,0.4667,-0.8569,1.002096
0.8933,0.4667,-0.7961,1.002219
0.8933,0.4667,-0.7260,1.002355
0.8933,0.4667,-0.6474,1.002714
0.8933,0.4667,-0.5612,1.002924
0.8933,0.4667,-0.4684,1.003241
0.8933,0.4667,-0.3701,1.003815
0.8933,0.4667,-0.2675,1.004637
0.8933,0.4667,-0.1618,1.006668
0.8933,0.4667,-0.0541,1.016644
0.8933,0.4667,0.0541,0.779550
0.8933,0.4667,0.1618,0.902016
0.8933,0.4667,0.2675,0.937503
0.8933,0.4667,0.3701,0.950859
0.8933,0.4667,0.4684,0.960143
0.8933,0.4667,0.5612,0.965909
0.8933,0.4667,0.6474,0.970716
0.8933,0.4667,0.7260,0.974284
0.8933,0.4667,0.7961,0.977036
0.8933,0.4667,0.8569,0.979618
0.8933,0.4667,0.9076,0.982851
0.8933,0.4667,0.9477,0.984054
0.8933,0.4667,0.9766,0.985888
0.8933,0.4667,0.9941,0.986836
0.8933,0.4667,1.0000,0.987858
0.8933,0.5200,-1.0000,1.001289
0.8933,0.5200,-0.9941,1.001474
0.8933,0.5200,-0.9766,1.001715
0.8933,0.5200,-0.9477,1.001884
0.8933,0.5200,-0.9076,1.002047
0.8933,0.5200,-0.8569,1.002218
0.8933,0.5200,-0.7961,1.002330
0.8933,0.5200,-0.7260,1.002503
0.8933,0.5200,-0.6474,1.002760
0.8933,0.5200,-0.5612,1.003044
0.8933,0.5200,-0.4684,1.003341
0.8933,0.5200,-0.3701,1.003817
0.8933,0.5200,-0.2675,1.004727
0.8933,0.5200,-0.1618,1.006741
0.8933,0.5200,-0.0541,1.016213
0.8933,0.5200,0.0541,0.748240
0.8933,0.5200,0.1618,0.887962
0.8933,0.5200,0.2675,0.916227
0.8933,0.5200,0.3701,0.938010
0.8933,0.5200,0.4684,0.949108
0.8933,0.5200,0.5612,0.957404
0.8933,0.5200,0.6474,0.963268
0.8933,0.5200,0.7260,0.966079
0.8933,0.5200,0.7961,0.969536
0.8933,0.5200,0.8569,0.973056
0.8933,0.5200,0.9076,0.975078
0.8933,0.5200,0.9477,0.978156
0.8933,0.5200,0.9766,0.982227
0.8933,0.5200,0.9941,0.984751
0.8933,0.5200,1.0000,0.985861
0.8933,0.5733,-1.0000,1.001404
0.8933,0.5733,-0.9941,1.001486
0.8933,0.5733,-0.9766,1.001731
0.8933,0.5733,-0.9477,1.001973
0.8933,0.5733,-0.9076,1.002176
0.8933,0.5733,-0.8569,1.002361
0.8933,0.5733,-0.7961,1.002506
0.8933,0.5733,-0.7260,1.002663
0.8933,0.5733,-0.6474,1.002867
0.8933,0.5733,-0.5612,1.003103
0.8933,0.5733,-0.4684,1.003442
0.8933,0.5733,-0.3701,1.003979
0.8933,0.5733,-0.2675,1.005055
0.8933,0.5733,-0.1618,1.006859
0.8933,0.5733,-0.0541,1.016221
0.8933,0.5733,0.0541,0.688214
0.8933,0.5733,0.1618,0.859953
0.8933,0.5733,0.2675,0.908961
0.8933,0.5733,0.3701,0.928828
0.8933,0.5733,0.4684,0.940749
0.8933,0.5733,0.5612,0.950280
0.8933,0.5733,0.6474,0.956899
0.8933,0.5733,0.7260,0.961952
0.8933,0.5733,0.7961,0.967716
0.8933,0.5733,0.8569,0.971106
0.8933,0.5733,0.9076,0.972454
0.8933,0.5733,0.9477,0.974204
0.8933,0.5733,0.9766,0.975806
0.8933,0.5733,0.9941,0.979108
0.8933,0.5733,1.0000,0.980761
0.8933,0.6267,-1.0000,1.001430
0.8933,0.6267,-0.9941,1.001634
0.8933,0.6267,-0.9766,1.001891
0.8933,0.6267,-0.9477,1.002164
0.8933,0.6267,-0.9076,1.002343
0.8933,0.6267,-0.8569,1.002470
0.8933,0.6267,-0.7961,1.002643
0.8933,0.6267,-0.7260,1.002876
0.8933,0.6267,-0.6474,1.003099
0.8933,0.6267,-0.5612,1.003234
0.8933,0.6267,-0.4684,1.003604
0.8933,0.6267,-0.3701,1.004168
0.8933,0.6267,-0.2675,1.005201
0.8933,0.6267,-0.1618,1.006807
0.8933,0.6267,-0.0541,1.016206
0.8933,0.6267,0.0541,0.660445
0.8933,0.6267,0.1618,0.820982
0.8933,0.6267,0.2675,0.873756
0.8933,0.6267,0.3701,0.900495
0.8933,0.6267,0.4684,0.919174
0.8933,0.6267,0.5612,0.931649
0.8933,0.6267,0.6474,0.940735
0.8933,0.6267,0.7260,0.947234
0.8933,0.6267,0.7961,0.955308
0.8933,0.6267,0.8569,0.960580
0.8933,0.6267,0.9076,0.964657
0.8933,0.6267,0.9477,0.969730
0.8933,0.6267,0.9766,0.975358
0.8933,0.6267,0.9941,0.975812
0.8933,0.6267,1.0000,0.977605
0.8933,0.6800,-1.0000,1.001478
0.8933,0.6800,-0.9941,1.001798
0.8933,0.6800,-0.9766,1.001969
0.8933,0.6800,-0.9477,1.002343
0.8933,0.6800,-0.9076,1.002513
0.8933,0.6800,-0.8569,1.002698
0.8933,0.6800,-0.7961,1.002920
0.8933,0.6800,-0.7260,1.003136
0.8933,0.6800,-0.6474,1.003323
0.8933,0.6800,-0.5612,1.003591
0.8933,0.6800,-0.4684,1.003794
0.8933,0.6800,-0.3701,1.004292
0.8933,0.6800,-0.2675,1.005215
0.8933,0.6800,-0.1618,1.007417
0.8933,0.6800,-0.0541,1.017077
0.8933,0.6800,0.0541,0.589246
0.8933,0.6800,0.1618,0.782357
0.8933,0.6800,0.2675,0.830638
0.8933,0.6800,0.3701,0.868825
0.8933,0.6800,0.4684,0.892301
0.8933,0.6800,0.5612,0.908190
0.8933,0.6800,0.6474,0.919645
0.8933,0.6800,0.7260,0.928279
0.8933,0.6800,0.7961,0.937231
0.8933,0.6800,0.8569,0.944537
0.8933,0.6800,0.9076,0.953202
0.8933,0.6800,0.9477,0.961474
0.8933,0.6800,0.9766,0.964449
0.8933,0.6800,0.9941,0.965798
0.8933,0.6800,1.0000,0.971724
0.8933,0.7333,-1.0000,1.001607
0.8933,0.7333,-0.9941,1.002085
0.8933,0.7333,-0.9766,1.002293
0.8933,0.7333,-0.9477,1.002617
0.8933,0.7333,-0.9076,1.002720
0.8933,0.7333,-0.8569,1.003038
0.8933,0.7333,-0.7961,1.003324
0.8933,0.7333,-0.7260,1.003507
0.8933,0.7333,-0.6474,1.003861
0.8933,0.7333,-0.5612,1.004079
0.8933,0.7333,-0.4684,1.004231
0.8933,0.7333,-0.3701,1.004754
0.8933,0.7333,-0.2675,1.006016
0.8933,0.7333,-0.1618,1.007942
0.8933,0.7333,-0.0541,1.020693
0.8933,0.7333,0.0541,0.522089
0.8933,0.7333,0.1618,0.724858
0.8933,0.7333,0.2675,0.803802
0.8933,0.7333,0.3701,0.846986
0.8933,0.7333,0.4684,0.863021
0.8933,0.7333,0.5612,0.882401
0.8933,0.7333,0.6474,0.896515
0.8933,0.7333,0.7260,0.911627
0.8933,0.7333,0.7961,0.922458
0.8933,0.7333,0.8569,0.926372
0.8933,0.7333,0.9076,0.935342
0.8933,0.7333,0.9477,0.944715
0.8933,0.7333,0.9766,0.947008
0.8933,0.7333,0.9941,0.950544
0.8933,0.7333,1.0000,0.954514
0.8933,0.7867,-1.0000,1.001972
0.8933,0.7867,-0.9941,1.002445
0.8933,0.7867,-0.9766,1.002787
0.8933,0.7867,-0.9477,1.003024
0.8933,0.7867,-0.9076,1.003415
0.8933,0.7867,-0.8569,1.003997
0.8933,0.7867,-0.7961,1.004291
0.8933,0.7867,-0.7260,1.004434
0.8933,0.7867,-0.6474,1.004759
0.8933,0.7867,-0.5612,1.004727
0.8933,0.7867,-0.4684,1.004750
0.8933,0.7867,-0.3701,1.006012
0.8933,0.7867,-0.2675,1.006564
0.8933,0.7867,-0.1618,1.007960
0.8933,0.7867,-0.0541,1.018525
0.8933,0.7867,0.0541,0.388627
0.8933,0.7867,0.1618,0.613685
0.8933,0.7867,0.2675,0.721337
0.8933,0.7867,0.3701,0.778387
0.8933,0.7867,0.4684,0.806146
0.8933,0.7867,0.5612,0.829494
0.8933,0.7867,0.6474,0.855176
0.8933,0.7867,0.7260,0.865931
0.8933,0.7867,0.7961,0.876629
0.8933,0.7867,0.8569,0.891201
0.8933,0.7867,0.9076,0.895630
0.8933,0.7867,0.9477,0.909755
0.8933,0.7867,0.9766,0.915566
0.8933,0.7867,0.9941,0.924520
0.8933,0.7867,1.0000,0.921798
0.8933,0.8400,-1.0000,1.002982
0.8933,0.8400,-0.9941,1.003188
0.8933,0.8400,-0.9766,1.004311
0.8933,0.8400,-0.9477,1.004714
0.8933,0.8400,-0.9076,1.005620
0.8933,0.8400,-0.8569,1.005826
0.8933,0.8400,-0.7961,1.006374
0.8933,0.8400,-0.7260,1.006715
0.8933,0.8400,-0.6474,1.006927
0.8933,0.8400,-0.5612,1.006918
0.8933,0.8400,-0.4684,1.008527
0.8933,0.8400,-0.3701,1.010213
0.8933,0.8400,-0.2675,1.011633
0.8933,0.8400,-0.1618,1.014785
0.8933,0.8400,-0.0541,1.028481
0.8933,0.8400,0.0541,0.270429
0.8933,0.8400,0.1618,0.461203
0.8933,0.8400,0.2675,0.569577
0.8933,0.8400,0.3701,0.636921
0.8933,0.8400,0.4684,0.682803
0.8933,0.8400,0.5612,0.726851
0.8933,0.8400,0.6474,0.763682
0.8933,0.8400,0.7260,0.781911
0.8933,0.8400,0.7961,0.823896
0.8933,0.8400,0.8569,0.825346
0.8933,0.8400,0.9076,0.826250
0.8933,0.8400,0.9477,0.843742
0.8933,0.8400,0.9766,0.855619
0.8933,0.8400,0.9941,0.867874
0.8933,0.8400,1.0000,0.857644
0.8933,0.8933,-1.0000,0.937340
0.8933,0.8933,-0.9941,0.939850
0.8933,0.8933,-0.9766,0.940309
0.8933,0.8933,-0.9477,0.939238
0.8933,0.8933,-0.9076,0.939037
0.8933,0.8933,-0.8569,0.939413
0.8933,0.8933,-0.7961,0.939849
0.8933,0.8933,-0.7260,0.938916
0.8933,0.8933,-0.6474,0.939649
0.8933,0.8933,-0.5612,0.938062
0.8933,0.8933,-0.4684,0.939402
0.8933,0.8933,-0.3701,0.938004
0.8933,0.8933,-0.2675,0.937994
0.8933,0.8933,-0.1618,0.938360
0.8933,0.8933,-0.0541,0.937972
0.8933,0.8933,0.0541,0.937877
0.8933,0.8933,0.1618,0.937776
0.8933,0.8933,0.2675,0.937409
0.8933,0.8933,0.3701,0.937586
0.8933,0.8933,0.4684,0.937868
0.8933,0.8933,0.5612,0.938568
0.8933,0.8933,0.6474,0.938488
0.8933,0.8933,0.7260,0.938750
0.8933,0.8933,0.7961,0.940118
0.8933,0.8933,0.8569,0.940867
0.8933,0.8933,0.9076,0.941979
0.8933,0.8933,0.9477,0.942324
0.8933,0.8933,0.9766,0.942320
0.8933,0.8933,0.9941,0.945170
0.8933,0.8933,1.0000,0.949297
0.9467,0.2000,-1.0000,1.001014
0.9467,0.2000,-0.9941,1.001172
0.9467,0.2000,-0.9766,1.001326
0.9467,0.2000,-0.9477,1.001409
0.9467,0.2000,-0.9076,1.001591
0.9467,0.2000,-0.8569,1.001708
0.9467,0.2000,-0.7961,1.001790
0.9467,0.2000,-0.7260,1.001908
0.9467,0.2000,-0.6474,1.002089
0.9467,0.2000,-0.5612,1.002314
0.9467,0.2000,-0.4684,1.002605
0.9467,0.2000,-0.3701,1.003049
0.9467,0.2000,-0.2675,1.003908
0.9467,0.2000,-0.1618,1.005544
0.9467,0.2000,-0.0541,1.013820
0.9467,0.2000,0.0541,0.840231
0.9467,0.2000,0.1618,0.935379
0.9467,0.2000,0.2675,0.958845
0.9467,0.2000,0.3701,0.970075
0.9467,0.2000,0.4684,0.976394
0.9467,0.2000,0.5612,0.980144
0.9467,0.2000,0.6474,0.982647
0.9467,0.2000,0.7260,0.984842
0.9467,0.2000,0.7961,0.986532
0.9467,0.2000,0.8569,0.988176
0.9467,0.2000,0.9076,0.989460
0.9467,0.2000,0.9477,0.990294
0.9467,0.2000,0.9766,0.991404
0.9467,0.2000,0.9941,0.992162
0.9467,0.2000,1.0000,0.992464
0.9467,0.2533,-1.0000,1.001075
0.9467,0.2533,-0.9941,1.001194
0.9467,0.2533,-0.9766,1.001346
0.9467,0.2533,-0.9477,1.001435
0.9467,0.2533,-0.9076,1.001598
0.9467,0.2533,-0.8569,1.001692
0.9467,0.2533,-0.7961,1.001779
0.9467,0.2533,-0.7260,1.001934
0.9467,0.2533,-0.6474,1.002127
0.9467,0.2533,-0.5612,1.002325
0.9467,0.2533,-0.4684,1.002583
0.9467,0.2533,-0.3701,1.003142
0.9467,0.2533,-0.2675,1.003842
0.9467,0.2533,-0.1618,1.005508
0.9467,0.2533,-0.0541,1.013751
0.9467,0.2533,0.0541,0.831874
0.9467,0.2533,0.1618,0.932521
0.9467,0.2533,0.2675,0.956299
0.9467,0.2533,0.3701,0.968044
0.9467,0.2533,0.4684,0.974140
0.9467,0.2533,0.5612,0.978725
0.9467,0.2533,0.6474,0.981423
0.9467,0.2533,0.7260,0.983763
0.9467,0.2533,0.7961,0.985566
0.9467,0.2533,0.8569,0.986997
0.9467,0.2533,0.9076,0.988077
0.9467,0.2533,0.9477,0.989319
0.9467,0.2533,0.9766,0.990288
0.9467,0.2533,0.9941,0.991397
0.9467,0.2533,1.0000,0.992342
0.9467,0.3067,-1.0000,1.001081
0.9467,0.3067,-0.9941,1.001224
0.9467,0.3067,-0.9766,1.001350
0.9467,0.3067,-0.9477,1.001524
0.9467,0.3067,-0.9076,1.001612
0.9467,0.3067,-0.8569,1.001673
0.9467,0.3067,-0.7961,1.001829
0.9467,0.3067,-0.7260,1.001984
0.9467,0.3067,-0.6474,1.002124
0.9467,0.3067,-0.5612,1.002346
0.9467,0.3067,-0.4684,1.002658
0.9467,0.3067,-0.3701,1.003100
0.9467,0.3067,-0.2675,1.003882
0.9467,0.3067,-0.1618,1.005514
0.9467,0.3067,-0.0541,1.013646
0.9467,0.3067,0.0541,0.822261
0.9467,0.3067,0.1618,0.928152
0.9467,0.3067,0.2675,0.954082
0.9467,0.3067,0.3701,0.965741
0.9467,0.3067,0.4684,0.972458
0.9467,0.3067,0.5612,0.977188
0.9467,0.3067,0.6474,0.980506
0.9467,0.3067,0.7260,0.982962
0.9467,0.3067,0.7961,0.984853
0.9467,0.3067,0.8569,0.986354
0.9467,0.3067,0.9076,0.987825
0.9467,0.3067,0.9477,0.988822
0.9467,0.3067,0.9766,0.989875
0.9467,0.3067,0.9941,0.990509
0.9467,0.3067,1.0000,0.991321
0.9467,0.3600,-1.0000,1.001080
0.9467,0.3600,-0.9941,1.001219
0.9467,0.3600,-0.9766,1.001414
0.9467,0.3600,-0.9477,1.001518
0.9467,0.3600,-0.9076,1.001613
0.9467,0.3600,-0.8569,1.001724
0.9467,0.3600,-0.7961,1.001837
0.9467,0.3600,-0.7260,1.001997
0.9467,0.3600,-0.6474,1.002162
0.9467,0.3600,-0.5612,1.002382
0.9467,0.3600,-0.4684,1.002648
0.9467,0.3600,-0.3701,1.003164
0.9467,0.3600,-0.2675,1.003861
0.9467,0.3600,-0.1618,1.005331
0.9467,0.3600,-0.0541,1.013323
0.9467,0.3600,0.0541,0.814434
0.9467,0.3600,0.1618,0.922065
0.9467,0.3600,0.2675,0.949860
0.9467,0.3600,0.3701,0.963229
0.9467,0.3600,0.4684,0.970405
0.9467,0.3600,0.5612,0.975470
0.9467,0.3600,0.6474,0.979026
0.9467,0.3600,0.7260,0.981658
0.9467,0.3600,0.7961,0.983685
0.9467,0.3600,0.8569,0.985238
0.9467,0.3600,0.9076,0.987157
0.9467,0.3600,0.9477,0.988206
0.9467,0.3600,0.9766,0.989312
0.9467,0.3600,0.9941,0.990054
0.9467,0.3600,1.0000,0.990889
0.9467,0.4133,-1.0000,1.001073
0.9467,0.4133,-0.9941,1.001201
0.9467,0.4133,-0.9766,1.001447
0.9467,0.4133,-0.9477,1.001502
0.9467,0.4133,-0.9076,1.001626
0.9467,0.4133,-0.8569,1.001739
0.9467,0.4133,-0.7961,1.001860
0.9467,0.4133,-0.7260,1.002024
0.9467,0.4133,-0.6474,1.002191
0.9467,0.4133,-0.5612,1.002428
0.9467,0.4133,-0.4684,1.002718
0.9467,0.4133,-0.3701,1.003147
0.9467,0.4133,-0.2675,1.003761
0.9467,0.4133,-0.1618,1.005360
0.9467,0.4133,-0.0541,1.013137
0.9467,0.4133,0.0541,0.800277
0.9467,0.4133,0.1618,0.916342
0.9467,0.4133,0.2675,0.946835
0.9467,0.4133,0.3701,0.960327
0.9467,0.4133,0.4684,0.967831
0.9467,0.4133,0.5612,0.973311
0.9467,0.4133,0.6474,0.977120
0.9467,0.4133,0.7260,0.979502
0.9467,0.4133,0.7961,0.982176
0.9467,0.4133,0.8569,0.984244
0.9467,0.4133,0.9076,0.985641
0.9467,0.4133,0.9477,0.986746
0.9467,0.4133,0.9766,0.988312
0.9467,0.4133,0.9941,0.989401
0.9467,0.4133,1.0000,0.990300
0.9467,0.4667,-1.0000,1.001017
0.9467,0.4667,-0.9941,1.001279
0.9467,0.4667,-0.9766,1.001445
0.9467,0.4667,-0.9477,1.001498
0.9467,0.4667,-0.9076,1.001637
0.9467,0.4667,-0.8569,1.001793
0.9467,0.4667,-0.7961,1.001890
0.9467,0.4667,-0.7260,1.001986
0.9467,0.4667,-0.6474,1.002297
0.9467,0.4667,-0.5612,1.002432
0.9467,0.4667,-0.4684,1.002762
0.9467,0.4667,-0.3701,1.003139
0.9467,0.4667,-0.2675,1.003831
0.9467,0.4667,-0.1618,1.005346
0.9467,0.4667,-0.0541,1.012846
0.9467,0.4667,0.0541,0.786328
0.9467,0.4667,0.1618,0.907140
0.9467,0.4667,0.2675,0.939697
0.9467,0.4667,0.3701,0.953700
0.9467,0.4667,0.4684,0.962359
0.9467,0.4667,0.5612,0.967828
0.9467,0.4667,0.6474,0.972374
0.9467,0.4667,0.7260,0.975745
0.9467,0.4667,0.7961,0.978344
0.9467,0.4667,0.8569,0.980773
0.9467,0.4667,0.9076,0.983809
0.9467,0.4667,0.9477,0.984946
0.9467,0.4667,0.9766,0.985865
0.9467,0.4667,0.9941,0.987618
0.9467,0.4667,1.0000,0.988278
0.9467,0.5200,-1.0000,1.001065
0.9467,0.5200,-0.9941,1.001236
0.9467,0.5200,-0.9766,1.001446
0.9467,0.5200,-0.9477,1.001585
0.9467,0.5200,-0.9076,1.001731
0.9467,0.5200,-0.8569,1.001865
0.9467,0.5200,-0.7961,1.001936
0.9467,0.5200,-0.7260,1.002099
0.9467,0.5200,-0.6474,1.002344
0.9467,0.5200,-0.5612,1.002519
0.9467,0.5200,-0.4684,1.002781
0.9467,0.5200,-0.3701,1.003217
0.9467,0.5200,-0.2675,1.003745
0.9467,0.5200,-0.1618,1.005272
0.9467,0.5200,-0.0541,1.012134
0.9467,0.5200,0.0541,0.760395
0.9467,0.5200,0.1618,0.892399
0.9467,0.5200,0.2675,0.925753
0.9467,0.5200,0.3701,0.942039
0.9467,0.5200,0.4684,0.952648
0.9467,0.5200,0.5612,0.960402
0.9467,0.5200,0.6474,0.964722
0.9467,0.5200,0.7260,0.969738
0.9467,0.5200,0.7961,0.972893
0.9467,0.5200,0.8569,0.976818
0.9467,0.5200,0.9076,0.979951
0.9467,0.5200,0.9477,0.981780
0.9467,0.5200,0.9766,0.983997
0.9467,0.5200,0.9941,0.985826
0.9467,0.5200,1.0000,0.986795
0.9467,0.5733,-1.0000,1.001099
0.9467,0.5733,-0.9941,1.001224
0.9467,0.5733,-0.9766,1.001461
0.9467,0.5733,-0.9477,1.001632
0.9467,0.5733,-0.9076,1.001798
0.9467,0.5733,-0.8569,1.001950
0.9467,0.5733,-0.7961,1.002080
0.9467,0.5733,-0.7260,1.002164
0.9467,0.5733,-0.6474,1.002283
0.9467,0.5733,-0.5612,1.002556
0.9467,0.5733,-0.4684,1.002791
0.9467,0.5733,-0.3701,1.003140
0.9467,0.5733,-0.2675,1.003823
0.9467,0.5733,-0.1618,1.005121
0.9467,0.5733,-0.0541,1.011340
0.9467,0.5733,0.0541,0.718003
0.9467,0.5733,0.1618,0.870521
0.9467,0.5733,0.2675,0.913551
0.9467,0.5733,0.3701,0.932434
0.9467,0.5733,0.4684,0.945673
0.9467,0.5733,0.5612,0.954464
0.9467,0.5733,0.6474,0.960685
0.9467,0.5733,0.7260,0.965315
0.9467,0.5733,0.7961,0.970556
0.9467,0.5733,0.8569,0.973644
0.9467,0.5733,0.9076,0.975790
0.9467,0.5733,0.9477,0.976419
0.9467,0.5733,0.9766,0.978566
0.9467,0.5733,0.9941,0.980233
0.9467,0.5733,1.0000,0.983114
0.9467,0.6267,-1.0000,1.001092
0.9467,0.6267,-0.9941,1.001288
0.9467,0.6267,-0.9766,1.001509
0.9467,0.6267,-0.9477,1.001733
0.9467,0.6267,-0.9076,1.001905
0.9467,0.6267,-0.8569,1.001991
0.9467,0.6267,-0.7961,1.002087
0.9467,0.6267,-0.7260,1.002251
0.9467,0.6267,-0.6474,1.002354
0.9467,0.6267,-0.5612,1.002532
0.9467,0.6267,-0.4684,1.002953
0.9467,0.6267,-0.3701,1.003200
0.9467,0.6267,-0.2675,1.003894
0.9467,0.6267,-0.1618,1.004691
0.9467,0.6267,-0.0541,1.010605
0.9467,0.6267,0.0541,0.683468
0.9467,0.6267,0.1618,0.844622
0.9467,0.6267,0.2675,0.888914
0.9467,0.6267,0.3701,0.916010
0.9467,0.6267,0.4684,0.927272
0.9467,0.6267,0.5612,0.935986
0.9467,0.6267,0.6474,0.944358
0.9467,0.6267,0.7260,0.950622
0.9467,0.6267,0.7961,0.961332
0.9467,0.6267,0.8569,0.967109
0.9467,0.6267,0.9076,0.971401
0.9467,0.6267,0.9477,0.975373
0.9467,0.6267,0.9766,0.976089
0.9467,0.6267,0.9941,0.975638
0.9467,0.6267,1.0000,0.977317
0.9467,0.6800,-1.0000,1.001103
0.9467,0.6800,-0.9941,1.001341
0.9467,0.6800,-0.9766,1.001563
0.9467,0.6800,-0.9477,1.001860
0.9467,0.6800,-0.9076,1.001917
0.9467,0.6800,-0.8569,1.002083
0.9467,0.6800,-0.7961,1.002250
0.9467,0.6800,-0.7260,1.002397
0.9467,0.6800,-0.6474,1.002426
0.9467,0.6800,-0.5612,1.002651
0.9467,0.6800,-0.4684,1.002965
0.9467,0.6800,-0.3701,1.003156
0.9467,0.6800,-0.2675,1.003492
0.9467,0.6800,-0.1618,1.004556
0.9467,0.6800,-0.0541,1.009359
0.9467,0.6800,0.0541,0.612696
0.9467,0.6800,0.1618,0.804406
0.9467,0.6800,0.2675,0.853832
0.9467,0.6800,0.3701,0.887814
0.9467,0.6800,0.4684,0.904897
0.9467,0.6800,0.5612,0.919186
0.9467,0.6800,0.6474,0.929265
0.9467,0.6800,0.7260,0.936988
0.9467,0.6800,0.7961,0.947329
0.9467,0.6800,0.8569,0.951679
0.9467,0.6800,0.9076,0.961165
0.9467,0.6800,0.9477,0.966975
0.9467,0.6800,0.9766,0.967790
0.9467,0.6800,0.9941,0.973033
0.9467,0.6800,1.0000,0.976283
0.9467,0.7333,-1.0000,1.001156
0.9467,0.7333,-0.9941,1.001424
0.9467,0.7333,-0.9766,1.001648
0.9467,0.7333,-0.9477,1.001912
0.9467,0.7333,-0.9076,1.001991
0.9467,0.7333,-0.8569,1.002206
0.9467,0.7333,-0.7961,1.002369
0.9467,0.7333,-0.7260,1.002518
0.9467,0.7333,-0.6474,1.002567
0.9467,0.7333,-0.5612,1.002738
0.9467,0.7333,-0.4684,1.002801
0.9467,0.7333,-0.3701,1.003063
0.9467,0.7333,-0.2675,1.003812
0.9467,0.7333,-0.1618,1.004774
0.9467,0.7333,-0.0541,1.009036
0.9467,0.7333,0.0541,0.560225
0.9467,0.7333,0.1618,0.757419
0.9467,0.7333,0.2675,0.835980
0.9467,0.7333,0.3701,0.873617
0.9467,0.7333,0.4684,0.892562
0.9467,0.7333,0.5612,0.904085
0.9467,0.7333,0.6474,0.915978
0.9467,0.7333,0.7260,0.925121
0.9467,0.7333,0.7961,0.934399
0.9467,0.7333,0.8569,0.944347
0.9467,0.7333,0.9076,0.947272
0.9467,0.7333,0.9477,0.950452
0.9467,0.7333,0.9766,0.957712
0.9467,0.7333,0.9941,0.961864
0.9467,0.7333,1.0000,0.964744
0.9467,0.7867,-1.0000,1.001372
0.9467,0.7867,-0.9941,1.001556
0.9467,0.7867,-0.9766,1.001730
0.9467,0.7867,-0.9477,1.001947
0.9467,0.7867,-0.9076,1.002130
0.9467,0.7867,-0.8569,1.002483
0.9467,0.7867,-0.7961,1.002598
0.9467,0.7867,-0.7260,1.002772
0.9467,0.7867,-0.6474,1.002861
0.9467,0.7867,-0.5612,1.002986
0.9467,0.7867,-0.4684,1.002615
0.9467,0.7867,-0.3701,1.003415
0.9467,0.7867,-0.2675,1.003502
0.9467,0.7867,-0.1618,1.004300
0.9467,0.7867,-0.0541,1.008559
0.9467,0.7867,0.0541,0.463178
0.9467,0.7867,0.1618,0.675394
0.9467,0.7867,0.2675,0.753596
0.9467,0.7867,0.3701,0.804483
0.9467,0.7867,0.4684,0.837485
0.9467,0.7867,0.5612,0.859264
0.9467,0.7867,0.6474,0.867353
0.9467,0.7867,0.7260,0.886398
0.9467,0.7867,0.7961,0.899394
0.9467,0.7867,0.8569,0.912279
0.9467,0.7867,0.9076,0.917656
0.9467,0.7867,0.9477,0.933677
0.9467,0.7867,0.9766,0.933935
0.9467,0.7867,0.9941,0.938551
0.9467,0.7867,1.0000,0.947423
0.9467,0.8400,-1.0000,1.001360
0.9467,0.8400,-0.9941,1.001639
0.9467,0.8400,-0.9766,1.001955
0.9467,0.8400,-0.9477,1.002180
0.9467,0.8400,-0.9076,1.002736
0.9467,0.8400,-0.8569,1.003086
0.9467,0.8400,-0.7961,1.003199
0.9467,0.8400,-0.7260,1.003225
0.9467,0.8400,-0.6474,1.003123
0.9467,0.8400,-0.5612,1.002670
0.9467,0.8400,-0.4684,1.002880
0.9467,0.8400,-0.3701,1.003237
0.9467,0.8400,-0.2675,1.003802
0.9467,0.8400,-0.1618,1.004426
0.9467,0.8400,-0.0541,1.003994
0.9467,0.8400,0.0541,0.407415
0.9467,0.8400,0.1618,0.617323
0.9467,0.8400,0.2675,0.716759
0.9467,0.8400,0.3701,0.771762
0.9467,0.8400,0.4684,0.807537
0.9467,0.8400,0.5612,0.831904
0.9467,0.8400,0.6474,0.854069
0.9467,0.8400,0.7260,0.867936
0.9467,0.8400,0.7961,0.881623
0.9467,0.8400,0.8569,0.890088
0.9467,0.8400,0.9076,0.890777
0.9467,0.8400,0.9477,0.902457
0.9467,0.8400,0.9766,0.910661
0.9467,0.8400,0.9941,0.919607
0.9467,0.8400,1.0000,0.916354
0.9467,0.8933,-1.0000,1.001571
0.9467,0.8933,-0.9941,1.002151
0.9467,0.8933,-0.9766,1.002479
0.9467,0.8933,-0.9477,1.003352
0.9467,0.8933,-0.9076,1.003502
0.9467,0.8933,-0.8569,1.003669
0.9467,0.8933,-0.7961,1.003899
0.9467,0.8933,-0.7260,1.004445
0.9467,0.8933,-0.6474,1.004559
0.9467,0.8933,-0.5612,1.004876
0.9467,0.8933,-0.4684,1.003979
0.9467,0.8933,-0.3701,1.004462
0.9467,0.8933,-0.2675,1.003945
0.9467,0.8933,-0.1618,1.003305
0.9467,0.8933,-0.0541,0.999237
0.9467,0.8933,0.0541,0.243155
0.9467,0.8933,0.1618,0.449215
0.9467,0.8933,0.2675,0.556039
0.9467,0.8933,0.3701,0.623482
0.9467,0.8933,0.4684,0.670562
0.9467,0.8933,0.5612,0.703380
0.9467,0.8933,0.6474,0.727906
0.9467,0.8933,0.7260,0.748842
0.9467,0.8933,0.7961,0.793850
0.9467,0.8933,0.8569,0.804108
0.9467,0.8933,0.9076,0.812283
0.9467,0.8933,0.9477,0.821729
0.9467,0.8933,0.9766,0.830245
0.9467,0.8933,0.9941,0.833449
0.9467,0.8933,1.0000,0.858959
0.9467,0.9467,-1.0000,0.982126
0.9467,0.9467,-0.9941,0.982948
0.9467,0.9467,-0.9766,0.983886
0.9467,0.9467,-0.9477,0.983174
0.9467,0.9467,-0.9076,0.982918
0.9467,0.9467,-0.8569,0.982911
0.9467,0.9467,-0.7961,0.982392
0.9467,0.9467,-0.7260,0.982414
0.9467,0.9467,-0.6474,0.981766
0.9467,0.9467,-0.5612,0.981932
0.9467,0.9467,-0.4684,0.981035
0.9467,0.9467,-0.3701,0.981118
0.9467,0.9467,-0.2675,0.980981
0.9467,0.9467,-0.1618,0.980965
0.9467,0.9467,-0.0541,0.980947
0.9467,0.9467,0.0541,0.980816
0.9467,0.9467,0.1618,0.980737
0.9467,0.9467,0.2675,0.980853
0.9467,0.9467,0.3701,0.980856
0.9467,0.9467,0.4684,0.980844
0.9467,0.9467,0.5612,0.980957
0.9467,0.9467,0.6474,0.981570
0.9467,0.9467,0.7260,0.981716
0.9467,0.9467,0.7961,0.982313
0.9467,0.9467,0.8569,0.982621
0.9467,0.9467,0.9076,0.982483
0.9467,0.9467,0.9477,0.983157
0.9467,0.9467,0.9766,0.984198
0.9467,0.9467,0.9941,0.984740
0.9467,0.9467,1.0000,0.985229
1.0000,0.2000,-1.0000,1.000933
1.0000,0.2000,-0.9941,1.001107
1.0000,0.2000,-0.9766,1.001219
1.0000,0.2000,-0.9477,1.001282
1.0000,0.2000,-0.9076,1.001454
1.0000,0.2000,-0.8569,1.001546
1.0000,0.2000,-0.7961,1.001630
1.0000,0.2000,-0.7260,1.001730
1.0000,0.2000,-0.6474,1.001889
1.0000,0.2000,-0.5612,1.002086
1.0000,0.2000,-0.4684,1.002368
1.0000,0.2000,-0.3701,1.002791
1.0000,0.2000,-0.2675,1.003484
1.0000,0.2000,-0.1618,1.004826
1.0000,0.2000,-0.0541,1.011832
1.0000,0.2000,0.0541,0.842021
1.0000,0.2000,0.1618,0.936186
1.0000,0.2000,0.2675,0.959349
1.0000,0.2000,0.3701,0.970422
1.0000,0.2000,0.4684,0.976657
1.0000,0.2000,0.5612,0.980352
1.0000,0.2000,0.6474,0.982818
1.0000,0.2000,0.7260,0.984982
1.0000,0.2000,0.7961,0.986649
1.0000,0.2000,0.8569,0.988274
1.0000,0.2000,0.9076,0.989541
1.0000,0.2000,0.9477,0.990363
1.0000,0.2000,0.9766,0.991460
1.0000,0.2000,0.9941,0.992209
1.0000,0.2000,1.0000,0.992503
1.0000,0.2533,-1.0000,1.000963
1.0000,0.2533,-0.9941,1.001075
1.0000,0.2533,-0.9766,1.001218
1.0000,0.2533,-0.9477,1.001335
1.0000,0.2533,-0.9076,1.001435
1.0000,0.2533,-0.8569,1.001533
1.0000,0.2533,-0.7961,1.001606
1.0000,0.2533,-0.7260,1.001743
1.0000,0.2533,-0.6474,1.001913
1.0000,0.2533,-0.5612,1.002092
1.0000,0.2533,-0.4684,1.002343
1.0000,0.2533,-0.3701,1.002814
1.0000,0.2533,-0.2675,1.003381
1.0000,0.2533,-0.1618,1.004752
1.0000,0.2533,-0.0541,1.011759
1.0000,0.2533,0.0541,0.834042
1.0000,0.2533,0.1618,0.933495
1.0000,0.2533,0.2675,0.956900
1.0000,0.2533,0.3701,0.968473
1.0000,0.2533,0.4684,0.975099
1.0000,0.2533,0.5612,0.979519
1.0000,0.2533,0.6474,0.981640
1.0000,0.2533,0.7260,0.983945
1.0000,0.2533,0.7961,0.985720
1.0000,0.2533,0.8569,0.987128
1.0000,0.2533,0.9076,0.988191
1.0000,0.2533,0.9477,0.989416
1.0000,0.2533,0.9766,0.990371
1.0000,0.2533,0.9941,0.991714
1.0000,0.2533,1.0000,0.992399
1.0000,0.3067,-1.0000,1.000961
1.0000,0.3067,-0.9941,1.001095
1.0000,0.3067,-0.9766,1.001212
1.0000,0.3067,-0.9477,1.001386
1.0000,0.3067,-0.9076,1.001454
1.0000,0.3067,-0.8569,1.001502
1.0000,0.3067,-0.7961,1.001634
1.0000,0.3067,-0.7260,1.001771
1.0000,0.3067,-0.6474,1.001909
1.0000,0.3067,-0.5612,1.002081
1.0000,0.3067,-0.4684,1.002426
1.0000,0.3067,-0.3701,1.002771
1.0000,0.3067,-0.2675,1.003365
1.0000,0.3067,-0.1618,1.004705
1.0000,0.3067,-0.0541,1.011432
1.0000,0.3067,0.0541,0.824860
1.0000,0.3067,0.1618,0.930780
1.0000,0.3067,0.2675,0.954825
1.0000,0.3067,0.3701,0.966280
1.0000,0.3067,0.4684,0.972876
1.0000,0.3067,0.5612,0.977524
1.0000,0.3067,0.6474,0.980783
1.0000,0.3067,0.7260,0.983195
1.0000,0.3067,0.7961,0.985053
1.0000,0.3067,0.8569,0.986527
1.0000,0.3067,0.9076,0.987973
1.0000,0.3067,0.9477,0.988951
1.0000,0.3067,0.9766,0.989987
1.0000,0.3067,0.9941,0.990609
1.0000,0.3067,1.0000,0.991407
1.0000,0.3600,-1.0000,1.000950
1.0000,0.3600,-0.9941,1.001079
1.0000,0.3600,-0.9766,1.001267
1.0000,0.3600,-0.9477,1.001358
1.0000,0.3600,-0.9076,1.001441
1.0000,0.3600,-0.8569,1.001530
1.0000,0.3600,-0.7961,1.001652
1.0000,0.3600,-0.7260,1.001771
1.0000,0.3600,-0.6474,1.001920
1.0000,0.3600,-0.5612,1.002093
1.0000,0.3600,-0.4684,1.002362
1.0000,0.3600,-0.3701,1.002765
1.0000,0.3600,-0.2675,1.003302
1.0000,0.3600,-0.1618,1.004551
1.0000,0.3600,-0.0541,1.010805
1.0000,0.3600,0.0541,0.817878
1.0000,0.3600,0.1618,0.923523
1.0000,0.3600,0.2675,0.950801
1.0000,0.3600,0.3701,0.963913
1.0000,0.3600,0.4684,0.970940
1.0000,0.3600,0.5612,0.975904
1.0000,0.3600,0.6474,0.979386
1.0000,0.3600,0.7260,0.981964
1.0000,0.3600,0.7961,0.983949
1.0000,0.3600,0.8569,0.985468
1.0000,0.3600,0.9076,0.987354
1.0000,0.3600,0.9477,0.988380
1.0000,0.3600,0.9766,0.989465
1.0000,0.3600,0.9941,0.990190
1.0000,0.3600,1.0000,0.991009
1.0000,0.4133,-1.0000,1.000946
1.0000,0.4133,-0.9941,1.001052
1.0000,0.4133,-0.9766,1.001303
1.0000,0.4133,-0.9477,1.001327
1.0000,0.4133,-0.9076,1.001420
1.0000,0.4133,-0.8569,1.001543
1.0000,0.4133,-0.7961,1.001638
1.0000,0.4133,-0.7260,1.001776
1.0000,0.4133,-0.6474,1.001913
1.0000,0.4133,-0.5612,1.002115
1.0000,0.4133,-0.4684,1.002384
1.0000,0.4133,-0.3701,1.002704
1.0000,0.4133,-0.2675,1.003202
1.0000,0.4133,-0.1618,1.004500
1.0000,0.4133,-0.0541,1.010452
1.0000,0.4133,0.0541,0.804594
1.0000,0.4133,0.1618,0.918183
1.0000,0.4133,0.2675,0.948129
1.0000,0.4133,0.3701,0.961208
1.0000,0.4133,0.4684,0.969275
1.0000,0.4133,0.5612,0.974518
1.0000,0.4133,0.6474,0.978198
1.0000,0.4133,0.7260,0.979952
1.0000,0.4133,0.7961,0.982562
1.0000,0.4133,0.8569,0.984579
1.0000,0.4133,0.9076,0.986320
1.0000,0.4133,0.9477,0.987372
1.0000,0.4133,0.9766,0.988544
1.0000,0.4133,0.9941,0.989623
1.0000,0.4133,1.0000,0.990483
1.0000,0.4667,-1.0000,1.000899
1.0000,0.4667,-0.9941,1.001140
1.0000,0.4667,-0.9766,1.001262
1.0000,0.4667,-0.9477,1.001313
1.0000,0.4667,-0.9076,1.001442
1.0000,0.4667,-0.8569,1.001557
1.0000,0.4667,-0.7961,1.001641
1.0000,0.4667,-0.7260,1.001770
1.0000,0.4667,-0.6474,1.001980
1.0000,0.4667,-0.5612,1.002137
1.0000,0.4667,-0.4684,1.002358
1.0000,0.4667,-0.3701,1.002628
1.0000,0.4667,-0.2675,1.003184
1.0000,0.4667,-0.1618,1.004326
1.0000,0.4667,-0.0541,1.010079
1.0000,0.4667,0.0541,0.794320
1.0000,0.4667,0.1618,0.911622
1.0000,0.4667,0.2675,0.942695
1.0000,0.4667,0.3701,0.956071
1.0000,0.4667,0.4684,0.963323
1.0000,0.4667,0.5612,0.969469
1.0000,0.4667,0.6474,0.973793
1.0000,0.4667,0.7260,0.976998
1.0000,0.4667,0.7961,0.979467
1.0000,0.4667,0.8569,0.981765
1.0000,0.4667,0.9076,0.984195
1.0000,0.4667,0.9477,0.985751
1.0000,0.4667,0.9766,0.987445
1.0000,0.4667,0.9941,0.988290
1.0000,0.4667,1.0000,0.989220
1.0000,0.5200,-1.0000,1.000939
1.0000,0.5200,-0.9941,1.001129
1.0000,0.5200,-0.9766,1.001258
1.0000,0.5200,-0.9477,1.001356
1.0000,0.5200,-0.9076,1.001492
1.0000,0.5200,-0.8569,1.001616
1.0000,0.5200,-0.7961,1.001654
1.0000,0.5200,-0.7260,1.001790
1.0000,0.5200,-0.6474,1.002019
1.0000,0.5200,-0.5612,1.002121
1.0000,0.5200,-0.4684,1.002315
1.0000,0.5200,-0.3701,1.002660
1.0000,0.5200,-0.2675,1.003047
1.0000,0.5200,-0.1618,1.004179
1.0000,0.5200,-0.0541,1.009075
1.0000,0.5200,0.0541,0.767050
1.0000,0.5200,0.1618,0.897858
1.0000,0.5200,0.2675,0.928232
1.0000,0.5200,0.3701,0.947018
1.0000,0.5200,0.4684,0.956708
1.0000,0.5200,0.5612,0.962714
1.0000,0.5200,0.6474,0.966893
1.0000,0.5200,0.7260,0.971599
1.0000,0.5200,0.7961,0.975349
1.0000,0.5200,0.8569,0.978185
1.0000,0.5200,0.9076,0.981156
1.0000,0.5200,0.9477,0.982871
1.0000,0.5200,0.9766,0.984976
1.0000,0.5200,0.9941,0.986291
1.0000,0.5200,1.0000,0.987224
1.0000,0.5733,-1.0000,1.000914
1.0000,0.5733,-0.9941,1.001022
1.0000,0.5733,-0.9766,1.001235
1.0000,0.5733,-0.9477,1.001395
1.0000,0.5733,-0.9076,1.001509
1.0000,0.5733,-0.8569,1.001653
1.0000,0.5733,-0.7961,1.001745
1.0000,0.5733,-0.7260,1.001820
1.0000,0.5733,-0.6474,1.002007
1.0000,0.5733,-0.5612,1.002117
1.0000,0.5733,-0.4684,1.002351
1.0000,0.5733,-0.3701,1.002622
1.0000,0.5733,-0.2675,1.002985
1.0000,0.5733,-0.1618,1.003823
1.0000,0.5733,-0.0541,1.007901
1.0000,0.5733,0.0541,0.736294
1.0000,0.5733,0.1618,0.881309
1.0000,0.5733,0.2675,0.919456
1.0000,0.5733,0.3701,0.937054
1.0000,0.5733,0.4684,0.948056
1.0000,0.5733,0.5612,0.956378
1.0000,0.5733,0.6474,0.962337
1.0000,0.5733,0.7260,0.966768
1.0000,0.5733,0.7961,0.971800
1.0000,0.5733,0.8569,0.975696
1.0000,0.5733,0.9076,0.977722
1.0000,0.5733,0.9477,0.980381
1.0000,0.5733,0.9766,0.981664
1.0000,0.5733,0.9941,0.983073
1.0000,0.5733,1.0000,0.984874
1.0000,0.6267,-1.0000,1.000866
1.0000,0.6267,-0.9941,1.001074
1.0000,0.6267,-0.9766,1.001267
1.0000,0.6267,-0.9477,1.001462
1.0000,0.6267,-0.9076,1.001568
1.0000,0.6267,-0.8569,1.001650
1.0000,0.6267,-0.7961,1.001720
1.0000,0.6267,-0.7260,1.001847
1.0000,0.6267,-0.6474,1.001959
1.0000,0.6267,-0.5612,1.002138
1.0000,0.6267,-0.4684,1.002322
1.0000,0.6267,-0.3701,1.002435
1.0000,0.6267,-0.2675,1.002932
1.0000,0.6267,-0.1618,1.003585
1.0000,0.6267,-0.0541,1.006585
1.0000,0.6267,0.0541,0.702087
1.0000,0.6267,0.1618,0.859715
1.0000,0.6267,0.2675,0.903608
1.0000,0.6267,0.3701,0.922854
1.0000,0.6267,0.4684,0.935783
1.0000,0.6267,0.5612,0.945835
1.0000,0.6267,0.6474,0.953059
1.0000,0.6267,0.7260,0.958448
1.0000,0.6267,0.7961,0.964702
1.0000,0.6267,0.8569,0.969855
1.0000,0.6267,0.9076,0.973867
1.0000,0.6267,0.9477,0.975845
1.0000,0.6267,0.9766,0.977531
1.0000,0.6267,0.9941,0.978547
1.0000,0.6267,1.0000,0.981096
1.0000,0.6800,-1.0000,1.000841
1.0000,0.6800,-0.9941,1.001076
1.0000,0.6800,-0.9766,1.001254
1.0000,0.6800,-0.9477,1.001512
1.0000,0.6800,-0.9076,1.001575
1.0000,0.6800,-0.8569,1.001659
1.0000,0.6800,-0.7961,1.001777
1.0000,0.6800,-0.7260,1.001833
1.0000,0.6800,-0.6474,1.001897
1.0000,0.6800,-0.5612,1.002235
1.0000,0.6800,-0.4684,1.002260
1.0000,0.6800,-0.3701,1.002301
1.0000,0.6800,-0.2675,1.002583
1.0000,0.6800,-0.1618,1.003080
1.0000,0.6800,-0.0541,1.005986
1.0000,0.6800,0.0541,0.636600
1.0000,0.6800,0.1618,0.815320
1.0000,0.6800,0.2675,0.871788
1.0000,0.6800,0.3701,0.902551
1.0000,0.6800,0.4684,0.917714
1.0000,0.6800,0.5612,0.930320
1.0000,0.6800,0.6474,0.939327
1.0000,0.6800,0.7260,0.946075
1.0000,0.6800,0.7961,0.952934
1.0000,0.6800,0.8569,0.958601
1.0000,0.6800,0.9076,0.965143
1.0000,0.6800,0.9477,0.971612
1.0000,0.6800,0.9766,0.972049
1.0000,0.6800,0.9941,0.975070
1.0000,0.6800,1.0000,0.978579
1.0000,0.7333,-1.0000,1.000861
1.0000,0.7333,-0.9941,1.001091
1.0000,0.7333,-0.9766,1.001322
1.0000,0.7333,-0.9477,1.001490
1.0000,0.7333,-0.9076,1.001542
1.0000,0.7333,-0.8569,1.001777
1.0000,0.7333,-0.7961,1.001876
1.0000,0.7333,-0.7260,1.001912
1.0000,0.7333,-0.6474,1.001952
1.0000,0.7333,-0.5612,1.002033
1.0000,0.7333,-0.4684,1.002111
1.0000,0.7333,-0.3701,1.002025
1.0000,0.7333,-0.2675,1.002327
1.0000,0.7333,-0.1618,1.002569
1.0000,0.7333,-0.0541,1.003725
1.0000,0.7333,0.0541,0.584459
1.0000,0.7333,0.1618,0.772813
1.0000,0.7333,0.2675,0.848031
1.0000,0.7333,0.3701,0.883377
1.0000,0.7333,0.4684,0.901263
1.0000,0.7333,0.5612,0.916016
1.0000,0.7333,0.6474,0.926616
1.0000,0.7333,0.7260,0.934735
1.0000,0.7333,0.7961,0.942694
1.0000,0.7333,0.8569,0.947215
1.0000,0.7333,0.9076,0.954266
1.0000,0.7333,0.9477,0.959979
1.0000,0.7333,0.9766,0.963107
1.0000,0.7333,0.9941,0.966858
1.0000,0.7333,1.0000,0.971877
1.0000,0.7867,-1.0000,1.000959
1.0000,0.7867,-0.9941,1.001135
1.0000,0.7867,-0.9766,1.001343
1.0000,0.7867,-0.9477,1.001420
1.0000,0.7867,-0.9076,1.001644
1.0000,0.7867,-0.8569,1.001850
1.0000,0.7867,-0.7961,1.001822
1.0000,0.7867,-0.7260,1.001990
1.0000,0.7867,-0.6474,1.001920
1.0000,0.7867,-0.5612,1.001874
1.0000,0.7867,-0.4684,1.001614
1.0000,0.7867,-0.3701,1.002141
1.0000,0.7867,-0.2675,1.002219
1.0000,0.7867,-0.1618,1.002655
1.0000,0.7867,-0.0541,1.003705
1.0000,0.7867,0.0541,0.503955
1.0000,0.7867,0.1618,0.711703
1.0000,0.7867,0.2675,0.794349
1.0000,0.7867,0.3701,0.823454
1.0000,0.7867,0.4684,0.853966
1.0000,0.7867,0.5612,0.874474
1.0000,0.7867,0.6474,0.893868
1.0000,0.7867,0.7260,0.909234
1.0000,0.7867,0.7961,0.920622
1.0000,0.7867,0.8569,0.926755
1.0000,0.7867,0.9076,0.933794
1.0000,0.7867,0.9477,0.944716
1.0000,0.7867,0.9766,0.956499
1.0000,0.7867,0.9941,0.952036
1.0000,0.7867,1.0000,0.957667
1.0000,0.8400,-1.0000,1.001038
1.0000,0.8400,-0.9941,1.000984
1.0000,0.8400,-0.9766,1.001258
1.0000,0.8400,-0.9477,1.001354
1.0000,0.8400,-0.9076,1.001712
1.0000,0.8400,-0.8569,1.001888
1.0000,0.8400,-0.7961,1.001998
1.0000,0.8400,-0.7260,1.002053
1.0000,0.8400,-0.6474,1.001712
1.0000,0.8400,-0.5612,1.001726
1.0000,0.8400,-0.4684,1.001761
1.0000,0.8400,-0.3701,1.001695
1.0000,0.8400,-0.2675,1.001765
1.0000,0.8400,-0.1618,1.001065
1.0000,0.8400,-0.0541,0.998776
1.0000,0.8400,0.0541,0.459670
1.0000,0.8400,0.1618,0.654063
1.0000,0.8400,0.2675,0.745660
1.0000,0.8400,0.3701,0.795826
1.0000,0.8400,0.4684,0.836971
1.0000,0.8400,0.5612,0.859142
1.0000,0.8400,0.6474,0.880460
1.0000,0.8400,0.7260,0.878379
1.0000,0.8400,0.7961,0.900680
1.0000,0.8400,0.8569,0.910097
1.0000,0.8400,0.9076,0.919203
1.0000,0.8400,0.9477,0.930247
1.0000,0.8400,0.9766,0.922825
1.0000,0.8400,0.9941,0.929174
1.0000,0.8400,1.0000,0.931322
1.0000,0.8933,-1.0000,1.000636
1.0000,0.8933,-0.9941,1.001035
1.0000,0.8933,-0.9766,1.001224
1.0000,0.8933,-0.9477,1.001710
1.0000,0.8933,-0.9076,1.001986
1.0000,0.8933,-0.8569,1.001918
1.0000,0.8933,-0.7961,1.001859
1.0000,0.8933,-0.7260,1.001871
1.0000,0.8933,-0.6474,1.001569
1.0000,0.8933,-0.5612,1.001618
1.0000,0.8933,-0.4684,1.001681
1.0000,0.8933,-0.3701,1.001177
1.0000,0.8933,-0.2675,1.001058
1.0000,0.8933,-0.1618,0.998932
1.0000,0.8933,-0.0541,0.989954
1.0000,0.8933,0.0541,0.350781
1.0000,0.8933,0.1618,0.563387
1.0000,0.8933,0.2675,0.665560
1.0000,0.8933,0.3701,0.725617
1.0000,0.8933,0.4684,0.764752
1.0000,0.8933,0.5612,0.802572
1.0000,0.8933,0.6474,0.831959
1.0000,0.8933,0.7260,0.845527
1.0000,0.8933,0.7961,0.869237
1.0000,0.8933,0.8569,0.877195
1.0000,0.8933,0.9076,0.872479
1.0000,0.8933,0.9477,0.889610
1.0000,0.8933,0.9766,0.896226
1.0000,0.8933,0.9941,0.924287
1.0000,0.8933,1.0000,0.920708
1.0000,0.9467,-1.0000,1.000476
1.0000,0.9467,-0.9941,1.000150
1.0000,0.9467,-0.9766,1.001077
1.0000,0.9467,-0.9477,1.001500
1.0000,0.9467,-0.9076,1.001719
1.0000,0.9467,-0.8569,1.002019
1.0000,0.9467,-0.7961,1.002653
1.0000,0.9467,-0.7260,1.002152
1.0000,0.9467,-0.6474,1.002096
1.0000,0.9467,-0.5612,1.001639
1.0000,0.9467,-0.4684,1.001844
1.0000,0.9467,-0.3701,1.000401
1.0000,0.9467,-0.2675,0.997227
1.0000,0.9467,-0.1618,0.991905
1.0000,0.9467,-0.0541,0.963777
1.0000,0.9467,0.0541,0.191288
1.0000,0.9467,0.1618,0.395689
1.0000,0.9467,0.2675,0.482865
1.0000,0.9467,0.3701,0.576829
1.0000,0.9467,0.4684,0.622357
1.0000,0.9467,0.5612,0.656022
1.0000,0.9467,0.6474,0.681989
1.0000,0.9467,0.7260,0.702272
1.0000,0.9467,0.7961,0.713555
1.0000,0.9467,0.8569,0.771767
1.0000,0.9467,0.9076,0.782044
1.0000,0.9467,0.9477,0.785062
1.0000,0.9467,0.9766,0.800066
1.0000,0.9467,0.9941,0.811568
1.0000,0.9467,1.0000,0.835054
1.0000,1.0000,-1.0000,0.998787
1.0000,1.0000,-0.9941,0.998444
1.0000,1.0000,-0.9766,0.997781
1.0000,1.0000,-0.9477,0.999752
1.0000,1.0000,-0.9076,1.000014
1.0000,1.0000,-0.8569,0.999799
1.0000,1.0000,-0.7961,0.996814
1.0000,1.0000,-0.7260,0.997655
1.0000,1.0000,-0.6474,0.996487
1.0000,1.0000,-0.5612,0.997792
1.0000,1.0000,-0.4684,1.000077
1.0000,1.0000,-0.3701,0.999590
1.0000,1.0000,-0.2675,0.999756
1.0000,1.0000,-0.1618,0.999792
1.0000,1.0000,-0.0541,0.999813
1.0000,1.0000,0.0541,0.999860
1.0000,1.0000,0.1618,0.999951
1.0000,1.0000,0.2675,0.999976
1.0000,1.0000,0.3701,0.999926
1.0000,1.0000,0.4684,0.999991
1.0000,1.0000,0.5612,1.000006
1.0000,1.0000,0.6474,1.000145
1.0000,1.0000,0.7260,1.000205
1.0000,1.0000,0.7961,1.000141
1.0000,1.0000,0.8569,1.000599
1.0000,1.0000,0.9076,1.000481
1.0000,1.0000,0.9477,1.000227
1.0000,1.0000,0.9766,1.000427
1.0000,1.0000,0.9941,1.000432
1.0000,1.0000,1.0000,0.999633
