alpha,beta,rho,fitted_exponent
0.2000,0.2000,-1.0000,0.971417
0.2000,0.2000,-0.9941,0.919487
0.2000,0.2000,-0.9766,0.868963
0.2000,0.2000,-0.9477,0.826663
0.2000,0.2000,-0.9076,0.791664
0.2000,0.2000,-0.8569,0.759439
0.2000,0.2000,-0.7961,0.731733
0.2000,0.2000,-0.7260,0.705832
0.2000,0.2000,-0.6474,0.685356
0.2000,0.2000,-0.5612,0.665557
0.2000,0.2000,-0.4684,0.648622
0.2000,0.2000,-0.3701,0.633503
0.2000,0.2000,-0.2675,0.620728
0.2000,0.2000,-0.1618,0.610607
0.2000,0.2000,-0.0541,0.600598
0.2000,0.2000,0.0541,0.592534
0.2000,0.2000,0.1618,0.585050
0.2000,0.2000,0.2675,0.578269
0.2000,0.2000,0.3701,0.574690
0.2000,0.2000,0.4684,0.571389
0.2000,0.2000,0.5612,0.568837
0.2000,0.2000,0.6474,0.566819
0.2000,0.2000,0.7260,0.565337
0.2000,0.2000,0.7961,0.563262
0.2000,0.2000,0.8569,0.565553
0.2000,0.2000,0.9076,0.566275
0.2000,0.2000,0.9477,0.568129
0.2000,0.2000,0.9766,0.569047
0.2000,0.2000,0.9941,0.571987
0.2000,0.2000,1.0000,0.577570
0.2533,0.2000,-1.0000,0.516036
0.2533,0.2000,-0.9941,0.550869
0.2533,0.2000,-0.9766,0.594022
0.2533,0.2000,-0.9477,0.653401
0.2533,0.2000,-0.9076,0.729161
0.2533,0.2000,-0.8569,0.851381
0.2533,0.2000,-0.7961,1.027355
0.2533,0.2000,-0.7260,1.111804
0.2533,0.2000,-0.6474,1.090395
0.2533,0.2000,-0.5612,1.018975
0.2533,0.2000,-0.4684,0.920894
0.2533,0.2000,-0.3701,0.797918
0.2533,0.2000,-0.2675,0.637602
0.2533,0.2000,-0.1618,0.474727
0.2533,0.2000,-0.0541,0.455645
0.2533,0.2000,0.0541,0.438999
0.2533,0.2000,0.1618,0.425178
0.2533,0.2000,0.2675,0.412070
0.2533,0.2000,0.3701,0.400484
0.2533,0.2000,0.4684,0.391391
0.2533,0.2000,0.5612,0.382523
0.2533,0.2000,0.6474,0.374956
0.2533,0.2000,0.7260,0.368289
0.2533,0.2000,0.7961,0.363886
0.2533,0.2000,0.8569,0.358158
0.2533,0.2000,0.9076,0.353635
0.2533,0.2000,0.9477,0.349824
0.2533,0.2000,0.9766,0.345689
0.2533,0.2000,0.9941,0.343305
0.2533,0.2000,1.0000,0.339770
0.2533,0.2533,-1.0000,0.834232
0.2533,0.2533,-0.9941,0.798992
0.2533,0.2533,-0.9766,0.764622
0.2533,0.2533,-0.9477,0.736717
0.2533,0.2533,-0.9076,0.711132
0.2533,0.2533,-0.8569,0.690087
0.2533,0.2533,-0.7961,0.671778
0.2533,0.2533,-0.7260,0.654998
0.2533,0.2533,-0.6474,0.641081
0.2533,0.2533,-0.5612,0.627897
0.2533,0.2533,-0.4684,0.617519
0.2533,0.2533,-0.3701,0.608862
0.2533,0.2533,-0.2675,0.600328
0.2533,0.2533,-0.1618,0.593247
0.2533,0.2533,-0.0541,0.586982
0.2533,0.2533,0.0541,0.583360
0.2533,0.2533,0.1618,0.578298
0.2533,0.2533,0.2675,0.575672
0.2533,0.2533,0.3701,0.572570
0.2533,0.2533,0.4684,0.570229
0.2533,0.2533,0.5612,0.569622
0.2533,0.2533,0.6474,0.570236
0.2533,0.2533,0.7260,0.571286
0.2533,0.2533,0.7961,0.572569
0.2533,0.2533,0.8569,0.574475
0.2533,0.2533,0.9076,0.576665
0.2533,0.2533,0.9477,0.580725
0.2533,0.2533,0.9766,0.584383
0.2533,0.2533,0.9941,0.588594
0.2533,0.2533,1.0000,0.595408
0.3067,0.2000,-1.0000,0.355982
0.3067,0.2000,-0.9941,0.367072
0.3067,0.2000,-0.9766,0.382288
0.3067,0.2000,-0.9477,0.397863
0.3067,0.2000,-0.9076,0.417992
0.3067,0.2000,-0.8569,0.437947
0.3067,0.2000,-0.7961,0.461194
0.3067,0.2000,-0.7260,0.488452
0.3067,0.2000,-0.6474,0.514783
0.3067,0.2000,-0.5612,0.544170
0.3067,0.2000,-0.4684,0.572227
0.3067,0.2000,-0.3701,0.598876
0.3067,0.2000,-0.2675,0.615890
0.3067,0.2000,-0.1618,0.557366
0.3067,0.2000,-0.0541,0.411462
0.3067,0.2000,0.0541,0.452997
0.3067,0.2000,0.1618,0.516386
0.3067,0.2000,0.2675,0.519674
0.3067,0.2000,0.3701,0.492043
0.3067,0.2000,0.4684,0.458864
0.3067,0.2000,0.5612,0.432440
0.3067,0.2000,0.6474,0.412528
0.3067,0.2000,0.7260,0.393172
0.3067,0.2000,0.7961,0.376782
0.3067,0.2000,0.8569,0.361071
0.3067,0.2000,0.9076,0.351790
0.3067,0.2000,0.9477,0.341871
0.3067,0.2000,0.9766,0.333774
0.3067,0.2000,0.9941,0.326541
0.3067,0.2000,1.0000,0.320624
0.3067,0.2533,-1.0000,0.341051
0.3067,0.2533,-0.9941,0.384122
0.3067,0.2533,-0.9766,0.465438
0.3067,0.2533,-0.9477,0.602154
0.3067,0.2533,-0.9076,0.800603
0.3067,0.2533,-0.8569,0.946929
0.3067,0.2533,-0.7961,0.984181
0.3067,0.2533,-0.7260,0.978951
0.3067,0.2533,-0.6474,0.960843
0.3067,0.2533,-0.5612,0.938358
0.3067,0.2533,-0.4684,0.884624
0.3067,0.2533,-0.3701,0.807542
0.3067,0.2533,-0.2675,0.684994
0.3067,0.2533,-0.1618,0.512773
0.3067,0.2533,-0.0541,0.320013
0.3067,0.2533,0.0541,0.311498
0.3067,0.2533,0.1618,0.303943
0.3067,0.2533,0.2675,0.297483
0.3067,0.2533,0.3701,0.291398
0.3067,0.2533,0.4684,0.284960
0.3067,0.2533,0.5612,0.280354
0.3067,0.2533,0.6474,0.275573
0.3067,0.2533,0.7260,0.272448
0.3067,0.2533,0.7961,0.268780
0.3067,0.2533,0.8569,0.264859
0.3067,0.2533,0.9076,0.261952
0.3067,0.2533,0.9477,0.259045
0.3067,0.2533,0.9766,0.257174
0.3067,0.2533,0.9941,0.254848
0.3067,0.2533,1.0000,0.252041
0.3067,0.3067,-1.0000,0.774193
0.3067,0.3067,-0.9941,0.749336
0.3067,0.3067,-0.9766,0.727458
0.3067,0.3067,-0.9477,0.709905
0.3067,0.3067,-0.9076,0.693211
0.3067,0.3067,-0.8569,0.678631
0.3067,0.3067,-0.7961,0.666248
0.3067,0.3067,-0.7260,0.655463
0.3067,0.3067,-0.6474,0.646134
0.3067,0.3067,-0.5612,0.638026
0.3067,0.3067,-0.4684,0.630857
0.3067,0.3067,-0.3701,0.625001
0.3067,0.3067,-0.2675,0.619567
0.3067,0.3067,-0.1618,0.615489
0.3067,0.3067,-0.0541,0.612431
0.3067,0.3067,0.0541,0.610346
0.3067,0.3067,0.1618,0.608267
0.3067,0.3067,0.2675,0.608141
0.3067,0.3067,0.3701,0.606753
0.3067,0.3067,0.4684,0.606600
0.3067,0.3067,0.5612,0.608458
0.3067,0.3067,0.6474,0.609626
0.3067,0.3067,0.7260,0.611576
0.3067,0.3067,0.7961,0.614821
0.3067,0.3067,0.8569,0.616952
0.3067,0.3067,0.9076,0.620524
0.3067,0.3067,0.9477,0.625942
0.3067,0.3067,0.9766,0.629612
0.3067,0.3067,0.9941,0.636234
0.3067,0.3067,1.0000,0.642550
0.3600,0.2000,-1.0000,0.464820
0.3600,0.2000,-0.9941,0.475136
0.3600,0.2000,-0.9766,0.489435
0.3600,0.2000,-0.9477,0.501660
0.3600,0.2000,-0.9076,0.515363
0.3600,0.2000,-0.8569,0.532591
0.3600,0.2000,-0.7961,0.547102
0.3600,0.2000,-0.7260,0.565664
0.3600,0.2000,-0.6474,0.582673
0.3600,0.2000,-0.5612,0.597606
0.3600,0.2000,-0.4684,0.606764
0.3600,0.2000,-0.3701,0.611197
0.3600,0.2000,-0.2675,0.595757
0.3600,0.2000,-0.1618,0.540230
0.3600,0.2000,-0.0541,0.318037
0.3600,0.2000,0.0541,0.293992
0.3600,0.2000,0.1618,0.474515
0.3600,0.2000,0.2675,0.541880
0.3600,0.2000,0.3701,0.569364
0.3600,0.2000,0.4684,0.577338
0.3600,0.2000,0.5612,0.572447
0.3600,0.2000,0.6474,0.567012
0.3600,0.2000,0.7260,0.554869
0.3600,0.2000,0.7961,0.540800
0.3600,0.2000,0.8569,0.526402
0.3600,0.2000,0.9076,0.515283
0.3600,0.2000,0.9477,0.502742
0.3600,0.2000,0.9766,0.487996
0.3600,0.2000,0.9941,0.474285
0.3600,0.2000,1.0000,0.464512
0.3600,0.2533,-1.0000,0.322851
0.3600,0.2533,-0.9941,0.332770
0.3600,0.2533,-0.9766,0.346394
0.3600,0.2533,-0.9477,0.364418
0.3600,0.2533,-0.9076,0.380061
0.3600,0.2533,-0.8569,0.401023
0.3600,0.2533,-0.7961,0.423558
0.3600,0.2533,-0.7260,0.443326
0.3600,0.2533,-0.6474,0.461913
0.3600,0.2533,-0.5612,0.477002
0.3600,0.2533,-0.4684,0.487759
0.3600,0.2533,-0.3701,0.495487
0.3600,0.2533,-0.2675,0.491666
0.3600,0.2533,-0.1618,0.464949
0.3600,0.2533,-0.0541,0.321339
0.3600,0.2533,0.0541,0.359200
0.3600,0.2533,0.1618,0.458727
0.3600,0.2533,0.2675,0.465113
0.3600,0.2533,0.3701,0.425790
0.3600,0.2533,0.4684,0.387818
0.3600,0.2533,0.5612,0.362303
0.3600,0.2533,0.6474,0.343984
0.3600,0.2533,0.7260,0.332383
0.3600,0.2533,0.7961,0.319472
0.3600,0.2533,0.8569,0.310557
0.3600,0.2533,0.9076,0.303605
0.3600,0.2533,0.9477,0.295832
0.3600,0.2533,0.9766,0.292216
0.3600,0.2533,0.9941,0.286132
0.3600,0.2533,1.0000,0.281437
0.3600,0.3067,-1.0000,0.481289
0.3600,0.3067,-0.9941,0.652427
0.3600,0.3067,-0.9766,0.798579
0.3600,0.3067,-0.9477,0.875230
0.3600,0.3067,-0.9076,0.909429
0.3600,0.3067,-0.8569,0.903726
0.3600,0.3067,-0.7961,0.898219
0.3600,0.3067,-0.7260,0.885370
0.3600,0.3067,-0.6474,0.871175
0.3600,0.3067,-0.5612,0.851968
0.3600,0.3067,-0.4684,0.825205
0.3600,0.3067,-0.3701,0.780302
0.3600,0.3067,-0.2675,0.692074
0.3600,0.3067,-0.1618,0.545198
0.3600,0.3067,-0.0541,0.298049
0.3600,0.3067,0.0541,0.235202
0.3600,0.3067,0.1618,0.230360
0.3600,0.3067,0.2675,0.228578
0.3600,0.3067,0.3701,0.223819
0.3600,0.3067,0.4684,0.220462
0.3600,0.3067,0.5612,0.218101
0.3600,0.3067,0.6474,0.215951
0.3600,0.3067,0.7260,0.212579
0.3600,0.3067,0.7961,0.211471
0.3600,0.3067,0.8569,0.208609
0.3600,0.3067,0.9076,0.205563
0.3600,0.3067,0.9477,0.204148
0.3600,0.3067,0.9766,0.202349
0.3600,0.3067,0.9941,0.200070
0.3600,0.3067,1.0000,0.198372
0.3600,0.3600,-1.0000,0.801188
0.3600,0.3600,-0.9941,0.784170
0.3600,0.3600,-0.9766,0.767734
0.3600,0.3600,-0.9477,0.752134
0.3600,0.3600,-0.9076,0.740383
0.3600,0.3600,-0.8569,0.727337
0.3600,0.3600,-0.7961,0.718508
0.3600,0.3600,-0.7260,0.709741
0.3600,0.3600,-0.6474,0.702639
0.3600,0.3600,-0.5612,0.696614
0.3600,0.3600,-0.4684,0.691490
0.3600,0.3600,-0.3701,0.686833
0.3600,0.3600,-0.2675,0.683061
0.3600,0.3600,-0.1618,0.680498
0.3600,0.3600,-0.0541,0.678835
0.3600,0.3600,0.0541,0.675980
0.3600,0.3600,0.1618,0.675397
0.3600,0.3600,0.2675,0.676688
0.3600,0.3600,0.3701,0.676250
0.3600,0.3600,0.4684,0.678039
0.3600,0.3600,0.5612,0.680624
0.3600,0.3600,0.6474,0.683001
0.3600,0.3600,0.7260,0.685099
0.3600,0.3600,0.7961,0.688812
0.3600,0.3600,0.8569,0.693227
0.3600,0.3600,0.9076,0.698984
0.3600,0.3600,0.9477,0.704269
0.3600,0.3600,0.9766,0.709954
0.3600,0.3600,0.9941,0.718113
0.3600,0.3600,1.0000,0.725648
0.4133,0.2000,-1.0000,0.522873
0.4133,0.2000,-0.9941,0.533540
0.4133,0.2000,-0.9766,0.547414
0.4133,0.2000,-0.9477,0.564617
0.4133,0.2000,-0.9076,0.580482
0.4133,0.2000,-0.8569,0.599315
0.4133,0.2000,-0.7961,0.619267
0.4133,0.2000,-0.7260,0.640270
0.4133,0.2000,-0.6474,0.660350
0.4133,0.2000,-0.5612,0.681674
0.4133,0.2000,-0.4684,0.699668
0.4133,0.2000,-0.3701,0.711221
0.4133,0.2000,-0.2675,0.706663
0.4133,0.2000,-0.1618,0.665673
0.4133,0.2000,-0.0541,0.480061
0.4133,0.2000,0.0541,0.405187
0.4133,0.2000,0.1618,0.603178
0.4133,0.2000,0.2675,0.659539
0.4133,0.2000,0.3701,0.675285
0.4133,0.2000,0.4684,0.672247
0.4133,0.2000,0.5612,0.659879
0.4133,0.2000,0.6474,0.643965
0.4133,0.2000,0.7260,0.625722
0.4133,0.2000,0.7961,0.609555
0.4133,0.2000,0.8569,0.590430
0.4133,0.2000,0.9076,0.575004
0.4133,0.2000,0.9477,0.558494
0.4133,0.2000,0.9766,0.546240
0.4133,0.2000,0.9941,0.533475
0.4133,0.2000,1.0000,0.521062
0.4133,0.2533,-1.0000,0.478363
0.4133,0.2533,-0.9941,0.488350
0.4133,0.2533,-0.9766,0.500738
0.4133,0.2533,-0.9477,0.514955
0.4133,0.2533,-0.9076,0.529154
0.4133,0.2533,-0.8569,0.545381
0.4133,0.2533,-0.7961,0.561141
0.4133,0.2533,-0.7260,0.577586
0.4133,0.2533,-0.6474,0.592920
0.4133,0.2533,-0.5612,0.610584
0.4133,0.2533,-0.4684,0.619659
0.4133,0.2533,-0.3701,0.619815
0.4133,0.2533,-0.2675,0.604920
0.4133,0.2533,-0.1618,0.544453
0.4133,0.2533,-0.0541,0.340085
0.4133,0.2533,0.0541,0.300371
0.4133,0.2533,0.1618,0.491671
0.4133,0.2533,0.2675,0.560203
0.4133,0.2533,0.3701,0.585732
0.4133,0.2533,0.4684,0.590532
0.4133,0.2533,0.5612,0.586275
0.4133,0.2533,0.6474,0.578225
0.4133,0.2533,0.7260,0.565756
0.4133,0.2533,0.7961,0.552353
0.4133,0.2533,0.8569,0.537522
0.4133,0.2533,0.9076,0.525973
0.4133,0.2533,0.9477,0.512474
0.4133,0.2533,0.9766,0.499712
0.4133,0.2533,0.9941,0.486936
0.4133,0.2533,1.0000,0.474102
0.4133,0.3067,-1.0000,0.297017
0.4133,0.3067,-0.9941,0.306681
0.4133,0.3067,-0.9766,0.320572
0.4133,0.3067,-0.9477,0.336227
0.4133,0.3067,-0.9076,0.355392
0.4133,0.3067,-0.8569,0.378016
0.4133,0.3067,-0.7961,0.404510
0.4133,0.3067,-0.7260,0.427197
0.4133,0.3067,-0.6474,0.439557
0.4133,0.3067,-0.5612,0.446219
0.4133,0.3067,-0.4684,0.453333
0.4133,0.3067,-0.3701,0.456092
0.4133,0.3067,-0.2675,0.464899
0.4133,0.3067,-0.1618,0.486778
0.4133,0.3067,-0.0541,0.401850
0.4133,0.3067,0.0541,0.349886
0.4133,0.3067,0.1618,0.369233
0.4133,0.3067,0.2675,0.345886
0.4133,0.3067,0.3701,0.323894
0.4133,0.3067,0.4684,0.310444
0.4133,0.3067,0.5612,0.299226
0.4133,0.3067,0.6474,0.290727
0.4133,0.3067,0.7260,0.283571
0.4133,0.3067,0.7961,0.278361
0.4133,0.3067,0.8569,0.274134
0.4133,0.3067,0.9076,0.269984
0.4133,0.3067,0.9477,0.267298
0.4133,0.3067,0.9766,0.265701
0.4133,0.3067,0.9941,0.261247
0.4133,0.3067,1.0000,0.260985
0.4133,0.3600,-1.0000,0.807957
0.4133,0.3600,-0.9941,0.856022
0.4133,0.3600,-0.9766,0.870423
0.4133,0.3600,-0.9477,0.874962
0.4133,0.3600,-0.9076,0.875161
0.4133,0.3600,-0.8569,0.868115
0.4133,0.3600,-0.7961,0.859064
0.4133,0.3600,-0.7260,0.846495
0.4133,0.3600,-0.6474,0.831742
0.4133,0.3600,-0.5612,0.810834
0.4133,0.3600,-0.4684,0.784372
0.4133,0.3600,-0.3701,0.747224
0.4133,0.3600,-0.2675,0.689280
0.4133,0.3600,-0.1618,0.562447
0.4133,0.3600,-0.0541,0.323194
0.4133,0.3600,0.0541,0.205240
0.4133,0.3600,0.1618,0.204186
0.4133,0.3600,0.2675,0.201737
0.4133,0.3600,0.3701,0.199868
0.4133,0.3600,0.4684,0.197225
0.4133,0.3600,0.5612,0.194577
0.4133,0.3600,0.6474,0.192704
0.4133,0.3600,0.7260,0.190808
0.4133,0.3600,0.7961,0.188910
0.4133,0.3600,0.8569,0.186824
0.4133,0.3600,0.9076,0.184268
0.4133,0.3600,0.9477,0.182733
0.4133,0.3600,0.9766,0.180738
0.4133,0.3600,0.9941,0.178961
0.4133,0.3600,1.0000,0.176967
0.4133,0.4133,-1.0000,0.891545
0.4133,0.4133,-0.9941,0.875929
0.4133,0.4133,-0.9766,0.861665
0.4133,0.4133,-0.9477,0.847702
0.4133,0.4133,-0.9076,0.835299
0.4133,0.4133,-0.8569,0.823790
0.4133,0.4133,-0.7961,0.814886
0.4133,0.4133,-0.7260,0.806809
0.4133,0.4133,-0.6474,0.799005
0.4133,0.4133,-0.5612,0.793639
0.4133,0.4133,-0.4684,0.788124
0.4133,0.4133,-0.3701,0.783184
0.4133,0.4133,-0.2675,0.780735
0.4133,0.4133,-0.1618,0.778564
0.4133,0.4133,-0.0541,0.776418
0.4133,0.4133,0.0541,0.776284
0.4133,0.4133,0.1618,0.776714
0.4133,0.4133,0.2675,0.774869
0.4133,0.4133,0.3701,0.778588
0.4133,0.4133,0.4684,0.780530
0.4133,0.4133,0.5612,0.783596
0.4133,0.4133,0.6474,0.787622
0.4133,0.4133,0.7260,0.792476
0.4133,0.4133,0.7961,0.797620
0.4133,0.4133,0.8569,0.803764
0.4133,0.4133,0.9076,0.810996
0.4133,0.4133,0.9477,0.819195
0.4133,0.4133,0.9766,0.829663
0.4133,0.4133,0.9941,0.840795
0.4133,0.4133,1.0000,0.851984
0.4667,0.2000,-1.0000,0.547665
0.4667,0.2000,-0.9941,0.560909
0.4667,0.2000,-0.9766,0.576243
0.4667,0.2000,-0.9477,0.594071
0.4667,0.2000,-0.9076,0.613425
0.4667,0.2000,-0.8569,0.634134
0.4667,0.2000,-0.7961,0.654601
0.4667,0.2000,-0.7260,0.677663
0.4667,0.2000,-0.6474,0.702980
0.4667,0.2000,-0.5612,0.728550
0.4667,0.2000,-0.4684,0.750181
0.4667,0.2000,-0.3701,0.771524
0.4667,0.2000,-0.2675,0.779709
0.4667,0.2000,-0.1618,0.757779
0.4667,0.2000,-0.0541,0.600324
0.4667,0.2000,0.0541,0.521076
0.4667,0.2000,0.1618,0.703179
0.4667,0.2000,0.2675,0.742833
0.4667,0.2000,0.3701,0.742876
0.4667,0.2000,0.4684,0.729391
0.4667,0.2000,0.5612,0.711492
0.4667,0.2000,0.6474,0.688396
0.4667,0.2000,0.7260,0.668984
0.4667,0.2000,0.7961,0.646736
0.4667,0.2000,0.8569,0.627057
0.4667,0.2000,0.9076,0.606200
0.4667,0.2000,0.9477,0.589707
0.4667,0.2000,0.9766,0.572938
0.4667,0.2000,0.9941,0.560482
0.4667,0.2000,1.0000,0.545554
0.4667,0.2533,-1.0000,0.529737
0.4667,0.2533,-0.9941,0.541568
0.4667,0.2533,-0.9766,0.556890
0.4667,0.2533,-0.9477,0.571251
0.4667,0.2533,-0.9076,0.589749
0.4667,0.2533,-0.8569,0.609573
0.4667,0.2533,-0.7961,0.629023
0.4667,0.2533,-0.7260,0.651339
0.4667,0.2533,-0.6474,0.672730
0.4667,0.2533,-0.5612,0.694552
0.4667,0.2533,-0.4684,0.713457
0.4667,0.2533,-0.3701,0.726665
0.4667,0.2533,-0.2675,0.724229
0.4667,0.2533,-0.1618,0.686471
0.4667,0.2533,-0.0541,0.504855
0.4667,0.2533,0.0541,0.437099
0.4667,0.2533,0.1618,0.633826
0.4667,0.2533,0.2675,0.685623
0.4667,0.2533,0.3701,0.696567
0.4667,0.2533,0.4684,0.688889
0.4667,0.2533,0.5612,0.674907
0.4667,0.2533,0.6474,0.657514
0.4667,0.2533,0.7260,0.638651
0.4667,0.2533,0.7961,0.619189
0.4667,0.2533,0.8569,0.601573
0.4667,0.2533,0.9076,0.584413
0.4667,0.2533,0.9477,0.568666
0.4667,0.2533,0.9766,0.553596
0.4667,0.2533,0.9941,0.538919
0.4667,0.2533,1.0000,0.527510
0.4667,0.3067,-1.0000,0.487151
0.4667,0.3067,-0.9941,0.498228
0.4667,0.3067,-0.9766,0.510585
0.4667,0.3067,-0.9477,0.524569
0.4667,0.3067,-0.9076,0.538460
0.4667,0.3067,-0.8569,0.554404
0.4667,0.3067,-0.7961,0.571827
0.4667,0.3067,-0.7260,0.588863
0.4667,0.3067,-0.6474,0.606620
0.4667,0.3067,-0.5612,0.618826
0.4667,0.3067,-0.4684,0.630968
0.4667,0.3067,-0.3701,0.632854
0.4667,0.3067,-0.2675,0.618650
0.4667,0.3067,-0.1618,0.558269
0.4667,0.3067,-0.0541,0.364064
0.4667,0.3067,0.0541,0.315306
0.4667,0.3067,0.1618,0.511898
0.4667,0.3067,0.2675,0.579530
0.4667,0.3067,0.3701,0.599905
0.4667,0.3067,0.4684,0.603101
0.4667,0.3067,0.5612,0.598542
0.4667,0.3067,0.6474,0.585259
0.4667,0.3067,0.7260,0.573861
0.4667,0.3067,0.7961,0.558884
0.4667,0.3067,0.8569,0.545049
0.4667,0.3067,0.9076,0.528908
0.4667,0.3067,0.9477,0.515911
0.4667,0.3067,0.9766,0.502634
0.4667,0.3067,0.9941,0.483383
0.4667,0.3067,1.0000,0.464112
0.4667,0.3600,-1.0000,0.278212
0.4667,0.3600,-0.9941,0.286694
0.4667,0.3600,-0.9766,0.295966
0.4667,0.3600,-0.9477,0.308629
0.4667,0.3600,-0.9076,0.335729
0.4667,0.3600,-0.8569,0.363878
0.4667,0.3600,-0.7961,0.406305
0.4667,0.3600,-0.7260,0.456859
0.4667,0.3600,-0.6474,0.486481
0.4667,0.3600,-0.5612,0.564913
0.4667,0.3600,-0.4684,0.614933
0.4667,0.3600,-0.3701,0.673457
0.4667,0.3600,-0.2675,0.661453
0.4667,0.3600,-0.1618,0.604430
0.4667,0.3600,-0.0541,0.463659
0.4667,0.3600,0.0541,0.298701
0.4667,0.3600,0.1618,0.292514
0.4667,0.3600,0.2675,0.283300
0.4667,0.3600,0.3701,0.278455
0.4667,0.3600,0.4684,0.274043
0.4667,0.3600,0.5612,0.270535
0.4667,0.3600,0.6474,0.266729
0.4667,0.3600,0.7260,0.264651
0.4667,0.3600,0.7961,0.261959
0.4667,0.3600,0.8569,0.260218
0.4667,0.3600,0.9076,0.257822
0.4667,0.3600,0.9477,0.256164
0.4667,0.3600,0.9766,0.255175
0.4667,0.3600,0.9941,0.253599
0.4667,0.3600,1.0000,0.252174
0.4667,0.4133,-1.0000,0.867881
0.4667,0.4133,-0.9941,0.870930
0.4667,0.4133,-0.9766,0.869076
0.4667,0.4133,-0.9477,0.866279
0.4667,0.4133,-0.9076,0.860988
0.4667,0.4133,-0.8569,0.852170
0.4667,0.4133,-0.7961,0.843778
0.4667,0.4133,-0.7260,0.831925
0.4667,0.4133,-0.6474,0.814792
0.4667,0.4133,-0.5612,0.794832
0.4667,0.4133,-0.4684,0.768252
0.4667,0.4133,-0.3701,0.726190
0.4667,0.4133,-0.2675,0.672174
0.4667,0.4133,-0.1618,0.571597
0.4667,0.4133,-0.0541,0.351408
0.4667,0.4133,0.0541,0.200941
0.4667,0.4133,0.1618,0.197940
0.4667,0.4133,0.2675,0.196508
0.4667,0.4133,0.3701,0.194552
0.4667,0.4133,0.4684,0.192198
0.4667,0.4133,0.5612,0.191244
0.4667,0.4133,0.6474,0.189471
0.4667,0.4133,0.7260,0.187248
0.4667,0.4133,0.7961,0.184775
0.4667,0.4133,0.8569,0.182293
0.4667,0.4133,0.9076,0.179700
0.4667,0.4133,0.9477,0.178088
0.4667,0.4133,0.9766,0.176616
0.4667,0.4133,0.9941,0.174020
0.4667,0.4133,1.0000,0.171256
0.4667,0.4667,-1.0000,0.960809
0.4667,0.4667,-0.9941,0.953266
0.4667,0.4667,-0.9766,0.944970
0.4667,0.4667,-0.9477,0.937395
0.4667,0.4667,-0.9076,0.930928
0.4667,0.4667,-0.8569,0.922956
0.4667,0.4667,-0.7961,0.916747
0.4667,0.4667,-0.7260,0.910612
0.4667,0.4667,-0.6474,0.907383
0.4667,0.4667,-0.5612,0.902766
0.4667,0.4667,-0.4684,0.898195
0.4667,0.4667,-0.3701,0.894772
0.4667,0.4667,-0.2675,0.893590
0.4667,0.4667,-0.1618,0.891581
0.4667,0.4667,-0.0541,0.890962
0.4667,0.4667,0.0541,0.892929
0.4667,0.4667,0.1618,0.892562
0.4667,0.4667,0.2675,0.894247
0.4667,0.4667,0.3701,0.898085
0.4667,0.4667,0.4684,0.902257
0.4667,0.4667,0.5612,0.906242
0.4667,0.4667,0.6474,0.912679
0.4667,0.4667,0.7260,0.917895
0.4667,0.4667,0.7961,0.924592
0.4667,0.4667,0.8569,0.931892
0.4667,0.4667,0.9076,0.941672
0.4667,0.4667,0.9477,0.950201
0.4667,0.4667,0.9766,0.960986
0.4667,0.4667,0.9941,0.970652
0.4667,0.4667,1.0000,0.981289
0.5200,0.2000,-1.0000,0.562135
0.5200,0.2000,-0.9941,0.576076
0.5200,0.2000,-0.9766,0.591456
0.5200,0.2000,-0.9477,0.608362
0.5200,0.2000,-0.9076,0.626561
0.5200,0.2000,-0.8569,0.650383
0.5200,0.2000,-0.7961,0.673502
0.5200,0.2000,-0.7260,0.697525
0.5200,0.2000,-0.6474,0.722918
0.5200,0.2000,-0.5612,0.753269
0.5200,0.2000,-0.4684,0.780404
0.5200,0.2000,-0.3701,0.805437
0.5200,0.2000,-0.2675,0.820776
0.5200,0.2000,-0.1618,0.810933
0.5200,0.2000,-0.0541,0.684212
0.5200,0.2000,0.0541,0.605528
0.5200,0.2000,0.1618,0.765977
0.5200,0.2000,0.2675,0.788036
0.5200,0.2000,0.3701,0.779824
0.5200,0.2000,0.4684,0.762281
0.5200,0.2000,0.5612,0.737395
0.5200,0.2000,0.6474,0.713259
0.5200,0.2000,0.7260,0.689039
0.5200,0.2000,0.7961,0.666919
0.5200,0.2000,0.8569,0.645467
0.5200,0.2000,0.9076,0.625275
0.5200,0.2000,0.9477,0.605534
0.5200,0.2000,0.9766,0.589435
0.5200,0.2000,0.9941,0.572107
0.5200,0.2000,1.0000,0.560106
0.5200,0.2533,-1.0000,0.550506
0.5200,0.2533,-0.9941,0.565163
0.5200,0.2533,-0.9766,0.580596
0.5200,0.2533,-0.9477,0.597807
0.5200,0.2533,-0.9076,0.616237
0.5200,0.2533,-0.8569,0.636470
0.5200,0.2533,-0.7961,0.658861
0.5200,0.2533,-0.7260,0.682660
0.5200,0.2533,-0.6474,0.706343
0.5200,0.2533,-0.5612,0.732322
0.5200,0.2533,-0.4684,0.757740
0.5200,0.2533,-0.3701,0.780298
0.5200,0.2533,-0.2675,0.788028
0.5200,0.2533,-0.1618,0.768381
0.5200,0.2533,-0.0541,0.616372
0.5200,0.2533,0.0541,0.545083
0.5200,0.2533,0.1618,0.721606
0.5200,0.2533,0.2675,0.755680
0.5200,0.2533,0.3701,0.756499
0.5200,0.2533,0.4684,0.738560
0.5200,0.2533,0.5612,0.719640
0.5200,0.2533,0.6474,0.697321
0.5200,0.2533,0.7260,0.674902
0.5200,0.2533,0.7961,0.652846
0.5200,0.2533,0.8569,0.631856
0.5200,0.2533,0.9076,0.612599
0.5200,0.2533,0.9477,0.593986
0.5200,0.2533,0.9766,0.578347
0.5200,0.2533,0.9941,0.563064
0.5200,0.2533,1.0000,0.547588
0.5200,0.3067,-1.0000,0.533419
0.5200,0.3067,-0.9941,0.544622
0.5200,0.3067,-0.9766,0.559264
0.5200,0.3067,-0.9477,0.575790
0.5200,0.3067,-0.9076,0.593349
0.5200,0.3067,-0.8569,0.612724
0.5200,0.3067,-0.7961,0.633744
0.5200,0.3067,-0.7260,0.654078
0.5200,0.3067,-0.6474,0.675290
0.5200,0.3067,-0.5612,0.698441
0.5200,0.3067,-0.4684,0.719918
0.5200,0.3067,-0.3701,0.733724
0.5200,0.3067,-0.2675,0.733488
0.5200,0.3067,-0.1618,0.695846
0.5200,0.3067,-0.0541,0.516875
0.5200,0.3067,0.0541,0.459767
0.5200,0.3067,0.1618,0.651886
0.5200,0.3067,0.2675,0.699064
0.5200,0.3067,0.3701,0.707752
0.5200,0.3067,0.4684,0.699323
0.5200,0.3067,0.5612,0.683204
0.5200,0.3067,0.6474,0.663486
0.5200,0.3067,0.7260,0.646737
0.5200,0.3067,0.7961,0.624800
0.5200,0.3067,0.8569,0.608848
0.5200,0.3067,0.9076,0.589087
0.5200,0.3067,0.9477,0.572018
0.5200,0.3067,0.9766,0.558228
0.5200,0.3067,0.9941,0.542958
0.5200,0.3067,1.0000,0.530723
0.5200,0.3600,-1.0000,0.489442
0.5200,0.3600,-0.9941,0.501166
0.5200,0.3600,-0.9766,0.513694
0.5200,0.3600,-0.9477,0.527555
0.5200,0.3600,-0.9076,0.540817
0.5200,0.3600,-0.8569,0.559603
0.5200,0.3600,-0.7961,0.576863
0.5200,0.3600,-0.7260,0.593579
0.5200,0.3600,-0.6474,0.609223
0.5200,0.3600,-0.5612,0.623443
0.5200,0.3600,-0.4684,0.636440
0.5200,0.3600,-0.3701,0.637476
0.5200,0.3600,-0.2675,0.618652
0.5200,0.3600,-0.1618,0.559902
0.5200,0.3600,-0.0541,0.361842
0.5200,0.3600,0.0541,0.323126
0.5200,0.3600,0.1618,0.517350
0.5200,0.3600,0.2675,0.581650
0.5200,0.3600,0.3701,0.601014
0.5200,0.3600,0.4684,0.600922
0.5200,0.3600,0.5612,0.593854
0.5200,0.3600,0.6474,0.580968
0.5200,0.3600,0.7260,0.566084
0.5200,0.3600,0.7961,0.539320
0.5200,0.3600,0.8569,0.516527
0.5200,0.3600,0.9076,0.489119
0.5200,0.3600,0.9477,0.460317
0.5200,0.3600,0.9766,0.423537
0.5200,0.3600,0.9941,0.390534
0.5200,0.3600,1.0000,0.365585
0.5200,0.4133,-1.0000,0.285480
0.5200,0.4133,-0.9941,0.309819
0.5200,0.4133,-0.9766,0.372291
0.5200,0.4133,-0.9477,0.473078
0.5200,0.4133,-0.9076,0.566925
0.5200,0.4133,-0.8569,0.673549
0.5200,0.4133,-0.7961,0.707949
0.5200,0.4133,-0.7260,0.754913
0.5200,0.4133,-0.6474,0.780418
0.5200,0.4133,-0.5612,0.792735
0.5200,0.4133,-0.4684,0.773964
0.5200,0.4133,-0.3701,0.754268
0.5200,0.4133,-0.2675,0.705173
0.5200,0.4133,-0.1618,0.621099
0.5200,0.4133,-0.0541,0.459714
0.5200,0.4133,0.0541,0.276392
0.5200,0.4133,0.1618,0.272425
0.5200,0.4133,0.2675,0.269569
0.5200,0.4133,0.3701,0.267089
0.5200,0.4133,0.4684,0.265277
0.5200,0.4133,0.5612,0.263147
0.5200,0.4133,0.6474,0.260373
0.5200,0.4133,0.7260,0.259594
0.5200,0.4133,0.7961,0.257518
0.5200,0.4133,0.8569,0.256989
0.5200,0.4133,0.9076,0.255061
0.5200,0.4133,0.9477,0.253865
0.5200,0.4133,0.9766,0.251083
0.5200,0.4133,0.9941,0.251480
0.5200,0.4133,1.0000,0.250328
0.5200,0.4667,-1.0000,0.871018
0.5200,0.4667,-0.9941,0.869976
0.5200,0.4667,-0.9766,0.866007
0.5200,0.4667,-0.9477,0.861246
0.5200,0.4667,-0.9076,0.853874
0.5200,0.4667,-0.8569,0.846520
0.5200,0.4667,-0.7961,0.837139
0.5200,0.4667,-0.7260,0.825239
0.5200,0.4667,-0.6474,0.807789
0.5200,0.4667,-0.5612,0.785124
0.5200,0.4667,-0.4684,0.757747
0.5200,0.4667,-0.3701,0.716810
0.5200,0.4667,-0.2675,0.659612
0.5200,0.4667,-0.1618,0.567980
0.5200,0.4667,-0.0541,0.366346
0.5200,0.4667,0.0541,0.200467
0.5200,0.4667,0.1618,0.199908
0.5200,0.4667,0.2675,0.197404
0.5200,0.4667,0.3701,0.196180
0.5200,0.4667,0.4684,0.193059
0.5200,0.4667,0.5612,0.191179
0.5200,0.4667,0.6474,0.189563
0.5200,0.4667,0.7260,0.186946
0.5200,0.4667,0.7961,0.184379
0.5200,0.4667,0.8569,0.181322
0.5200,0.4667,0.9076,0.180600
0.5200,0.4667,0.9477,0.178472
0.5200,0.4667,0.9766,0.176127
0.5200,0.4667,0.9941,0.172973
0.5200,0.4667,1.0000,0.170356
0.5200,0.5200,-1.0000,0.963380
0.5200,0.5200,-0.9941,0.960046
0.5200,0.5200,-0.9766,0.958631
0.5200,0.5200,-0.9477,0.956944
0.5200,0.5200,-0.9076,0.954757
0.5200,0.5200,-0.8569,0.952661
0.5200,0.5200,-0.7961,0.952510
0.5200,0.5200,-0.7260,0.950501
0.5200,0.5200,-0.6474,0.950323
0.5200,0.5200,-0.5612,0.949925
0.5200,0.5200,-0.4684,0.949031
0.5200,0.5200,-0.3701,0.949158
0.5200,0.5200,-0.2675,0.949272
0.5200,0.5200,-0.1618,0.949206
0.5200,0.5200,-0.0541,0.951003
0.5200,0.5200,0.0541,0.952607
0.5200,0.5200,0.1618,0.954344
0.5200,0.5200,0.2675,0.956559
0.5200,0.5200,0.3701,0.958570
0.5200,0.5200,0.4684,0.959963
0.5200,0.5200,0.5612,0.963572
0.5200,0.5200,0.6474,0.966407
0.5200,0.5200,0.7260,0.969161
0.5200,0.5200,0.7961,0.972278
0.5200,0.5200,0.8569,0.975485
0.5200,0.5200,0.9076,0.979285
0.5200,0.5200,0.9477,0.981085
0.5200,0.5200,0.9766,0.983766
0.5200,0.5200,0.9941,0.986770
0.5200,0.5200,1.0000,0.988649
0.5733,0.2000,-1.0000,0.567666
0.5733,0.2000,-0.9941,0.582967
0.5733,0.2000,-0.9766,0.597715
0.5733,0.2000,-0.9477,0.614350
0.5733,0.2000,-0.9076,0.636475
0.5733,0.2000,-0.8569,0.657464
0.5733,0.2000,-0.7961,0.683390
0.5733,0.2000,-0.7260,0.709510
0.5733,0.2000,-0.6474,0.733908
0.5733,0.2000,-0.5612,0.763640
0.5733,0.2000,-0.4684,0.793642
0.5733,0.2000,-0.3701,0.820553
0.5733,0.2000,-0.2675,0.841802
0.5733,0.2000,-0.1618,0.841974
0.5733,0.2000,-0.0541,0.739910
0.5733,0.2000,0.0541,0.663020
0.5733,0.2000,0.1618,0.802253
0.5733,0.2000,0.2675,0.815458
0.5733,0.2000,0.3701,0.802077
0.5733,0.2000,0.4684,0.779301
0.5733,0.2000,0.5612,0.753797
0.5733,0.2000,0.6474,0.726897
0.5733,0.2000,0.7260,0.702254
0.5733,0.2000,0.7961,0.677378
0.5733,0.2000,0.8569,0.654972
0.5733,0.2000,0.9076,0.633031
0.5733,0.2000,0.9477,0.612350
0.5733,0.2000,0.9766,0.598542
0.5733,0.2000,0.9941,0.582043
0.5733,0.2000,1.0000,0.566245
0.5733,0.2533,-1.0000,0.562262
0.5733,0.2533,-0.9941,0.578198
0.5733,0.2533,-0.9766,0.593791
0.5733,0.2533,-0.9477,0.610691
0.5733,0.2533,-0.9076,0.630342
0.5733,0.2533,-0.8569,0.651081
0.5733,0.2533,-0.7961,0.674113
0.5733,0.2533,-0.7260,0.699439
0.5733,0.2533,-0.6474,0.725653
0.5733,0.2533,-0.5612,0.753092
0.5733,0.2533,-0.4684,0.780959
0.5733,0.2533,-0.3701,0.805267
0.5733,0.2533,-0.2675,0.822702
0.5733,0.2533,-0.1618,0.814802
0.5733,0.2533,-0.0541,0.691865
0.5733,0.2533,0.0541,0.619111
0.5733,0.2533,0.1618,0.772154
0.5733,0.2533,0.2675,0.794288
0.5733,0.2533,0.3701,0.787673
0.5733,0.2533,0.4684,0.765660
0.5733,0.2533,0.5612,0.741876
0.5733,0.2533,0.6474,0.716696
0.5733,0.2533,0.7260,0.693783
0.5733,0.2533,0.7961,0.670136
0.5733,0.2533,0.8569,0.647790
0.5733,0.2533,0.9076,0.624945
0.5733,0.2533,0.9477,0.606325
0.5733,0.2533,0.9766,0.589241
0.5733,0.2533,0.9941,0.574874
0.5733,0.2533,1.0000,0.561050
0.5733,0.3067,-1.0000,0.550570
0.5733,0.3067,-0.9941,0.564788
0.5733,0.3067,-0.9766,0.582127
0.5733,0.3067,-0.9477,0.596921
0.5733,0.3067,-0.9076,0.618086
0.5733,0.3067,-0.8569,0.638078
0.5733,0.3067,-0.7961,0.661530
0.5733,0.3067,-0.7260,0.683743
0.5733,0.3067,-0.6474,0.707473
0.5733,0.3067,-0.5612,0.733782
0.5733,0.3067,-0.4684,0.759297
0.5733,0.3067,-0.3701,0.780187
0.5733,0.3067,-0.2675,0.789990
0.5733,0.3067,-0.1618,0.771622
0.5733,0.3067,-0.0541,0.620849
0.5733,0.3067,0.0541,0.558923
0.5733,0.3067,0.1618,0.731257
0.5733,0.3067,0.2675,0.763108
0.5733,0.3067,0.3701,0.759328
0.5733,0.3067,0.4684,0.743045
0.5733,0.3067,0.5612,0.723194
0.5733,0.3067,0.6474,0.700810
0.5733,0.3067,0.7260,0.678886
0.5733,0.3067,0.7961,0.655620
0.5733,0.3067,0.8569,0.633631
0.5733,0.3067,0.9076,0.614726
0.5733,0.3067,0.9477,0.594504
0.5733,0.3067,0.9766,0.580014
0.5733,0.3067,0.9941,0.563004
0.5733,0.3067,1.0000,0.552134
0.5733,0.3600,-1.0000,0.533347
0.5733,0.3600,-0.9941,0.545727
0.5733,0.3600,-0.9766,0.559258
0.5733,0.3600,-0.9477,0.575996
0.5733,0.3600,-0.9076,0.593394
0.5733,0.3600,-0.8569,0.612014
0.5733,0.3600,-0.7961,0.634939
0.5733,0.3600,-0.7260,0.656118
0.5733,0.3600,-0.6474,0.676455
0.5733,0.3600,-0.5612,0.700173
0.5733,0.3600,-0.4684,0.721515
0.5733,0.3600,-0.3701,0.735661
0.5733,0.3600,-0.2675,0.734398
0.5733,0.3600,-0.1618,0.697039
0.5733,0.3600,-0.0541,0.518700
0.5733,0.3600,0.0541,0.468384
0.5733,0.3600,0.1618,0.659231
0.5733,0.3600,0.2675,0.706386
0.5733,0.3600,0.3701,0.712672
0.5733,0.3600,0.4684,0.702186
0.5733,0.3600,0.5612,0.687828
0.5733,0.3600,0.6474,0.666337
0.5733,0.3600,0.7260,0.649242
0.5733,0.3600,0.7961,0.628866
0.5733,0.3600,0.8569,0.609033
0.5733,0.3600,0.9076,0.590585
0.5733,0.3600,0.9477,0.572762
0.5733,0.3600,0.9766,0.557723
0.5733,0.3600,0.9941,0.544330
0.5733,0.3600,1.0000,0.533086
0.5733,0.4133,-1.0000,0.471838
0.5733,0.4133,-0.9941,0.494531
0.5733,0.4133,-0.9766,0.508647
0.5733,0.4133,-0.9477,0.524104
0.5733,0.4133,-0.9076,0.538177
0.5733,0.4133,-0.8569,0.554940
0.5733,0.4133,-0.7961,0.571061
0.5733,0.4133,-0.7260,0.586788
0.5733,0.4133,-0.6474,0.604248
0.5733,0.4133,-0.5612,0.616368
0.5733,0.4133,-0.4684,0.624404
0.5733,0.4133,-0.3701,0.623155
0.5733,0.4133,-0.2675,0.600071
0.5733,0.4133,-0.1618,0.537534
0.5733,0.4133,-0.0541,0.344007
0.5733,0.4133,0.0541,0.304857
0.5733,0.4133,0.1618,0.482129
0.5733,0.4133,0.2675,0.532166
0.5733,0.4133,0.3701,0.538366
0.5733,0.4133,0.4684,0.527513
0.5733,0.4133,0.5612,0.503872
0.5733,0.4133,0.6474,0.459833
0.5733,0.4133,0.7260,0.417961
0.5733,0.4133,0.7961,0.379650
0.5733,0.4133,0.8569,0.359127
0.5733,0.4133,0.9076,0.332220
0.5733,0.4133,0.9477,0.314881
0.5733,0.4133,0.9766,0.304054
0.5733,0.4133,0.9941,0.295949
0.5733,0.4133,1.0000,0.288087
0.5733,0.4667,-1.0000,0.710005
0.5733,0.4667,-0.9941,0.752680
0.5733,0.4667,-0.9766,0.792462
0.5733,0.4667,-0.9477,0.829625
0.5733,0.4667,-0.9076,0.845421
0.5733,0.4667,-0.8569,0.847451
0.5733,0.4667,-0.7961,0.848157
0.5733,0.4667,-0.7260,0.846628
0.5733,0.4667,-0.6474,0.833989
0.5733,0.4667,-0.5612,0.815498
0.5733,0.4667,-0.4684,0.792855
0.5733,0.4667,-0.3701,0.758467
0.5733,0.4667,-0.2675,0.706178
0.5733,0.4667,-0.1618,0.621585
0.5733,0.4667,-0.0541,0.458791
0.5733,0.4667,0.0541,0.270779
0.5733,0.4667,0.1618,0.269812
0.5733,0.4667,0.2675,0.266901
0.5733,0.4667,0.3701,0.264528
0.5733,0.4667,0.4684,0.263140
0.5733,0.4667,0.5612,0.260507
0.5733,0.4667,0.6474,0.258700
0.5733,0.4667,0.7260,0.259267
0.5733,0.4667,0.7961,0.257709
0.5733,0.4667,0.8569,0.255196
0.5733,0.4667,0.9076,0.253382
0.5733,0.4667,0.9477,0.253636
0.5733,0.4667,0.9766,0.250788
0.5733,0.4667,0.9941,0.250692
0.5733,0.4667,1.0000,0.250564
0.5733,0.5200,-1.0000,0.868089
0.5733,0.5200,-0.9941,0.865478
0.5733,0.5200,-0.9766,0.860451
0.5733,0.5200,-0.9477,0.856326
0.5733,0.5200,-0.9076,0.849376
0.5733,0.5200,-0.8569,0.841422
0.5733,0.5200,-0.7961,0.830214
0.5733,0.5200,-0.7260,0.817650
0.5733,0.5200,-0.6474,0.801285
0.5733,0.5200,-0.5612,0.776328
0.5733,0.5200,-0.4684,0.748009
0.5733,0.5200,-0.3701,0.707373
0.5733,0.5200,-0.2675,0.648372
0.5733,0.5200,-0.1618,0.556605
0.5733,0.5200,-0.0541,0.369495
0.5733,0.5200,0.0541,0.198628
0.5733,0.5200,0.1618,0.197097
0.5733,0.5200,0.2675,0.196858
0.5733,0.5200,0.3701,0.193204
0.5733,0.5200,0.4684,0.192644
0.5733,0.5200,0.5612,0.189501
0.5733,0.5200,0.6474,0.187227
0.5733,0.5200,0.7260,0.184224
0.5733,0.5200,0.7961,0.183006
0.5733,0.5200,0.8569,0.179314
0.5733,0.5200,0.9076,0.177711
0.5733,0.5200,0.9477,0.175044
0.5733,0.5200,0.9766,0.172294
0.5733,0.5200,0.9941,0.169164
0.5733,0.5200,1.0000,0.165635
0.5733,0.5733,-1.0000,0.953275
0.5733,0.5733,-0.9941,0.950863
0.5733,0.5733,-0.9766,0.949066
0.5733,0.5733,-0.9477,0.947816
0.5733,0.5733,-0.9076,0.946926
0.5733,0.5733,-0.8569,0.946444
0.5733,0.5733,-0.7961,0.946054
0.5733,0.5733,-0.7260,0.946033
0.5733,0.5733,-0.6474,0.945835
0.5733,0.5733,-0.5612,0.945952
0.5733,0.5733,-0.4684,0.946363
0.5733,0.5733,-0.3701,0.947585
0.5733,0.5733,-0.2675,0.947786
0.5733,0.5733,-0.1618,0.949022
0.5733,0.5733,-0.0541,0.949713
0.5733,0.5733,0.0541,0.951387
0.5733,0.5733,0.1618,0.952704
0.5733,0.5733,0.2675,0.954476
0.5733,0.5733,0.3701,0.955635
0.5733,0.5733,0.4684,0.957418
0.5733,0.5733,0.5612,0.959478
0.5733,0.5733,0.6474,0.960800
0.5733,0.5733,0.7260,0.962696
0.5733,0.5733,0.7961,0.963974
0.5733,0.5733,0.8569,0.965760
0.5733,0.5733,0.9076,0.967709
0.5733,0.5733,0.9477,0.969808
0.5733,0.5733,0.9766,0.971404
0.5733,0.5733,0.9941,0.973355
0.5733,0.5733,1.0000,0.975740
0.6267,0.2000,-1.0000,0.571054
0.6267,0.2000,-0.9941,0.587126
0.6267,0.2000,-0.9766,0.602204
0.6267,0.2000,-0.9477,0.622973
0.6267,0.2000,-0.9076,0.642222
0.6267,0.2000,-0.8569,0.663570
0.6267,0.2000,-0.7961,0.689268
0.6267,0.2000,-0.7260,0.715369
0.6267,0.2000,-0.6474,0.743004
0.6267,0.2000,-0.5612,0.772035
0.6267,0.2000,-0.4684,0.803400
0.6267,0.2000,-0.3701,0.832338
0.6267,0.2000,-0.2675,0.856403
0.6267,0.2000,-0.1618,0.862959
0.6267,0.2000,-0.0541,0.778238
0.6267,0.2000,0.0541,0.705828
0.6267,0.2000,0.1618,0.825299
0.6267,0.2000,0.2675,0.832661
0.6267,0.2000,0.3701,0.815766
0.6267,0.2000,0.4684,0.790131
0.6267,0.2000,0.5612,0.763280
0.6267,0.2000,0.6474,0.733269
0.6267,0.2000,0.7260,0.709656
0.6267,0.2000,0.7961,0.683806
0.6267,0.2000,0.8569,0.660159
0.6267,0.2000,0.9076,0.637626
0.6267,0.2000,0.9477,0.619501
0.6267,0.2000,0.9766,0.601959
0.6267,0.2000,0.9941,0.585636
0.6267,0.2000,1.0000,0.570187
0.6267,0.2533,-1.0000,0.568668
0.6267,0.2533,-0.9941,0.584925
0.6267,0.2533,-0.9766,0.599855
0.6267,0.2533,-0.9477,0.617146
0.6267,0.2533,-0.9076,0.636383
0.6267,0.2533,-0.8569,0.658495
0.6267,0.2533,-0.7961,0.683016
0.6267,0.2533,-0.7260,0.710356
0.6267,0.2533,-0.6474,0.735111
0.6267,0.2533,-0.5612,0.763414
0.6267,0.2533,-0.4684,0.795285
0.6267,0.2533,-0.3701,0.822109
0.6267,0.2533,-0.2675,0.843359
0.6267,0.2533,-0.1618,0.842838
0.6267,0.2533,-0.0541,0.741457
0.6267,0.2533,0.0541,0.672180
0.6267,0.2533,0.1618,0.807351
0.6267,0.2533,0.2675,0.818966
0.6267,0.2533,0.3701,0.805341
0.6267,0.2533,0.4684,0.781365
0.6267,0.2533,0.5612,0.755123
0.6267,0.2533,0.6474,0.728728
0.6267,0.2533,0.7260,0.702226
0.6267,0.2533,0.7961,0.679116
0.6267,0.2533,0.8569,0.655830
0.6267,0.2533,0.9076,0.633424
0.6267,0.2533,0.9477,0.614031
0.6267,0.2533,0.9766,0.598961
0.6267,0.2533,0.9941,0.582128
0.6267,0.2533,1.0000,0.566130
0.6267,0.3067,-1.0000,0.561889
0.6267,0.3067,-0.9941,0.576002
0.6267,0.3067,-0.9766,0.592230
0.6267,0.3067,-0.9477,0.609772
0.6267,0.3067,-0.9076,0.631214
0.6267,0.3067,-0.8569,0.651192
0.6267,0.3067,-0.7961,0.675127
0.6267,0.3067,-0.7260,0.698420
0.6267,0.3067,-0.6474,0.725155
0.6267,0.3067,-0.5612,0.753353
0.6267,0.3067,-0.4684,0.781094
0.6267,0.3067,-0.3701,0.806377
0.6267,0.3067,-0.2675,0.821284
0.6267,0.3067,-0.1618,0.815453
0.6267,0.3067,-0.0541,0.690927
0.6267,0.3067,0.0541,0.625960
0.6267,0.3067,0.1618,0.778322
0.6267,0.3067,0.2675,0.799394
0.6267,0.3067,0.3701,0.788180
0.6267,0.3067,0.4684,0.768431
0.6267,0.3067,0.5612,0.744582
0.6267,0.3067,0.6474,0.719157
0.6267,0.3067,0.7260,0.693558
0.6267,0.3067,0.7961,0.670658
0.6267,0.3067,0.8569,0.647587
0.6267,0.3067,0.9076,0.627967
0.6267,0.3067,0.9477,0.608356
0.6267,0.3067,0.9766,0.590484
0.6267,0.3067,0.9941,0.576064
0.6267,0.3067,1.0000,0.560841
0.6267,0.3600,-1.0000,0.551592
0.6267,0.3600,-0.9941,0.566226
0.6267,0.3600,-0.9766,0.581477
0.6267,0.3600,-0.9477,0.597961
0.6267,0.3600,-0.9076,0.616532
0.6267,0.3600,-0.8569,0.639154
0.6267,0.3600,-0.7961,0.662575
0.6267,0.3600,-0.7260,0.684328
0.6267,0.3600,-0.6474,0.709188
0.6267,0.3600,-0.5612,0.733531
0.6267,0.3600,-0.4684,0.759893
0.6267,0.3600,-0.3701,0.780141
0.6267,0.3600,-0.2675,0.789216
0.6267,0.3600,-0.1618,0.770384
0.6267,0.3600,-0.0541,0.618500
0.6267,0.3600,0.0541,0.562745
0.6267,0.3600,0.1618,0.733581
0.6267,0.3600,0.2675,0.763645
0.6267,0.3600,0.3701,0.760880
0.6267,0.3600,0.4684,0.744280
0.6267,0.3600,0.5612,0.726059
0.6267,0.3600,0.6474,0.699909
0.6267,0.3600,0.7260,0.679496
0.6267,0.3600,0.7961,0.655815
0.6267,0.3600,0.8569,0.634687
0.6267,0.3600,0.9076,0.614425
0.6267,0.3600,0.9477,0.597659
0.6267,0.3600,0.9766,0.580037
0.6267,0.3600,0.9941,0.565119
0.6267,0.3600,1.0000,0.553307
0.6267,0.4133,-1.0000,0.531102
0.6267,0.4133,-0.9941,0.543526
0.6267,0.4133,-0.9766,0.559997
0.6267,0.4133,-0.9477,0.575141
0.6267,0.4133,-0.9076,0.592504
0.6267,0.4133,-0.8569,0.611405
0.6267,0.4133,-0.7961,0.633386
0.6267,0.4133,-0.7260,0.652663
0.6267,0.4133,-0.6474,0.674786
0.6267,0.4133,-0.5612,0.696596
0.6267,0.4133,-0.4684,0.714687
0.6267,0.4133,-0.3701,0.728911
0.6267,0.4133,-0.2675,0.728541
0.6267,0.4133,-0.1618,0.689876
0.6267,0.4133,-0.0541,0.509579
0.6267,0.4133,0.0541,0.464572
0.6267,0.4133,0.1618,0.655825
0.6267,0.4133,0.2675,0.703104
0.6267,0.4133,0.3701,0.709058
0.6267,0.4133,0.4684,0.700942
0.6267,0.4133,0.5612,0.683872
0.6267,0.4133,0.6474,0.666077
0.6267,0.4133,0.7260,0.645918
0.6267,0.4133,0.7961,0.625702
0.6267,0.4133,0.8569,0.605434
0.6267,0.4133,0.9076,0.588899
0.6267,0.4133,0.9477,0.570597
0.6267,0.4133,0.9766,0.556579
0.6267,0.4133,0.9941,0.541618
0.6267,0.4133,1.0000,0.528579
0.6267,0.4667,-1.0000,0.421664
0.6267,0.4667,-0.9941,0.459270
0.6267,0.4667,-0.9766,0.488119
0.6267,0.4667,-0.9477,0.510558
0.6267,0.4667,-0.9076,0.527290
0.6267,0.4667,-0.8569,0.540313
0.6267,0.4667,-0.7961,0.564011
0.6267,0.4667,-0.7260,0.576568
0.6267,0.4667,-0.6474,0.599480
0.6267,0.4667,-0.5612,0.619329
0.6267,0.4667,-0.4684,0.653076
0.6267,0.4667,-0.3701,0.662752
0.6267,0.4667,-0.2675,0.635843
0.6267,0.4667,-0.1618,0.569045
0.6267,0.4667,-0.0541,0.420516
0.6267,0.4667,0.0541,0.298420
0.6267,0.4667,0.1618,0.356127
0.6267,0.4667,0.2675,0.361782
0.6267,0.4667,0.3701,0.357413
0.6267,0.4667,0.4684,0.338590
0.6267,0.4667,0.5612,0.320699
0.6267,0.4667,0.6474,0.305341
0.6267,0.4667,0.7260,0.295277
0.6267,0.4667,0.7961,0.291513
0.6267,0.4667,0.8569,0.286400
0.6267,0.4667,0.9076,0.283948
0.6267,0.4667,0.9477,0.278557
0.6267,0.4667,0.9766,0.275345
0.6267,0.4667,0.9941,0.273908
0.6267,0.4667,1.0000,0.273331
0.6267,0.5200,-1.0000,0.872204
0.6267,0.5200,-0.9941,0.885452
0.6267,0.5200,-0.9766,0.884075
0.6267,0.5200,-0.9477,0.881369
0.6267,0.5200,-0.9076,0.877429
0.6267,0.5200,-0.8569,0.870601
0.6267,0.5200,-0.7961,0.863643
0.6267,0.5200,-0.7260,0.852252
0.6267,0.5200,-0.6474,0.839667
0.6267,0.5200,-0.5612,0.819544
0.6267,0.5200,-0.4684,0.794144
0.6267,0.5200,-0.3701,0.759831
0.6267,0.5200,-0.2675,0.705888
0.6267,0.5200,-0.1618,0.621516
0.6267,0.5200,-0.0541,0.456242
0.6267,0.5200,0.0541,0.269508
0.6267,0.5200,0.1618,0.266097
0.6267,0.5200,0.2675,0.264694
0.6267,0.5200,0.3701,0.262774
0.6267,0.5200,0.4684,0.261866
0.6267,0.5200,0.5612,0.259155
0.6267,0.5200,0.6474,0.257893
0.6267,0.5200,0.7260,0.257713
0.6267,0.5200,0.7961,0.255401
0.6267,0.5200,0.8569,0.253964
0.6267,0.5200,0.9076,0.251369
0.6267,0.5200,0.9477,0.251386
0.6267,0.5200,0.9766,0.249331
0.6267,0.5200,0.9941,0.250051
0.6267,0.5200,1.0000,0.247896
0.6267,0.5733,-1.0000,0.857701
0.6267,0.5733,-0.9941,0.855925
0.6267,0.5733,-0.9766,0.852023
0.6267,0.5733,-0.9477,0.847150
0.6267,0.5733,-0.9076,0.840378
0.6267,0.5733,-0.8569,0.831846
0.6267,0.5733,-0.7961,0.821688
0.6267,0.5733,-0.7260,0.806963
0.6267,0.5733,-0.6474,0.789153
0.6267,0.5733,-0.5612,0.767064
0.6267,0.5733,-0.4684,0.735127
0.6267,0.5733,-0.3701,0.693350
0.6267,0.5733,-0.2675,0.632322
0.6267,0.5733,-0.1618,0.540409
0.6267,0.5733,-0.0541,0.363488
0.6267,0.5733,0.0541,0.193455
0.6267,0.5733,0.1618,0.190275
0.6267,0.5733,0.2675,0.187922
0.6267,0.5733,0.3701,0.185923
0.6267,0.5733,0.4684,0.183843
0.6267,0.5733,0.5612,0.182089
0.6267,0.5733,0.6474,0.181413
0.6267,0.5733,0.7260,0.176695
0.6267,0.5733,0.7961,0.174582
0.6267,0.5733,0.8569,0.172100
0.6267,0.5733,0.9076,0.168056
0.6267,0.5733,0.9477,0.163725
0.6267,0.5733,0.9766,0.162747
0.6267,0.5733,0.9941,0.158487
0.6267,0.5733,1.0000,0.154963
0.6267,0.6267,-1.0000,0.949102
0.6267,0.6267,-0.9941,0.946724
0.6267,0.6267,-0.9766,0.944823
0.6267,0.6267,-0.9477,0.943456
0.6267,0.6267,-0.9076,0.942122
0.6267,0.6267,-0.8569,0.941307
0.6267,0.6267,-0.7961,0.940452
0.6267,0.6267,-0.7260,0.940407
0.6267,0.6267,-0.6474,0.940301
0.6267,0.6267,-0.5612,0.940128
0.6267,0.6267,-0.4684,0.941144
0.6267,0.6267,-0.3701,0.941509
0.6267,0.6267,-0.2675,0.942178
0.6267,0.6267,-0.1618,0.942902
0.6267,0.6267,-0.0541,0.944207
0.6267,0.6267,0.0541,0.945486
0.6267,0.6267,0.1618,0.946615
0.6267,0.6267,0.2675,0.947876
0.6267,0.6267,0.3701,0.949701
0.6267,0.6267,0.4684,0.951365
0.6267,0.6267,0.5612,0.952800
0.6267,0.6267,0.6474,0.954028
0.6267,0.6267,0.7260,0.956089
0.6267,0.6267,0.7961,0.958094
0.6267,0.6267,0.8569,0.960144
0.6267,0.6267,0.9076,0.961724
0.6267,0.6267,0.9477,0.964123
0.6267,0.6267,0.9766,0.966067
0.6267,0.6267,0.9941,0.968379
0.6267,0.6267,1.0000,0.970823
0.6800,0.2000,-1.0000,0.574610
0.6800,0.2000,-0.9941,0.589206
0.6800,0.2000,-0.9766,0.606136
0.6800,0.2000,-0.9477,0.624992
0.6800,0.2000,-0.9076,0.643664
0.6800,0.2000,-0.8569,0.666777
0.6800,0.2000,-0.7961,0.692960
0.6800,0.2000,-0.7260,0.720206
0.6800,0.2000,-0.6474,0.747196
0.6800,0.2000,-0.5612,0.777266
0.6800,0.2000,-0.4684,0.810285
0.6800,0.2000,-0.3701,0.840001
0.6800,0.2000,-0.2675,0.864317
0.6800,0.2000,-0.1618,0.875902
0.6800,0.2000,-0.0541,0.806480
0.6800,0.2000,0.0541,0.736836
0.6800,0.2000,0.1618,0.843509
0.6800,0.2000,0.2675,0.845483
0.6800,0.2000,0.3701,0.824812
0.6800,0.2000,0.4684,0.797569
0.6800,0.2000,0.5612,0.769104
0.6800,0.2000,0.6474,0.741420
0.6800,0.2000,0.7260,0.712574
0.6800,0.2000,0.7961,0.690168
0.6800,0.2000,0.8569,0.663483
0.6800,0.2000,0.9076,0.642849
0.6800,0.2000,0.9477,0.622405
0.6800,0.2000,0.9766,0.604856
0.6800,0.2000,0.9941,0.590311
0.6800,0.2000,1.0000,0.573107
0.6800,0.2533,-1.0000,0.572127
0.6800,0.2533,-0.9941,0.588135
0.6800,0.2533,-0.9766,0.603851
0.6800,0.2533,-0.9477,0.622484
0.6800,0.2533,-0.9076,0.641149
0.6800,0.2533,-0.8569,0.664216
0.6800,0.2533,-0.7961,0.689491
0.6800,0.2533,-0.7260,0.715613
0.6800,0.2533,-0.6474,0.742885
0.6800,0.2533,-0.5612,0.771436
0.6800,0.2533,-0.4684,0.802410
0.6800,0.2533,-0.3701,0.832325
0.6800,0.2533,-0.2675,0.856366
0.6800,0.2533,-0.1618,0.862828
0.6800,0.2533,-0.0541,0.777238
0.6800,0.2533,0.0541,0.709363
0.6800,0.2533,0.1618,0.828331
0.6800,0.2533,0.2675,0.834387
0.6800,0.2533,0.3701,0.816369
0.6800,0.2533,0.4684,0.790403
0.6800,0.2533,0.5612,0.763483
0.6800,0.2533,0.6474,0.736236
0.6800,0.2533,0.7260,0.709531
0.6800,0.2533,0.7961,0.683681
0.6800,0.2533,0.8569,0.661234
0.6800,0.2533,0.9076,0.639192
0.6800,0.2533,0.9477,0.619868
0.6800,0.2533,0.9766,0.602286
0.6800,0.2533,0.9941,0.586893
0.6800,0.2533,1.0000,0.570431
0.6800,0.3067,-1.0000,0.568164
0.6800,0.3067,-0.9941,0.584311
0.6800,0.3067,-0.9766,0.599818
0.6800,0.3067,-0.9477,0.615817
0.6800,0.3067,-0.9076,0.636016
0.6800,0.3067,-0.8569,0.658432
0.6800,0.3067,-0.7961,0.683463
0.6800,0.3067,-0.7260,0.710415
0.6800,0.3067,-0.6474,0.734103
0.6800,0.3067,-0.5612,0.764809
0.6800,0.3067,-0.4684,0.794695
0.6800,0.3067,-0.3701,0.819957
0.6800,0.3067,-0.2675,0.842500
0.6800,0.3067,-0.1618,0.843030
0.6800,0.3067,-0.0541,0.739332
0.6800,0.3067,0.0541,0.674278
0.6800,0.3067,0.1618,0.808317
0.6800,0.3067,0.2675,0.818920
0.6800,0.3067,0.3701,0.806449
0.6800,0.3067,0.4684,0.782572
0.6800,0.3067,0.5612,0.756858
0.6800,0.3067,0.6474,0.729382
0.6800,0.3067,0.7260,0.703335
0.6800,0.3067,0.7961,0.678197
0.6800,0.3067,0.8569,0.655911
0.6800,0.3067,0.9076,0.633619
0.6800,0.3067,0.9477,0.614769
0.6800,0.3067,0.9766,0.597722
0.6800,0.3067,0.9941,0.582644
0.6800,0.3067,1.0000,0.568921
0.6800,0.3600,-1.0000,0.563427
0.6800,0.3600,-0.9941,0.575036
0.6800,0.3600,-0.9766,0.591769
0.6800,0.3600,-0.9477,0.608826
0.6800,0.3600,-0.9076,0.629176
0.6800,0.3600,-0.8569,0.649474
0.6800,0.3600,-0.7961,0.675180
0.6800,0.3600,-0.7260,0.698757
0.6800,0.3600,-0.6474,0.723764
0.6800,0.3600,-0.5612,0.750083
0.6800,0.3600,-0.4684,0.779576
0.6800,0.3600,-0.3701,0.804938
0.6800,0.3600,-0.2675,0.820650
0.6800,0.3600,-0.1618,0.812483
0.6800,0.3600,-0.0541,0.687015
0.6800,0.3600,0.0541,0.627222
0.6800,0.3600,0.1618,0.777764
0.6800,0.3600,0.2675,0.797591
0.6800,0.3600,0.3701,0.788643
0.6800,0.3600,0.4684,0.767727
0.6800,0.3600,0.5612,0.743377
0.6800,0.3600,0.6474,0.717599
0.6800,0.3600,0.7260,0.693715
0.6800,0.3600,0.7961,0.670394
0.6800,0.3600,0.8569,0.648647
0.6800,0.3600,0.9076,0.625722
0.6800,0.3600,0.9477,0.608695
0.6800,0.3600,0.9766,0.591443
0.6800,0.3600,0.9941,0.576219
0.6800,0.3600,1.0000,0.562220
0.6800,0.4133,-1.0000,0.550538
0.6800,0.4133,-0.9941,0.564173
0.6800,0.4133,-0.9766,0.578310
0.6800,0.4133,-0.9477,0.597548
0.6800,0.4133,-0.9076,0.615166
0.6800,0.4133,-0.8569,0.635945
0.6800,0.4133,-0.7961,0.660121
0.6800,0.4133,-0.7260,0.680915
0.6800,0.4133,-0.6474,0.703980
0.6800,0.4133,-0.5612,0.731437
0.6800,0.4133,-0.4684,0.756796
0.6800,0.4133,-0.3701,0.775735
0.6800,0.4133,-0.2675,0.783847
0.6800,0.4133,-0.1618,0.763792
0.6800,0.4133,-0.0541,0.609958
0.6800,0.4133,0.0541,0.558865
0.6800,0.4133,0.1618,0.730990
0.6800,0.4133,0.2675,0.764658
0.6800,0.4133,0.3701,0.760462
0.6800,0.4133,0.4684,0.743928
0.6800,0.4133,0.5612,0.723725
0.6800,0.4133,0.6474,0.699842
0.6800,0.4133,0.7260,0.678504
0.6800,0.4133,0.7961,0.655831
0.6800,0.4133,0.8569,0.633655
0.6800,0.4133,0.9076,0.615281
0.6800,0.4133,0.9477,0.595712
0.6800,0.4133,0.9766,0.579561
0.6800,0.4133,0.9941,0.565102
0.6800,0.4133,1.0000,0.549271
0.6800,0.4667,-1.0000,0.528422
0.6800,0.4667,-0.9941,0.541515
0.6800,0.4667,-0.9766,0.554971
0.6800,0.4667,-0.9477,0.569504
0.6800,0.4667,-0.9076,0.586818
0.6800,0.4667,-0.8569,0.605805
0.6800,0.4667,-0.7961,0.625509
0.6800,0.4667,-0.7260,0.647384
0.6800,0.4667,-0.6474,0.665968
0.6800,0.4667,-0.5612,0.688905
0.6800,0.4667,-0.4684,0.708770
0.6800,0.4667,-0.3701,0.718014
0.6800,0.4667,-0.2675,0.715320
0.6800,0.4667,-0.1618,0.673314
0.6800,0.4667,-0.0541,0.485225
0.6800,0.4667,0.0541,0.447971
0.6800,0.4667,0.1618,0.640048
0.6800,0.4667,0.2675,0.688442
0.6800,0.4667,0.3701,0.695112
0.6800,0.4667,0.4684,0.688077
0.6800,0.4667,0.5612,0.671658
0.6800,0.4667,0.6474,0.651793
0.6800,0.4667,0.7260,0.632902
0.6800,0.4667,0.7961,0.612436
0.6800,0.4667,0.8569,0.587515
0.6800,0.4667,0.9076,0.567112
0.6800,0.4667,0.9477,0.548248
0.6800,0.4667,0.9766,0.532377
0.6800,0.4667,0.9941,0.511015
0.6800,0.4667,1.0000,0.496819
0.6800,0.5200,-1.0000,0.434045
0.6800,0.5200,-0.9941,0.476324
0.6800,0.5200,-0.9766,0.541048
0.6800,0.5200,-0.9477,0.593499
0.6800,0.5200,-0.9076,0.657430
0.6800,0.5200,-0.8569,0.701078
0.6800,0.5200,-0.7961,0.747518
0.6800,0.5200,-0.7260,0.769819
0.6800,0.5200,-0.6474,0.773197
0.6800,0.5200,-0.5612,0.782211
0.6800,0.5200,-0.4684,0.764201
0.6800,0.5200,-0.3701,0.747563
0.6800,0.5200,-0.2675,0.706569
0.6800,0.5200,-0.1618,0.628063
0.6800,0.5200,-0.0541,0.466582
0.6800,0.5200,0.0541,0.290823
0.6800,0.5200,0.1618,0.298067
0.6800,0.5200,0.2675,0.293420
0.6800,0.5200,0.3701,0.288252
0.6800,0.5200,0.4684,0.288825
0.6800,0.5200,0.5612,0.282190
0.6800,0.5200,0.6474,0.281721
0.6800,0.5200,0.7260,0.278372
0.6800,0.5200,0.7961,0.276141
0.6800,0.5200,0.8569,0.274001
0.6800,0.5200,0.9076,0.275152
0.6800,0.5200,0.9477,0.274225
0.6800,0.5200,0.9766,0.271833
0.6800,0.5200,0.9941,0.273035
0.6800,0.5200,1.0000,0.271594
0.6800,0.5733,-1.0000,0.900588
0.6800,0.5733,-0.9941,0.895581
0.6800,0.5733,-0.9766,0.892756
0.6800,0.5733,-0.9477,0.888479
0.6800,0.5733,-0.9076,0.883418
0.6800,0.5733,-0.8569,0.874495
0.6800,0.5733,-0.7961,0.865960
0.6800,0.5733,-0.7260,0.853798
0.6800,0.5733,-0.6474,0.838416
0.6800,0.5733,-0.5612,0.819567
0.6800,0.5733,-0.4684,0.793176
0.6800,0.5733,-0.3701,0.757393
0.6800,0.5733,-0.2675,0.705041
0.6800,0.5733,-0.1618,0.619804
0.6800,0.5733,-0.0541,0.453377
0.6800,0.5733,0.0541,0.266031
0.6800,0.5733,0.1618,0.263087
0.6800,0.5733,0.2675,0.263503
0.6800,0.5733,0.3701,0.260077
0.6800,0.5733,0.4684,0.258870
0.6800,0.5733,0.5612,0.257936
0.6800,0.5733,0.6474,0.257001
0.6800,0.5733,0.7260,0.254225
0.6800,0.5733,0.7961,0.252541
0.6800,0.5733,0.8569,0.250488
0.6800,0.5733,0.9076,0.248907
0.6800,0.5733,0.9477,0.248682
0.6800,0.5733,0.9766,0.247113
0.6800,0.5733,0.9941,0.247220
0.6800,0.5733,1.0000,0.244109
0.6800,0.6267,-1.0000,0.841176
0.6800,0.6267,-0.9941,0.839584
0.6800,0.6267,-0.9766,0.837005
0.6800,0.6267,-0.9477,0.831069
0.6800,0.6267,-0.9076,0.824848
0.6800,0.6267,-0.8569,0.816973
0.6800,0.6267,-0.7961,0.804542
0.6800,0.6267,-0.7260,0.789840
0.6800,0.6267,-0.6474,0.770726
0.6800,0.6267,-0.5612,0.747460
0.6800,0.6267,-0.4684,0.715311
0.6800,0.6267,-0.3701,0.673682
0.6800,0.6267,-0.2675,0.611868
0.6800,0.6267,-0.1618,0.518767
0.6800,0.6267,-0.0541,0.347080
0.6800,0.6267,0.0541,0.180809
0.6800,0.6267,0.1618,0.180074
0.6800,0.6267,0.2675,0.176638
0.6800,0.6267,0.3701,0.173688
0.6800,0.6267,0.4684,0.172074
0.6800,0.6267,0.5612,0.167332
0.6800,0.6267,0.6474,0.166374
0.6800,0.6267,0.7260,0.162125
0.6800,0.6267,0.7961,0.157973
0.6800,0.6267,0.8569,0.156508
0.6800,0.6267,0.9076,0.152183
0.6800,0.6267,0.9477,0.147214
0.6800,0.6267,0.9766,0.144079
0.6800,0.6267,0.9941,0.138372
0.6800,0.6267,1.0000,0.133717
0.6800,0.6800,-1.0000,0.948849
0.6800,0.6800,-0.9941,0.946632
0.6800,0.6800,-0.9766,0.944427
0.6800,0.6800,-0.9477,0.943162
0.6800,0.6800,-0.9076,0.940924
0.6800,0.6800,-0.8569,0.940265
0.6800,0.6800,-0.7961,0.939343
0.6800,0.6800,-0.7260,0.939576
0.6800,0.6800,-0.6474,0.939394
0.6800,0.6800,-0.5612,0.939301
0.6800,0.6800,-0.4684,0.939568
0.6800,0.6800,-0.3701,0.939930
0.6800,0.6800,-0.2675,0.940720
0.6800,0.6800,-0.1618,0.941722
0.6800,0.6800,-0.0541,0.942996
0.6800,0.6800,0.0541,0.944172
0.6800,0.6800,0.1618,0.945235
0.6800,0.6800,0.2675,0.946727
0.6800,0.6800,0.3701,0.947957
0.6800,0.6800,0.4684,0.949910
0.6800,0.6800,0.5612,0.951438
0.6800,0.6800,0.6474,0.953336
0.6800,0.6800,0.7260,0.955039
0.6800,0.6800,0.7961,0.956608
0.6800,0.6800,0.8569,0.958864
0.6800,0.6800,0.9076,0.960767
0.6800,0.6800,0.9477,0.963318
0.6800,0.6800,0.9766,0.965544
0.6800,0.6800,0.9941,0.967888
0.6800,0.6800,1.0000,0.970496
0.7333,0.2000,-1.0000,0.577722
0.7333,0.2000,-0.9941,0.591816
0.7333,0.2000,-0.9766,0.608986
0.7333,0.2000,-0.9477,0.626770
0.7333,0.2000,-0.9076,0.646804
0.7333,0.2000,-0.8569,0.669601
0.7333,0.2000,-0.7961,0.693364
0.7333,0.2000,-0.7260,0.723147
0.7333,0.2000,-0.6474,0.752453
0.7333,0.2000,-0.5612,0.781390
0.7333,0.2000,-0.4684,0.815038
0.7333,0.2000,-0.3701,0.844677
0.7333,0.2000,-0.2675,0.872220
0.7333,0.2000,-0.1618,0.887278
0.7333,0.2000,-0.0541,0.827267
0.7333,0.2000,0.0541,0.760044
0.7333,0.2000,0.1618,0.856215
0.7333,0.2000,0.2675,0.852906
0.7333,0.2000,0.3701,0.830858
0.7333,0.2000,0.4684,0.803009
0.7333,0.2000,0.5612,0.774260
0.7333,0.2000,0.6474,0.744838
0.7333,0.2000,0.7260,0.716980
0.7333,0.2000,0.7961,0.691981
0.7333,0.2000,0.8569,0.666678
0.7333,0.2000,0.9076,0.646373
0.7333,0.2000,0.9477,0.626510
0.7333,0.2000,0.9766,0.607565
0.7333,0.2000,0.9941,0.592503
0.7333,0.2000,1.0000,0.577005
0.7333,0.2533,-1.0000,0.574625
0.7333,0.2533,-0.9941,0.588522
0.7333,0.2533,-0.9766,0.605860
0.7333,0.2533,-0.9477,0.624218
0.7333,0.2533,-0.9076,0.646276
0.7333,0.2533,-0.8569,0.667696
0.7333,0.2533,-0.7961,0.692261
0.7333,0.2533,-0.7260,0.718438
0.7333,0.2533,-0.6474,0.746944
0.7333,0.2533,-0.5612,0.777336
0.7333,0.2533,-0.4684,0.807682
0.7333,0.2533,-0.3701,0.838472
0.7333,0.2533,-0.2675,0.865518
0.7333,0.2533,-0.1618,0.876321
0.7333,0.2533,-0.0541,0.803078
0.7333,0.2533,0.0541,0.738010
0.7333,0.2533,0.1618,0.845353
0.7333,0.2533,0.2675,0.844666
0.7333,0.2533,0.3701,0.826211
0.7333,0.2533,0.4684,0.797565
0.7333,0.2533,0.5612,0.768399
0.7333,0.2533,0.6474,0.740149
0.7333,0.2533,0.7260,0.714123
0.7333,0.2533,0.7961,0.690651
0.7333,0.2533,0.8569,0.665157
0.7333,0.2533,0.9076,0.642182
0.7333,0.2533,0.9477,0.622214
0.7333,0.2533,0.9766,0.606322
0.7333,0.2533,0.9941,0.588755
0.7333,0.2533,1.0000,0.572722
0.7333,0.3067,-1.0000,0.572057
0.7333,0.3067,-0.9941,0.585649
0.7333,0.3067,-0.9766,0.602630
0.7333,0.3067,-0.9477,0.621545
0.7333,0.3067,-0.9076,0.640654
0.7333,0.3067,-0.8569,0.661798
0.7333,0.3067,-0.7961,0.687715
0.7333,0.3067,-0.7260,0.715561
0.7333,0.3067,-0.6474,0.742397
0.7333,0.3067,-0.5612,0.771528
0.7333,0.3067,-0.4684,0.801300
0.7333,0.3067,-0.3701,0.831853
0.7333,0.3067,-0.2675,0.854592
0.7333,0.3067,-0.1618,0.860214
0.7333,0.3067,-0.0541,0.774070
0.7333,0.3067,0.0541,0.709101
0.7333,0.3067,0.1618,0.829767
0.7333,0.3067,0.2675,0.834009
0.7333,0.3067,0.3701,0.817219
0.7333,0.3067,0.4684,0.791779
0.7333,0.3067,0.5612,0.764714
0.7333,0.3067,0.6474,0.737059
0.7333,0.3067,0.7260,0.709994
0.7333,0.3067,0.7961,0.683687
0.7333,0.3067,0.8569,0.660855
0.7333,0.3067,0.9076,0.639687
0.7333,0.3067,0.9477,0.620081
0.7333,0.3067,0.9766,0.601431
0.7333,0.3067,0.9941,0.586504
0.7333,0.3067,1.0000,0.572029
0.7333,0.3600,-1.0000,0.565574
0.7333,0.3600,-0.9941,0.580537
0.7333,0.3600,-0.9766,0.598126
0.7333,0.3600,-0.9477,0.616774
0.7333,0.3600,-0.9076,0.634648
0.7333,0.3600,-0.8569,0.658358
0.7333,0.3600,-0.7961,0.680633
0.7333,0.3600,-0.7260,0.708122
0.7333,0.3600,-0.6474,0.732476
0.7333,0.3600,-0.5612,0.762992
0.7333,0.3600,-0.4684,0.793765
0.7333,0.3600,-0.3701,0.819772
0.7333,0.3600,-0.2675,0.839104
0.7333,0.3600,-0.1618,0.839683
0.7333,0.3600,-0.0541,0.733722
0.7333,0.3600,0.0541,0.674160
0.7333,0.3600,0.1618,0.808180
0.7333,0.3600,0.2675,0.818723
0.7333,0.3600,0.3701,0.804606
0.7333,0.3600,0.4684,0.782500
0.7333,0.3600,0.5612,0.756050
0.7333,0.3600,0.6474,0.728230
0.7333,0.3600,0.7260,0.704160
0.7333,0.3600,0.7961,0.678489
0.7333,0.3600,0.8569,0.655131
0.7333,0.3600,0.9076,0.635440
0.7333,0.3600,0.9477,0.613009
0.7333,0.3600,0.9766,0.597610
0.7333,0.3600,0.9941,0.582226
0.7333,0.3600,1.0000,0.567579
0.7333,0.4133,-1.0000,0.559929
0.7333,0.4133,-0.9941,0.576680
0.7333,0.4133,-0.9766,0.591048
0.7333,0.4133,-0.9477,0.607607
0.7333,0.4133,-0.9076,0.628570
0.7333,0.4133,-0.8569,0.649503
0.7333,0.4133,-0.7961,0.671074
0.7333,0.4133,-0.7260,0.696892
0.7333,0.4133,-0.6474,0.721604
0.7333,0.4133,-0.5612,0.749197
0.7333,0.4133,-0.4684,0.778115
0.7333,0.4133,-0.3701,0.801847
0.7333,0.4133,-0.2675,0.816819
0.7333,0.4133,-0.1618,0.805605
0.7333,0.4133,-0.0541,0.676895
0.7333,0.4133,0.0541,0.623122
0.7333,0.4133,0.1618,0.776022
0.7333,0.4133,0.2675,0.796147
0.7333,0.4133,0.3701,0.787006
0.7333,0.4133,0.4684,0.767323
0.7333,0.4133,0.5612,0.742893
0.7333,0.4133,0.6474,0.715399
0.7333,0.4133,0.7260,0.692612
0.7333,0.4133,0.7961,0.668879
0.7333,0.4133,0.8569,0.648336
0.7333,0.4133,0.9076,0.626014
0.7333,0.4133,0.9477,0.607708
0.7333,0.4133,0.9766,0.591752
0.7333,0.4133,0.9941,0.575403
0.7333,0.4133,1.0000,0.561200
0.7333,0.4667,-1.0000,0.547044
0.7333,0.4667,-0.9941,0.561544
0.7333,0.4667,-0.9766,0.577014
0.7333,0.4667,-0.9477,0.595234
0.7333,0.4667,-0.9076,0.612374
0.7333,0.4667,-0.8569,0.632228
0.7333,0.4667,-0.7961,0.655488
0.7333,0.4667,-0.7260,0.677668
0.7333,0.4667,-0.6474,0.700766
0.7333,0.4667,-0.5612,0.727072
0.7333,0.4667,-0.4684,0.751001
0.7333,0.4667,-0.3701,0.767390
0.7333,0.4667,-0.2675,0.776215
0.7333,0.4667,-0.1618,0.752491
0.7333,0.4667,-0.0541,0.593972
0.7333,0.4667,0.0541,0.549158
0.7333,0.4667,0.1618,0.723539
0.7333,0.4667,0.2675,0.757771
0.7333,0.4667,0.3701,0.756156
0.7333,0.4667,0.4684,0.738562
0.7333,0.4667,0.5612,0.720545
0.7333,0.4667,0.6474,0.696562
0.7333,0.4667,0.7260,0.673438
0.7333,0.4667,0.7961,0.650569
0.7333,0.4667,0.8569,0.631017
0.7333,0.4667,0.9076,0.610220
0.7333,0.4667,0.9477,0.590577
0.7333,0.4667,0.9766,0.577000
0.7333,0.4667,0.9941,0.560852
0.7333,0.4667,1.0000,0.547975
0.7333,0.5200,-1.0000,0.523213
0.7333,0.5200,-0.9941,0.535026
0.7333,0.5200,-0.9766,0.548697
0.7333,0.5200,-0.9477,0.564809
0.7333,0.5200,-0.9076,0.579613
0.7333,0.5200,-0.8569,0.598234
0.7333,0.5200,-0.7961,0.616489
0.7333,0.5200,-0.7260,0.634911
0.7333,0.5200,-0.6474,0.651970
0.7333,0.5200,-0.5612,0.673583
0.7333,0.5200,-0.4684,0.688855
0.7333,0.5200,-0.3701,0.695526
0.7333,0.5200,-0.2675,0.683355
0.7333,0.5200,-0.1618,0.633828
0.7333,0.5200,-0.0541,0.445028
0.7333,0.5200,0.0541,0.395353
0.7333,0.5200,0.1618,0.570300
0.7333,0.5200,0.2675,0.615668
0.7333,0.5200,0.3701,0.613863
0.7333,0.5200,0.4684,0.604656
0.7333,0.5200,0.5612,0.564612
0.7333,0.5200,0.6474,0.544621
0.7333,0.5200,0.7260,0.506242
0.7333,0.5200,0.7961,0.486910
0.7333,0.5200,0.8569,0.452517
0.7333,0.5200,0.9076,0.433315
0.7333,0.5200,0.9477,0.403031
0.7333,0.5200,0.9766,0.384105
0.7333,0.5200,0.9941,0.374570
0.7333,0.5200,1.0000,0.360013
0.7333,0.5733,-1.0000,0.754355
0.7333,0.5733,-0.9941,0.780725
0.7333,0.5733,-0.9766,0.799056
0.7333,0.5733,-0.9477,0.819431
0.7333,0.5733,-0.9076,0.839600
0.7333,0.5733,-0.8569,0.851556
0.7333,0.5733,-0.7961,0.852069
0.7333,0.5733,-0.7260,0.846086
0.7333,0.5733,-0.6474,0.838512
0.7333,0.5733,-0.5612,0.823456
0.7333,0.5733,-0.4684,0.800563
0.7333,0.5733,-0.3701,0.766348
0.7333,0.5733,-0.2675,0.716543
0.7333,0.5733,-0.1618,0.634644
0.7333,0.5733,-0.0541,0.470110
0.7333,0.5733,0.0541,0.285944
0.7333,0.5733,0.1618,0.286351
0.7333,0.5733,0.2675,0.282101
0.7333,0.5733,0.3701,0.283280
0.7333,0.5733,0.4684,0.278648
0.7333,0.5733,0.5612,0.278731
0.7333,0.5733,0.6474,0.278637
0.7333,0.5733,0.7260,0.277162
0.7333,0.5733,0.7961,0.276319
0.7333,0.5733,0.8569,0.273614
0.7333,0.5733,0.9076,0.273043
0.7333,0.5733,0.9477,0.273110
0.7333,0.5733,0.9766,0.271379
0.7333,0.5733,0.9941,0.269139
0.7333,0.5733,1.0000,0.270095
0.7333,0.6267,-1.0000,0.899813
0.7333,0.6267,-0.9941,0.899121
0.7333,0.6267,-0.9766,0.894508
0.7333,0.6267,-0.9477,0.888317
0.7333,0.6267,-0.9076,0.881931
0.7333,0.6267,-0.8569,0.874573
0.7333,0.6267,-0.7961,0.864343
0.7333,0.6267,-0.7260,0.851625
0.7333,0.6267,-0.6474,0.835832
0.7333,0.6267,-0.5612,0.817010
0.7333,0.6267,-0.4684,0.790686
0.7333,0.6267,-0.3701,0.754254
0.7333,0.6267,-0.2675,0.701412
0.7333,0.6267,-0.1618,0.616217
0.7333,0.6267,-0.0541,0.449326
0.7333,0.6267,0.0541,0.263116
0.7333,0.6267,0.1618,0.261253
0.7333,0.6267,0.2675,0.258452
0.7333,0.6267,0.3701,0.256526
0.7333,0.6267,0.4684,0.256346
0.7333,0.6267,0.5612,0.252559
0.7333,0.6267,0.6474,0.251171
0.7333,0.6267,0.7260,0.251320
0.7333,0.6267,0.7961,0.248103
0.7333,0.6267,0.8569,0.246906
0.7333,0.6267,0.9076,0.246646
0.7333,0.6267,0.9477,0.243416
0.7333,0.6267,0.9766,0.243186
0.7333,0.6267,0.9941,0.240214
0.7333,0.6267,1.0000,0.239469
0.7333,0.6800,-1.0000,0.814837
0.7333,0.6800,-0.9941,0.814650
0.7333,0.6800,-0.9766,0.811605
0.7333,0.6800,-0.9477,0.806224
0.7333,0.6800,-0.9076,0.800224
0.7333,0.6800,-0.8569,0.791392
0.7333,0.6800,-0.7961,0.779421
0.7333,0.6800,-0.7260,0.764937
0.7333,0.6800,-0.6474,0.746489
0.7333,0.6800,-0.5612,0.721357
0.7333,0.6800,-0.4684,0.688429
0.7333,0.6800,-0.3701,0.642842
0.7333,0.6800,-0.2675,0.579507
0.7333,0.6800,-0.1618,0.485137
0.7333,0.6800,-0.0541,0.314898
0.7333,0.6800,0.0541,0.159568
0.7333,0.6800,0.1618,0.157938
0.7333,0.6800,0.2675,0.155579
0.7333,0.6800,0.3701,0.150992
0.7333,0.6800,0.4684,0.149042
0.7333,0.6800,0.5612,0.144841
0.7333,0.6800,0.6474,0.140603
0.7333,0.6800,0.7260,0.139469
0.7333,0.6800,0.7961,0.134011
0.7333,0.6800,0.8569,0.129442
0.7333,0.6800,0.9076,0.125033
0.7333,0.6800,0.9477,0.117754
0.7333,0.6800,0.9766,0.113230
0.7333,0.6800,0.9941,0.101529
0.7333,0.6800,1.0000,0.091891
0.7333,0.7333,-1.0000,0.949468
0.7333,0.7333,-0.9941,0.947010
0.7333,0.7333,-0.9766,0.944861
0.7333,0.7333,-0.9477,0.943332
0.7333,0.7333,-0.9076,0.941995
0.7333,0.7333,-0.8569,0.940944
0.7333,0.7333,-0.7961,0.940379
0.7333,0.7333,-0.7260,0.939542
0.7333,0.7333,-0.6474,0.939818
0.7333,0.7333,-0.5612,0.939594
0.7333,0.7333,-0.4684,0.940366
0.7333,0.7333,-0.3701,0.940735
0.7333,0.7333,-0.2675,0.941582
0.7333,0.7333,-0.1618,0.942256
0.7333,0.7333,-0.0541,0.943309
0.7333,0.7333,0.0541,0.944430
0.7333,0.7333,0.1618,0.945702
0.7333,0.7333,0.2675,0.946827
0.7333,0.7333,0.3701,0.948646
0.7333,0.7333,0.4684,0.950222
0.7333,0.7333,0.5612,0.951889
0.7333,0.7333,0.6474,0.953487
0.7333,0.7333,0.7260,0.955770
0.7333,0.7333,0.7961,0.958091
0.7333,0.7333,0.8569,0.959862
0.7333,0.7333,0.9076,0.961526
0.7333,0.7333,0.9477,0.964098
0.7333,0.7333,0.9766,0.966683
0.7333,0.7333,0.9941,0.968954
0.7333,0.7333,1.0000,0.971912
0.7867,0.2000,-1.0000,0.578023
0.7867,0.2000,-0.9941,0.593980
0.7867,0.2000,-0.9766,0.610007
0.7867,0.2000,-0.9477,0.628437
0.7867,0.2000,-0.9076,0.649757
0.7867,0.2000,-0.8569,0.671335
0.7867,0.2000,-0.7961,0.697550
0.7867,0.2000,-0.7260,0.724483
0.7867,0.2000,-0.6474,0.752201
0.7867,0.2000,-0.5612,0.784252
0.7867,0.2000,-0.4684,0.816499
0.7867,0.2000,-0.3701,0.847005
0.7867,0.2000,-0.2675,0.876685
0.7867,0.2000,-0.1618,0.893486
0.7867,0.2000,-0.0541,0.841800
0.7867,0.2000,0.0541,0.777839
0.7867,0.2000,0.1618,0.864361
0.7867,0.2000,0.2675,0.859828
0.7867,0.2000,0.3701,0.835318
0.7867,0.2000,0.4684,0.807045
0.7867,0.2000,0.5612,0.775850
0.7867,0.2000,0.6474,0.745978
0.7867,0.2000,0.7260,0.720450
0.7867,0.2000,0.7961,0.693369
0.7867,0.2000,0.8569,0.670216
0.7867,0.2000,0.9076,0.648308
0.7867,0.2000,0.9477,0.627271
0.7867,0.2000,0.9766,0.609368
0.7867,0.2000,0.9941,0.590652
0.7867,0.2000,1.0000,0.576523
0.7867,0.2533,-1.0000,0.576575
0.7867,0.2533,-0.9941,0.590342
0.7867,0.2533,-0.9766,0.608382
0.7867,0.2533,-0.9477,0.625709
0.7867,0.2533,-0.9076,0.645599
0.7867,0.2533,-0.8569,0.668261
0.7867,0.2533,-0.7961,0.695976
0.7867,0.2533,-0.7260,0.721418
0.7867,0.2533,-0.6474,0.748996
0.7867,0.2533,-0.5612,0.781062
0.7867,0.2533,-0.4684,0.812092
0.7867,0.2533,-0.3701,0.843246
0.7867,0.2533,-0.2675,0.872221
0.7867,0.2533,-0.1618,0.885366
0.7867,0.2533,-0.0541,0.822354
0.7867,0.2533,0.0541,0.759977
0.7867,0.2533,0.1618,0.857085
0.7867,0.2533,0.2675,0.853101
0.7867,0.2533,0.3701,0.831188
0.7867,0.2533,0.4684,0.803286
0.7867,0.2533,0.5612,0.772247
0.7867,0.2533,0.6474,0.743764
0.7867,0.2533,0.7260,0.716795
0.7867,0.2533,0.7961,0.692025
0.7867,0.2533,0.8569,0.666782
0.7867,0.2533,0.9076,0.642745
0.7867,0.2533,0.9477,0.624930
0.7867,0.2533,0.9766,0.607077
0.7867,0.2533,0.9941,0.589736
0.7867,0.2533,1.0000,0.575609
0.7867,0.3067,-1.0000,0.572773
0.7867,0.3067,-0.9941,0.589221
0.7867,0.3067,-0.9766,0.604480
0.7867,0.3067,-0.9477,0.623211
0.7867,0.3067,-0.9076,0.644473
0.7867,0.3067,-0.8569,0.667789
0.7867,0.3067,-0.7961,0.690808
0.7867,0.3067,-0.7260,0.720072
0.7867,0.3067,-0.6474,0.745759
0.7867,0.3067,-0.5612,0.775851
0.7867,0.3067,-0.4684,0.806713
0.7867,0.3067,-0.3701,0.837347
0.7867,0.3067,-0.2675,0.862964
0.7867,0.3067,-0.1618,0.873110
0.7867,0.3067,-0.0541,0.798584
0.7867,0.3067,0.0541,0.737628
0.7867,0.3067,0.1618,0.843956
0.7867,0.3067,0.2675,0.844807
0.7867,0.3067,0.3701,0.824362
0.7867,0.3067,0.4684,0.798163
0.7867,0.3067,0.5612,0.768253
0.7867,0.3067,0.6474,0.739616
0.7867,0.3067,0.7260,0.715137
0.7867,0.3067,0.7961,0.688694
0.7867,0.3067,0.8569,0.663911
0.7867,0.3067,0.9076,0.643540
0.7867,0.3067,0.9477,0.620935
0.7867,0.3067,0.9766,0.605111
0.7867,0.3067,0.9941,0.588423
0.7867,0.3067,1.0000,0.572568
0.7867,0.3600,-1.0000,0.572674
0.7867,0.3600,-0.9941,0.586169
0.7867,0.3600,-0.9766,0.601995
0.7867,0.3600,-0.9477,0.620921
0.7867,0.3600,-0.9076,0.639220
0.7867,0.3600,-0.8569,0.662877
0.7867,0.3600,-0.7961,0.687589
0.7867,0.3600,-0.7260,0.713139
0.7867,0.3600,-0.6474,0.740563
0.7867,0.3600,-0.5612,0.770271
0.7867,0.3600,-0.4684,0.800572
0.7867,0.3600,-0.3701,0.828517
0.7867,0.3600,-0.2675,0.850903
0.7867,0.3600,-0.1618,0.858110
0.7867,0.3600,-0.0541,0.767516
0.7867,0.3600,0.0541,0.707728
0.7867,0.3600,0.1618,0.827577
0.7867,0.3600,0.2675,0.832943
0.7867,0.3600,0.3701,0.816466
0.7867,0.3600,0.4684,0.792175
0.7867,0.3600,0.5612,0.762683
0.7867,0.3600,0.6474,0.734864
0.7867,0.3600,0.7260,0.709971
0.7867,0.3600,0.7961,0.684310
0.7867,0.3600,0.8569,0.660823
0.7867,0.3600,0.9076,0.639023
0.7867,0.3600,0.9477,0.618914
0.7867,0.3600,0.9766,0.601817
0.7867,0.3600,0.9941,0.586172
0.7867,0.3600,1.0000,0.570690
0.7867,0.4133,-1.0000,0.566639
0.7867,0.4133,-0.9941,0.581823
0.7867,0.4133,-0.9766,0.595573
0.7867,0.4133,-0.9477,0.615586
0.7867,0.4133,-0.9076,0.634684
0.7867,0.4133,-0.8569,0.656024
0.7867,0.4133,-0.7961,0.681877
0.7867,0.4133,-0.7260,0.708199
0.7867,0.4133,-0.6474,0.731546
0.7867,0.4133,-0.5612,0.760303
0.7867,0.4133,-0.4684,0.790078
0.7867,0.4133,-0.3701,0.816186
0.7867,0.4133,-0.2675,0.835365
0.7867,0.4133,-0.1618,0.835713
0.7867,0.4133,-0.0541,0.723771
0.7867,0.4133,0.0541,0.669008
0.7867,0.4133,0.1618,0.803377
0.7867,0.4133,0.2675,0.816278
0.7867,0.4133,0.3701,0.803152
0.7867,0.4133,0.4684,0.781487
0.7867,0.4133,0.5612,0.753957
0.7867,0.4133,0.6474,0.727278
0.7867,0.4133,0.7260,0.703221
0.7867,0.4133,0.7961,0.676247
0.7867,0.4133,0.8569,0.653654
0.7867,0.4133,0.9076,0.631308
0.7867,0.4133,0.9477,0.614095
0.7867,0.4133,0.9766,0.596793
0.7867,0.4133,0.9941,0.581246
0.7867,0.4133,1.0000,0.565772
0.7867,0.4667,-1.0000,0.558278
0.7867,0.4667,-0.9941,0.572320
0.7867,0.4667,-0.9766,0.589162
0.7867,0.4667,-0.9477,0.607174
0.7867,0.4667,-0.9076,0.624925
0.7867,0.4667,-0.8569,0.647318
0.7867,0.4667,-0.7961,0.668576
0.7867,0.4667,-0.7260,0.693052
0.7867,0.4667,-0.6474,0.718577
0.7867,0.4667,-0.5612,0.747546
0.7867,0.4667,-0.4684,0.773410
0.7867,0.4667,-0.3701,0.796318
0.7867,0.4667,-0.2675,0.809041
0.7867,0.4667,-0.1618,0.797754
0.7867,0.4667,-0.0541,0.663211
0.7867,0.4667,0.0541,0.614625
0.7867,0.4667,0.1618,0.769631
0.7867,0.4667,0.2675,0.792059
0.7867,0.4667,0.3701,0.784328
0.7867,0.4667,0.4684,0.763228
0.7867,0.4667,0.5612,0.738885
0.7867,0.4667,0.6474,0.714025
0.7867,0.4667,0.7260,0.690695
0.7867,0.4667,0.7961,0.666993
0.7867,0.4667,0.8569,0.645660
0.7867,0.4667,0.9076,0.625569
0.7867,0.4667,0.9477,0.603679
0.7867,0.4667,0.9766,0.587130
0.7867,0.4667,0.9941,0.573105
0.7867,0.4667,1.0000,0.559975
0.7867,0.5200,-1.0000,0.543917
0.7867,0.5200,-0.9941,0.558655
0.7867,0.5200,-0.9766,0.573411
0.7867,0.5200,-0.9477,0.591529
0.7867,0.5200,-0.9076,0.608108
0.7867,0.5200,-0.8569,0.628001
0.7867,0.5200,-0.7961,0.648087
0.7867,0.5200,-0.7260,0.672986
0.7867,0.5200,-0.6474,0.694935
0.7867,0.5200,-0.5612,0.720626
0.7867,0.5200,-0.4684,0.742351
0.7867,0.5200,-0.3701,0.759444
0.7867,0.5200,-0.2675,0.763371
0.7867,0.5200,-0.1618,0.735688
0.7867,0.5200,-0.0541,0.569897
0.7867,0.5200,0.0541,0.529509
0.7867,0.5200,0.1618,0.709168
0.7867,0.5200,0.2675,0.745122
0.7867,0.5200,0.3701,0.744410
0.7867,0.5200,0.4684,0.730321
0.7867,0.5200,0.5612,0.711403
0.7867,0.5200,0.6474,0.686778
0.7867,0.5200,0.7260,0.666826
0.7867,0.5200,0.7961,0.645128
0.7867,0.5200,0.8569,0.626645
0.7867,0.5200,0.9076,0.604694
0.7867,0.5200,0.9477,0.587435
0.7867,0.5200,0.9766,0.571649
0.7867,0.5200,0.9941,0.555928
0.7867,0.5200,1.0000,0.544067
0.7867,0.5733,-1.0000,0.506729
0.7867,0.5733,-0.9941,0.517784
0.7867,0.5733,-0.9766,0.534014
0.7867,0.5733,-0.9477,0.547851
0.7867,0.5733,-0.9076,0.584518
0.7867,0.5733,-0.8569,0.613764
0.7867,0.5733,-0.7961,0.637214
0.7867,0.5733,-0.7260,0.661888
0.7867,0.5733,-0.6474,0.680655
0.7867,0.5733,-0.5612,0.688492
0.7867,0.5733,-0.4684,0.724090
0.7867,0.5733,-0.3701,0.718581
0.7867,0.5733,-0.2675,0.697039
0.7867,0.5733,-0.1618,0.627523
0.7867,0.5733,-0.0541,0.459780
0.7867,0.5733,0.0541,0.322670
0.7867,0.5733,0.1618,0.384974
0.7867,0.5733,0.2675,0.396659
0.7867,0.5733,0.3701,0.395825
0.7867,0.5733,0.4684,0.385123
0.7867,0.5733,0.5612,0.376791
0.7867,0.5733,0.6474,0.354969
0.7867,0.5733,0.7260,0.356246
0.7867,0.5733,0.7961,0.345285
0.7867,0.5733,0.8569,0.326823
0.7867,0.5733,0.9076,0.325046
0.7867,0.5733,0.9477,0.302080
0.7867,0.5733,0.9766,0.304908
0.7867,0.5733,0.9941,0.291577
0.7867,0.5733,1.0000,0.291448
0.7867,0.6267,-1.0000,0.872625
0.7867,0.6267,-0.9941,0.881506
0.7867,0.6267,-0.9766,0.883454
0.7867,0.6267,-0.9477,0.884058
0.7867,0.6267,-0.9076,0.882340
0.7867,0.6267,-0.8569,0.876557
0.7867,0.6267,-0.7961,0.870719
0.7867,0.6267,-0.7260,0.860449
0.7867,0.6267,-0.6474,0.845661
0.7867,0.6267,-0.5612,0.827671
0.7867,0.6267,-0.4684,0.802655
0.7867,0.6267,-0.3701,0.767406
0.7867,0.6267,-0.2675,0.717250
0.7867,0.6267,-0.1618,0.633231
0.7867,0.6267,-0.0541,0.468854
0.7867,0.6267,0.0541,0.284742
0.7867,0.6267,0.1618,0.283081
0.7867,0.6267,0.2675,0.281470
0.7867,0.6267,0.3701,0.278844
0.7867,0.6267,0.4684,0.278623
0.7867,0.6267,0.5612,0.276129
0.7867,0.6267,0.6474,0.275640
0.7867,0.6267,0.7260,0.274669
0.7867,0.6267,0.7961,0.270975
0.7867,0.6267,0.8569,0.271287
0.7867,0.6267,0.9076,0.270107
0.7867,0.6267,0.9477,0.268771
0.7867,0.6267,0.9766,0.269380
0.7867,0.6267,0.9941,0.269126
0.7867,0.6267,1.0000,0.267120
0.7867,0.6800,-1.0000,0.899903
0.7867,0.6800,-0.9941,0.896276
0.7867,0.6800,-0.9766,0.891879
0.7867,0.6800,-0.9477,0.885921
0.7867,0.6800,-0.9076,0.879982
0.7867,0.6800,-0.8569,0.871786
0.7867,0.6800,-0.7961,0.861245
0.7867,0.6800,-0.7260,0.848524
0.7867,0.6800,-0.6474,0.833098
0.7867,0.6800,-0.5612,0.813354
0.7867,0.6800,-0.4684,0.785793
0.7867,0.6800,-0.3701,0.749848
0.7867,0.6800,-0.2675,0.696816
0.7867,0.6800,-0.1618,0.610445
0.7867,0.6800,-0.0541,0.442253
0.7867,0.6800,0.0541,0.257793
0.7867,0.6800,0.1618,0.256865
0.7867,0.6800,0.2675,0.254073
0.7867,0.6800,0.3701,0.252083
0.7867,0.6800,0.4684,0.248942
0.7867,0.6800,0.5612,0.247749
0.7867,0.6800,0.6474,0.246692
0.7867,0.6800,0.7260,0.244333
0.7867,0.6800,0.7961,0.242620
0.7867,0.6800,0.8569,0.241249
0.7867,0.6800,0.9076,0.239416
0.7867,0.6800,0.9477,0.237888
0.7867,0.6800,0.9766,0.235752
0.7867,0.6800,0.9941,0.232146
0.7867,0.6800,1.0000,0.230418
0.7867,0.7333,-1.0000,0.775115
0.7867,0.7333,-0.9941,0.776579
0.7867,0.7333,-0.9766,0.778097
0.7867,0.7333,-0.9477,0.772977
0.7867,0.7333,-0.9076,0.767178
0.7867,0.7333,-0.8569,0.760042
0.7867,0.7333,-0.7961,0.746380
0.7867,0.7333,-0.7260,0.731292
0.7867,0.7333,-0.6474,0.708578
0.7867,0.7333,-0.5612,0.684525
0.7867,0.7333,-0.4684,0.649602
0.7867,0.7333,-0.3701,0.605738
0.7867,0.7333,-0.2675,0.537859
0.7867,0.7333,-0.1618,0.441200
0.7867,0.7333,-0.0541,0.279273
0.7867,0.7333,0.0541,0.132908
0.7867,0.7333,0.1618,0.130232
0.7867,0.7333,0.2675,0.126551
0.7867,0.7333,0.3701,0.123074
0.7867,0.7333,0.4684,0.120283
0.7867,0.7333,0.5612,0.115682
0.7867,0.7333,0.6474,0.110578
0.7867,0.7333,0.7260,0.107016
0.7867,0.7333,0.7961,0.096464
0.7867,0.7333,0.8569,0.088495
0.7867,0.7333,0.9076,0.084780
0.7867,0.7333,0.9477,0.073280
0.7867,0.7333,0.9766,0.058393
0.7867,0.7333,0.9941,0.048651
0.7867,0.7333,1.0000,0.034757
0.7867,0.7867,-1.0000,0.950508
0.7867,0.7867,-0.9941,0.947466
0.7867,0.7867,-0.9766,0.945627
0.7867,0.7867,-0.9477,0.944011
0.7867,0.7867,-0.9076,0.942442
0.7867,0.7867,-0.8569,0.941460
0.7867,0.7867,-0.7961,0.940626
0.7867,0.7867,-0.7260,0.940487
0.7867,0.7867,-0.6474,0.940096
0.7867,0.7867,-0.5612,0.940046
0.7867,0.7867,-0.4684,0.940222
0.7867,0.7867,-0.3701,0.941406
0.7867,0.7867,-0.2675,0.942108
0.7867,0.7867,-0.1618,0.942941
0.7867,0.7867,-0.0541,0.943865
0.7867,0.7867,0.0541,0.944718
0.7867,0.7867,0.1618,0.946365
0.7867,0.7867,0.2675,0.947325
0.7867,0.7867,0.3701,0.949488
0.7867,0.7867,0.4684,0.951044
0.7867,0.7867,0.5612,0.952728
0.7867,0.7867,0.6474,0.954647
0.7867,0.7867,0.7260,0.956350
0.7867,0.7867,0.7961,0.958911
0.7867,0.7867,0.8569,0.960703
0.7867,0.7867,0.9076,0.963130
0.7867,0.7867,0.9477,0.965896
0.7867,0.7867,0.9766,0.968378
0.7867,0.7867,0.9941,0.970484
0.7867,0.7867,1.0000,0.973112
0.8400,0.2000,-1.0000,0.578963
0.8400,0.2000,-0.9941,0.594456
0.8400,0.2000,-0.9766,0.611310
0.8400,0.2000,-0.9477,0.628755
0.8400,0.2000,-0.9076,0.651815
0.8400,0.2000,-0.8569,0.674752
0.8400,0.2000,-0.7961,0.697770
0.8400,0.2000,-0.7260,0.726141
0.8400,0.2000,-0.6474,0.754722
0.8400,0.2000,-0.5612,0.783948
0.8400,0.2000,-0.4684,0.820364
0.8400,0.2000,-0.3701,0.850565
0.8400,0.2000,-0.2675,0.881002
0.8400,0.2000,-0.1618,0.900275
0.8400,0.2000,-0.0541,0.855330
0.8400,0.2000,0.0541,0.792136
0.8400,0.2000,0.1618,0.871781
0.8400,0.2000,0.2675,0.863704
0.8400,0.2000,0.3701,0.839971
0.8400,0.2000,0.4684,0.808068
0.8400,0.2000,0.5612,0.778883
0.8400,0.2000,0.6474,0.748501
0.8400,0.2000,0.7260,0.721423
0.8400,0.2000,0.7961,0.695153
0.8400,0.2000,0.8569,0.671209
0.8400,0.2000,0.9076,0.649417
0.8400,0.2000,0.9477,0.627228
0.8400,0.2000,0.9766,0.610143
0.8400,0.2000,0.9941,0.594893
0.8400,0.2000,1.0000,0.577438
0.8400,0.2533,-1.0000,0.577506
0.8400,0.2533,-0.9941,0.593612
0.8400,0.2533,-0.9766,0.610827
0.8400,0.2533,-0.9477,0.628320
0.8400,0.2533,-0.9076,0.648626
0.8400,0.2533,-0.8569,0.671183
0.8400,0.2533,-0.7961,0.695673
0.8400,0.2533,-0.7260,0.725493
0.8400,0.2533,-0.6474,0.752094
0.8400,0.2533,-0.5612,0.783418
0.8400,0.2533,-0.4684,0.815843
0.8400,0.2533,-0.3701,0.848557
0.8400,0.2533,-0.2675,0.875023
0.8400,0.2533,-0.1618,0.890542
0.8400,0.2533,-0.0541,0.836745
0.8400,0.2533,0.0541,0.776338
0.8400,0.2533,0.1618,0.862991
0.8400,0.2533,0.2675,0.857361
0.8400,0.2533,0.3701,0.834745
0.8400,0.2533,0.4684,0.807033
0.8400,0.2533,0.5612,0.776500
0.8400,0.2533,0.6474,0.744919
0.8400,0.2533,0.7260,0.720953
0.8400,0.2533,0.7961,0.692485
0.8400,0.2533,0.8569,0.670666
0.8400,0.2533,0.9076,0.646648
0.8400,0.2533,0.9477,0.624045
0.8400,0.2533,0.9766,0.607975
0.8400,0.2533,0.9941,0.593384
0.8400,0.2533,1.0000,0.578385
0.8400,0.3067,-1.0000,0.575567
0.8400,0.3067,-0.9941,0.591650
0.8400,0.3067,-0.9766,0.607280
0.8400,0.3067,-0.9477,0.625791
0.8400,0.3067,-0.9076,0.645877
0.8400,0.3067,-0.8569,0.668823
0.8400,0.3067,-0.7961,0.693430
0.8400,0.3067,-0.7260,0.721120
0.8400,0.3067,-0.6474,0.749200
0.8400,0.3067,-0.5612,0.779567
0.8400,0.3067,-0.4684,0.811730
0.8400,0.3067,-0.3701,0.842480
0.8400,0.3067,-0.2675,0.869501
0.8400,0.3067,-0.1618,0.882683
0.8400,0.3067,-0.0541,0.817233
0.8400,0.3067,0.0541,0.757895
0.8400,0.3067,0.1618,0.854867
0.8400,0.3067,0.2675,0.851910
0.8400,0.3067,0.3701,0.829947
0.8400,0.3067,0.4684,0.802245
0.8400,0.3067,0.5612,0.773706
0.8400,0.3067,0.6474,0.742282
0.8400,0.3067,0.7260,0.717703
0.8400,0.3067,0.7961,0.689894
0.8400,0.3067,0.8569,0.666654
0.8400,0.3067,0.9076,0.644395
0.8400,0.3067,0.9477,0.625265
0.8400,0.3067,0.9766,0.606879
0.8400,0.3067,0.9941,0.589212
0.8400,0.3067,1.0000,0.575084
0.8400,0.3600,-1.0000,0.573348
0.8400,0.3600,-0.9941,0.590231
0.8400,0.3600,-0.9766,0.604197
0.8400,0.3600,-0.9477,0.623543
0.8400,0.3600,-0.9076,0.645028
0.8400,0.3600,-0.8569,0.667155
0.8400,0.3600,-0.7961,0.690875
0.8400,0.3600,-0.7260,0.717574
0.8400,0.3600,-0.6474,0.743856
0.8400,0.3600,-0.5612,0.775640
0.8400,0.3600,-0.4684,0.806165
0.8400,0.3600,-0.3701,0.834807
0.8400,0.3600,-0.2675,0.861775
0.8400,0.3600,-0.1618,0.870265
0.8400,0.3600,-0.0541,0.792104
0.8400,0.3600,0.0541,0.733280
0.8400,0.3600,0.1618,0.840751
0.8400,0.3600,0.2675,0.844250
0.8400,0.3600,0.3701,0.824047
0.8400,0.3600,0.4684,0.797406
0.8400,0.3600,0.5612,0.768002
0.8400,0.3600,0.6474,0.740010
0.8400,0.3600,0.7260,0.712899
0.8400,0.3600,0.7961,0.689061
0.8400,0.3600,0.8569,0.664846
0.8400,0.3600,0.9076,0.640955
0.8400,0.3600,0.9477,0.622710
0.8400,0.3600,0.9766,0.604963
0.8400,0.3600,0.9941,0.589704
0.8400,0.3600,1.0000,0.573206
0.8400,0.4133,-1.0000,0.570828
0.8400,0.4133,-0.9941,0.585012
0.8400,0.4133,-0.9766,0.601862
0.8400,0.4133,-0.9477,0.618887
0.8400,0.4133,-0.9076,0.640784
0.8400,0.4133,-0.8569,0.660181
0.8400,0.4133,-0.7961,0.689351
0.8400,0.4133,-0.7260,0.711431
0.8400,0.4133,-0.6474,0.737560
0.8400,0.4133,-0.5612,0.767621
0.8400,0.4133,-0.4684,0.798573
0.8400,0.4133,-0.3701,0.825787
0.8400,0.4133,-0.2675,0.848736
0.8400,0.4133,-0.1618,0.851124
0.8400,0.4133,-0.0541,0.758367
0.8400,0.4133,0.0541,0.701877
0.8400,0.4133,0.1618,0.825169
0.8400,0.4133,0.2675,0.831693
0.8400,0.4133,0.3701,0.814351
0.8400,0.4133,0.4684,0.789383
0.8400,0.4133,0.5612,0.760914
0.8400,0.4133,0.6474,0.733931
0.8400,0.4133,0.7260,0.709799
0.8400,0.4133,0.7961,0.683940
0.8400,0.4133,0.8569,0.659046
0.8400,0.4133,0.9076,0.637165
0.8400,0.4133,0.9477,0.617612
0.8400,0.4133,0.9766,0.598897
0.8400,0.4133,0.9941,0.585994
0.8400,0.4133,1.0000,0.569863
0.8400,0.4667,-1.0000,0.565181
0.8400,0.4667,-0.9941,0.580135
0.8400,0.4667,-0.9766,0.595266
0.8400,0.4667,-0.9477,0.614477
0.8400,0.4667,-0.9076,0.633059
0.8400,0.4667,-0.8569,0.654004
0.8400,0.4667,-0.7961,0.677676
0.8400,0.4667,-0.7260,0.703392
0.8400,0.4667,-0.6474,0.729253
0.8400,0.4667,-0.5612,0.759579
0.8400,0.4667,-0.4684,0.787615
0.8400,0.4667,-0.3701,0.812690
0.8400,0.4667,-0.2675,0.831972
0.8400,0.4667,-0.1618,0.826678
0.8400,0.4667,-0.0541,0.711798
0.8400,0.4667,0.0541,0.660286
0.8400,0.4667,0.1618,0.799212
0.8400,0.4667,0.2675,0.812722
0.8400,0.4667,0.3701,0.800497
0.8400,0.4667,0.4684,0.777467
0.8400,0.4667,0.5612,0.751106
0.8400,0.4667,0.6474,0.726523
0.8400,0.4667,0.7260,0.700963
0.8400,0.4667,0.7961,0.677037
0.8400,0.4667,0.8569,0.652584
0.8400,0.4667,0.9076,0.632188
0.8400,0.4667,0.9477,0.612466
0.8400,0.4667,0.9766,0.596300
0.8400,0.4667,0.9941,0.581197
0.8400,0.4667,1.0000,0.565185
0.8400,0.5200,-1.0000,0.556043
0.8400,0.5200,-0.9941,0.570352
0.8400,0.5200,-0.9766,0.585529
0.8400,0.5200,-0.9477,0.602498
0.8400,0.5200,-0.9076,0.621232
0.8400,0.5200,-0.8569,0.641439
0.8400,0.5200,-0.7961,0.664833
0.8400,0.5200,-0.7260,0.689767
0.8400,0.5200,-0.6474,0.714776
0.8400,0.5200,-0.5612,0.742103
0.8400,0.5200,-0.4684,0.767266
0.8400,0.5200,-0.3701,0.789982
0.8400,0.5200,-0.2675,0.801178
0.8400,0.5200,-0.1618,0.787534
0.8400,0.5200,-0.0541,0.644016
0.8400,0.5200,0.0541,0.601134
0.8400,0.5200,0.1618,0.761634
0.8400,0.5200,0.2675,0.784380
0.8400,0.5200,0.3701,0.776939
0.8400,0.5200,0.4684,0.758858
0.8400,0.5200,0.5612,0.734450
0.8400,0.5200,0.6474,0.710286
0.8400,0.5200,0.7260,0.689059
0.8400,0.5200,0.7961,0.665190
0.8400,0.5200,0.8569,0.641826
0.8400,0.5200,0.9076,0.621715
0.8400,0.5200,0.9477,0.603046
0.8400,0.5200,0.9766,0.586641
0.8400,0.5200,0.9941,0.570896
0.8400,0.5200,1.0000,0.556549
0.8400,0.5733,-1.0000,0.540187
0.8400,0.5733,-0.9941,0.552346
0.8400,0.5733,-0.9766,0.566457
0.8400,0.5733,-0.9477,0.584740
0.8400,0.5733,-0.9076,0.599976
0.8400,0.5733,-0.8569,0.620621
0.8400,0.5733,-0.7961,0.641235
0.8400,0.5733,-0.7260,0.661898
0.8400,0.5733,-0.6474,0.683736
0.8400,0.5733,-0.5612,0.707797
0.8400,0.5733,-0.4684,0.728680
0.8400,0.5733,-0.3701,0.742429
0.8400,0.5733,-0.2675,0.740914
0.8400,0.5733,-0.1618,0.705741
0.8400,0.5733,-0.0541,0.528284
0.8400,0.5733,0.0541,0.489957
0.8400,0.5733,0.1618,0.675861
0.8400,0.5733,0.2675,0.712399
0.8400,0.5733,0.3701,0.719726
0.8400,0.5733,0.4684,0.705751
0.8400,0.5733,0.5612,0.686021
0.8400,0.5733,0.6474,0.647391
0.8400,0.5733,0.7260,0.628563
0.8400,0.5733,0.7961,0.605418
0.8400,0.5733,0.8569,0.583311
0.8400,0.5733,0.9076,0.570012
0.8400,0.5733,0.9477,0.552085
0.8400,0.5733,0.9766,0.522987
0.8400,0.5733,0.9941,0.513394
0.8400,0.5733,1.0000,0.496118
0.8400,0.6267,-1.0000,0.663193
0.8400,0.6267,-0.9941,0.655552
0.8400,0.6267,-0.9766,0.705226
0.8400,0.6267,-0.9477,0.741357
0.8400,0.6267,-0.9076,0.770237
0.8400,0.6267,-0.8569,0.785553
0.8400,0.6267,-0.7961,0.801324
0.8400,0.6267,-0.7260,0.809106
0.8400,0.6267,-0.6474,0.814160
0.8400,0.6267,-0.5612,0.807694
0.8400,0.6267,-0.4684,0.790442
0.8400,0.6267,-0.3701,0.760271
0.8400,0.6267,-0.2675,0.717015
0.8400,0.6267,-0.1618,0.637405
0.8400,0.6267,-0.0541,0.473240
0.8400,0.6267,0.0541,0.298728
0.8400,0.6267,0.1618,0.313588
0.8400,0.6267,0.2675,0.316026
0.8400,0.6267,0.3701,0.315863
0.8400,0.6267,0.4684,0.302034
0.8400,0.6267,0.5612,0.304760
0.8400,0.6267,0.6474,0.302339
0.8400,0.6267,0.7260,0.294970
0.8400,0.6267,0.7961,0.298039
0.8400,0.6267,0.8569,0.292531
0.8400,0.6267,0.9076,0.286394
0.8400,0.6267,0.9477,0.288312
0.8400,0.6267,0.9766,0.287305
0.8400,0.6267,0.9941,0.283460
0.8400,0.6267,1.0000,0.282219
0.8400,0.6800,-1.0000,0.903240
0.8400,0.6800,-0.9941,0.901656
0.8400,0.6800,-0.9766,0.899597
0.8400,0.6800,-0.9477,0.893049
0.8400,0.6800,-0.9076,0.888033
0.8400,0.6800,-0.8569,0.882332
0.8400,0.6800,-0.7961,0.872138
0.8400,0.6800,-0.7260,0.859850
0.8400,0.6800,-0.6474,0.843852
0.8400,0.6800,-0.5612,0.827133
0.8400,0.6800,-0.4684,0.802495
0.8400,0.6800,-0.3701,0.767516
0.8400,0.6800,-0.2675,0.715045
0.8400,0.6800,-0.1618,0.632519
0.8400,0.6800,-0.0541,0.467682
0.8400,0.6800,0.0541,0.283090
0.8400,0.6800,0.1618,0.281470
0.8400,0.6800,0.2675,0.280057
0.8400,0.6800,0.3701,0.277080
0.8400,0.6800,0.4684,0.275463
0.8400,0.6800,0.5612,0.274837
0.8400,0.6800,0.6474,0.271801
0.8400,0.6800,0.7260,0.271100
0.8400,0.6800,0.7961,0.271785
0.8400,0.6800,0.8569,0.269111
0.8400,0.6800,0.9076,0.265951
0.8400,0.6800,0.9477,0.265064
0.8400,0.6800,0.9766,0.264467
0.8400,0.6800,0.9941,0.263906
0.8400,0.6800,1.0000,0.262488
0.8400,0.7333,-1.0000,0.895759
0.8400,0.7333,-0.9941,0.891722
0.8400,0.7333,-0.9766,0.887858
0.8400,0.7333,-0.9477,0.881996
0.8400,0.7333,-0.9076,0.876007
0.8400,0.7333,-0.8569,0.866667
0.8400,0.7333,-0.7961,0.856079
0.8400,0.7333,-0.7260,0.843820
0.8400,0.7333,-0.6474,0.828273
0.8400,0.7333,-0.5612,0.807248
0.8400,0.7333,-0.4684,0.779714
0.8400,0.7333,-0.3701,0.742170
0.8400,0.7333,-0.2675,0.688719
0.8400,0.7333,-0.1618,0.600332
0.8400,0.7333,-0.0541,0.432976
0.8400,0.7333,0.0541,0.250967
0.8400,0.7333,0.1618,0.247986
0.8400,0.7333,0.2675,0.247243
0.8400,0.7333,0.3701,0.246075
0.8400,0.7333,0.4684,0.243511
0.8400,0.7333,0.5612,0.241583
0.8400,0.7333,0.6474,0.238477
0.8400,0.7333,0.7260,0.235359
0.8400,0.7333,0.7961,0.234051
0.8400,0.7333,0.8569,0.231335
0.8400,0.7333,0.9076,0.228865
0.8400,0.7333,0.9477,0.227720
0.8400,0.7333,0.9766,0.224616
0.8400,0.7333,0.9941,0.223235
0.8400,0.7333,1.0000,0.220571
0.8400,0.7867,-1.0000,0.731341
0.8400,0.7867,-0.9941,0.737033
0.8400,0.7867,-0.9766,0.738503
0.8400,0.7867,-0.9477,0.734002
0.8400,0.7867,-0.9076,0.730192
0.8400,0.7867,-0.8569,0.721294
0.8400,0.7867,-0.7961,0.709682
0.8400,0.7867,-0.7260,0.693428
0.8400,0.7867,-0.6474,0.668666
0.8400,0.7867,-0.5612,0.642923
0.8400,0.7867,-0.4684,0.610367
0.8400,0.7867,-0.3701,0.559908
0.8400,0.7867,-0.2675,0.491851
0.8400,0.7867,-0.1618,0.395523
0.8400,0.7867,-0.0541,0.237870
0.8400,0.7867,0.0541,0.104771
0.8400,0.7867,0.1618,0.103479
0.8400,0.7867,0.2675,0.098307
0.8400,0.7867,0.3701,0.093267
0.8400,0.7867,0.4684,0.087717
0.8400,0.7867,0.5612,0.081138
0.8400,0.7867,0.6474,0.073603
0.8400,0.7867,0.7260,0.065250
0.8400,0.7867,0.7961,0.055077
0.8400,0.7867,0.8569,0.046513
0.8400,0.7867,0.9076,0.037527
0.8400,0.7867,0.9477,0.025908
0.8400,0.7867,0.9766,0.019331
0.8400,0.7867,0.9941,0.010394
0.8400,0.7867,1.0000,0.005707
0.8400,0.8400,-1.0000,0.949503
0.8400,0.8400,-0.9941,0.946706
0.8400,0.8400,-0.9766,0.944939
0.8400,0.8400,-0.9477,0.943193
0.8400,0.8400,-0.9076,0.941005
0.8400,0.8400,-0.8569,0.939815
0.8400,0.8400,-0.7961,0.939690
0.8400,0.8400,-0.7260,0.939141
0.8400,0.8400,-0.6474,0.938683
0.8400,0.8400,-0.5612,0.938962
0.8400,0.8400,-0.4684,0.939460
0.8400,0.8400,-0.3701,0.940133
0.8400,0.8400,-0.2675,0.941113
0.8400,0.8400,-0.1618,0.941942
0.8400,0.8400,-0.0541,0.942617
0.8400,0.8400,0.0541,0.944009
0.8400,0.8400,0.1618,0.945309
0.8400,0.8400,0.2675,0.946829
0.8400,0.8400,0.3701,0.948456
0.8400,0.8400,0.4684,0.950246
0.8400,0.8400,0.5612,0.952061
0.8400,0.8400,0.6474,0.954236
0.8400,0.8400,0.7260,0.956336
0.8400,0.8400,0.7961,0.958164
0.8400,0.8400,0.8569,0.960577
0.8400,0.8400,0.9076,0.963043
0.8400,0.8400,0.9477,0.965917
0.8400,0.8400,0.9766,0.968165
0.8400,0.8400,0.9941,0.970967
0.8400,0.8400,1.0000,0.974129
0.8933,0.2000,-1.0000,0.578239
0.8933,0.2000,-0.9941,0.595691
0.8933,0.2000,-0.9766,0.612352
0.8933,0.2000,-0.9477,0.630528
0.8933,0.2000,-0.9076,0.652578
0.8933,0.2000,-0.8569,0.675360
0.8933,0.2000,-0.7961,0.699322
0.8933,0.2000,-0.7260,0.728547
0.8933,0.2000,-0.6474,0.755500
0.8933,0.2000,-0.5612,0.789324
0.8933,0.2000,-0.4684,0.820926
0.8933,0.2000,-0.3701,0.851733
0.8933,0.2000,-0.2675,0.883521
0.8933,0.2000,-0.1618,0.903593
0.8933,0.2000,-0.0541,0.865675
0.8933,0.2000,0.0541,0.804931
0.8933,0.2000,0.1618,0.877718
0.8933,0.2000,0.2675,0.867526
0.8933,0.2000,0.3701,0.842059
0.8933,0.2000,0.4684,0.811524
0.8933,0.2000,0.5612,0.779196
0.8933,0.2000,0.6474,0.751218
0.8933,0.2000,0.7260,0.723963
0.8933,0.2000,0.7961,0.698720
0.8933,0.2000,0.8569,0.670106
0.8933,0.2000,0.9076,0.648704
0.8933,0.2000,0.9477,0.628251
0.8933,0.2000,0.9766,0.609861
0.8933,0.2000,0.9941,0.595058
0.8933,0.2000,1.0000,0.576591
0.8933,0.2533,-1.0000,0.580033
0.8933,0.2533,-0.9941,0.595232
0.8933,0.2533,-0.9766,0.612029
0.8933,0.2533,-0.9477,0.628709
0.8933,0.2533,-0.9076,0.650296
0.8933,0.2533,-0.8569,0.672300
0.8933,0.2533,-0.7961,0.696855
0.8933,0.2533,-0.7260,0.725752
0.8933,0.2533,-0.6474,0.753191
0.8933,0.2533,-0.5612,0.786367
0.8933,0.2533,-0.4684,0.818694
0.8933,0.2533,-0.3701,0.849974
0.8933,0.2533,-0.2675,0.879802
0.8933,0.2533,-0.1618,0.897435
0.8933,0.2533,-0.0541,0.850846
0.8933,0.2533,0.0541,0.790842
0.8933,0.2533,0.1618,0.871183
0.8933,0.2533,0.2675,0.862820
0.8933,0.2533,0.3701,0.838973
0.8933,0.2533,0.4684,0.809776
0.8933,0.2533,0.5612,0.778627
0.8933,0.2533,0.6474,0.747348
0.8933,0.2533,0.7260,0.720970
0.8933,0.2533,0.7961,0.693909
0.8933,0.2533,0.8569,0.670925
0.8933,0.2533,0.9076,0.649285
0.8933,0.2533,0.9477,0.627251
0.8933,0.2533,0.9766,0.609371
0.8933,0.2533,0.9941,0.593197
0.8933,0.2533,1.0000,0.577353
0.8933,0.3067,-1.0000,0.577746
0.8933,0.3067,-0.9941,0.593966
0.8933,0.3067,-0.9766,0.608161
0.8933,0.3067,-0.9477,0.627545
0.8933,0.3067,-0.9076,0.647117
0.8933,0.3067,-0.8569,0.670385
0.8933,0.3067,-0.7961,0.695211
0.8933,0.3067,-0.7260,0.722772
0.8933,0.3067,-0.6474,0.751260
0.8933,0.3067,-0.5612,0.780802
0.8933,0.3067,-0.4684,0.814410
0.8933,0.3067,-0.3701,0.845440
0.8933,0.3067,-0.2675,0.874886
0.8933,0.3067,-0.1618,0.888295
0.8933,0.3067,-0.0541,0.830419
0.8933,0.3067,0.0541,0.774225
0.8933,0.3067,0.1618,0.862287
0.8933,0.3067,0.2675,0.857730
0.8933,0.3067,0.3701,0.834039
0.8933,0.3067,0.4684,0.804836
0.8933,0.3067,0.5612,0.775784
0.8933,0.3067,0.6474,0.746375
0.8933,0.3067,0.7260,0.717338
0.8933,0.3067,0.7961,0.692356
0.8933,0.3067,0.8569,0.668673
0.8933,0.3067,0.9076,0.647380
0.8933,0.3067,0.9477,0.626334
0.8933,0.3067,0.9766,0.608110
0.8933,0.3067,0.9941,0.592023
0.8933,0.3067,1.0000,0.576896
0.8933,0.3600,-1.0000,0.574017
0.8933,0.3600,-0.9941,0.589334
0.8933,0.3600,-0.9766,0.607988
0.8933,0.3600,-0.9477,0.625768
0.8933,0.3600,-0.9076,0.645358
0.8933,0.3600,-0.8569,0.669568
0.8933,0.3600,-0.7961,0.693779
0.8933,0.3600,-0.7260,0.720626
0.8933,0.3600,-0.6474,0.747344
0.8933,0.3600,-0.5612,0.777708
0.8933,0.3600,-0.4684,0.808489
0.8933,0.3600,-0.3701,0.840069
0.8933,0.3600,-0.2675,0.867387
0.8933,0.3600,-0.1618,0.878374
0.8933,0.3600,-0.0541,0.812271
0.8933,0.3600,0.0541,0.753525
0.8933,0.3600,0.1618,0.851722
0.8933,0.3600,0.2675,0.851877
0.8933,0.3600,0.3701,0.828502
0.8933,0.3600,0.4684,0.800585
0.8933,0.3600,0.5612,0.772794
0.8933,0.3600,0.6474,0.742975
0.8933,0.3600,0.7260,0.715229
0.8933,0.3600,0.7961,0.692070
0.8933,0.3600,0.8569,0.666277
0.8933,0.3600,0.9076,0.644250
0.8933,0.3600,0.9477,0.625821
0.8933,0.3600,0.9766,0.606644
0.8933,0.3600,0.9941,0.588716
0.8933,0.3600,1.0000,0.574178
0.8933,0.4133,-1.0000,0.572281
0.8933,0.4133,-0.9941,0.586748
0.8933,0.4133,-0.9766,0.601628
0.8933,0.4133,-0.9477,0.622866
0.8933,0.4133,-0.9076,0.642169
0.8933,0.4133,-0.8569,0.665689
0.8933,0.4133,-0.7961,0.690455
0.8933,0.4133,-0.7260,0.715427
0.8933,0.4133,-0.6474,0.745397
0.8933,0.4133,-0.5612,0.773149
0.8933,0.4133,-0.4684,0.804263
0.8933,0.4133,-0.3701,0.833378
0.8933,0.4133,-0.2675,0.857495
0.8933,0.4133,-0.1618,0.865465
0.8933,0.4133,-0.0541,0.782792
0.8933,0.4133,0.0541,0.727249
0.8933,0.4133,0.1618,0.838113
0.8933,0.4133,0.2675,0.841050
0.8933,0.4133,0.3701,0.822836
0.8933,0.4133,0.4684,0.796259
0.8933,0.4133,0.5612,0.765825
0.8933,0.4133,0.6474,0.738887
0.8933,0.4133,0.7260,0.713179
0.8933,0.4133,0.7961,0.687642
0.8933,0.4133,0.8569,0.662552
0.8933,0.4133,0.9076,0.640804
0.8933,0.4133,0.9477,0.621449
0.8933,0.4133,0.9766,0.602494
0.8933,0.4133,0.9941,0.587095
0.8933,0.4133,1.0000,0.574224
0.8933,0.4667,-1.0000,0.568076
0.8933,0.4667,-0.9941,0.582699
0.8933,0.4667,-0.9766,0.599519
0.8933,0.4667,-0.9477,0.616570
0.8933,0.4667,-0.9076,0.635793
0.8933,0.4667,-0.8569,0.658439
0.8933,0.4667,-0.7961,0.683787
0.8933,0.4667,-0.7260,0.709308
0.8933,0.4667,-0.6474,0.735995
0.8933,0.4667,-0.5612,0.765357
0.8933,0.4667,-0.4684,0.796159
0.8933,0.4667,-0.3701,0.822725
0.8933,0.4667,-0.2675,0.844080
0.8933,0.4667,-0.1618,0.845893
0.8933,0.4667,-0.0541,0.746751
0.8933,0.4667,0.0541,0.693822
0.8933,0.4667,0.1618,0.820292
0.8933,0.4667,0.2675,0.827515
0.8933,0.4667,0.3701,0.811619
0.8933,0.4667,0.4684,0.788068
0.8933,0.4667,0.5612,0.761203
0.8933,0.4667,0.6474,0.731854
0.8933,0.4667,0.7260,0.707695
0.8933,0.4667,0.7961,0.681758
0.8933,0.4667,0.8569,0.656060
0.8933,0.4667,0.9076,0.636418
0.8933,0.4667,0.9477,0.617555
0.8933,0.4667,0.9766,0.597768
0.8933,0.4667,0.9941,0.583447
0.8933,0.4667,1.0000,0.569765
0.8933,0.5200,-1.0000,0.561102
0.8933,0.5200,-0.9941,0.576815
0.8933,0.5200,-0.9766,0.592779
0.8933,0.5200,-0.9477,0.610931
0.8933,0.5200,-0.9076,0.630418
0.8933,0.5200,-0.8569,0.652213
0.8933,0.5200,-0.7961,0.675370
0.8933,0.5200,-0.7260,0.700391
0.8933,0.5200,-0.6474,0.726041
0.8933,0.5200,-0.5612,0.754656
0.8933,0.5200,-0.4684,0.782345
0.8933,0.5200,-0.3701,0.806331
0.8933,0.5200,-0.2675,0.824956
0.8933,0.5200,-0.1618,0.818015
0.8933,0.5200,-0.0541,0.693955
0.8933,0.5200,0.0541,0.648035
0.8933,0.5200,0.1618,0.791877
0.8933,0.5200,0.2675,0.807093
0.8933,0.5200,0.3701,0.795588
0.8933,0.5200,0.4684,0.773747
0.8933,0.5200,0.5612,0.749124
0.8933,0.5200,0.6474,0.724690
0.8933,0.5200,0.7260,0.698517
0.8933,0.5200,0.7961,0.674491
0.8933,0.5200,0.8569,0.652260
0.8933,0.5200,0.9076,0.629089
0.8933,0.5200,0.9477,0.608653
0.8933,0.5200,0.9766,0.594620
0.8933,0.5200,0.9941,0.577247
0.8933,0.5200,1.0000,0.564155
0.8933,0.5733,-1.0000,0.554155
0.8933,0.5733,-0.9941,0.568130
0.8933,0.5733,-0.9766,0.582570
0.8933,0.5733,-0.9477,0.599089
0.8933,0.5733,-0.9076,0.619429
0.8933,0.5733,-0.8569,0.637669
0.8933,0.5733,-0.7961,0.659447
0.8933,0.5733,-0.7260,0.685376
0.8933,0.5733,-0.6474,0.709972
0.8933,0.5733,-0.5612,0.735013
0.8933,0.5733,-0.4684,0.758837
0.8933,0.5733,-0.3701,0.780372
0.8933,0.5733,-0.2675,0.788144
0.8933,0.5733,-0.1618,0.768697
0.8933,0.5733,-0.0541,0.618436
0.8933,0.5733,0.0541,0.580362
0.8933,0.5733,0.1618,0.745596
0.8933,0.5733,0.2675,0.773224
0.8933,0.5733,0.3701,0.769167
0.8933,0.5733,0.4684,0.750074
0.8933,0.5733,0.5612,0.728852
0.8933,0.5733,0.6474,0.704085
0.8933,0.5733,0.7260,0.681549
0.8933,0.5733,0.7961,0.658674
0.8933,0.5733,0.8569,0.638198
0.8933,0.5733,0.9076,0.617081
0.8933,0.5733,0.9477,0.597560
0.8933,0.5733,0.9766,0.581599
0.8933,0.5733,0.9941,0.568762
0.8933,0.5733,1.0000,0.554376
0.8933,0.6267,-1.0000,0.531433
0.8933,0.6267,-0.9941,0.543644
0.8933,0.6267,-0.9766,0.559426
0.8933,0.6267,-0.9477,0.579312
0.8933,0.6267,-0.9076,0.588868
0.8933,0.6267,-0.8569,0.608108
0.8933,0.6267,-0.7961,0.626737
0.8933,0.6267,-0.7260,0.654312
0.8933,0.6267,-0.6474,0.668869
0.8933,0.6267,-0.5612,0.702386
0.8933,0.6267,-0.4684,0.719005
0.8933,0.6267,-0.3701,0.718430
0.8933,0.6267,-0.2675,0.708760
0.8933,0.6267,-0.1618,0.657621
0.8933,0.6267,-0.0541,0.479613
0.8933,0.6267,0.0541,0.389616
0.8933,0.6267,0.1618,0.526690
0.8933,0.6267,0.2675,0.565735
0.8933,0.6267,0.3701,0.566899
0.8933,0.6267,0.4684,0.546490
0.8933,0.6267,0.5612,0.524681
0.8933,0.6267,0.6474,0.509860
0.8933,0.6267,0.7260,0.485125
0.8933,0.6267,0.7961,0.465211
0.8933,0.6267,0.8569,0.448667
0.8933,0.6267,0.9076,0.419705
0.8933,0.6267,0.9477,0.399195
0.8933,0.6267,0.9766,0.397203
0.8933,0.6267,0.9941,0.382582
0.8933,0.6267,1.0000,0.374071
0.8933,0.6800,-1.0000,0.832603
0.8933,0.6800,-0.9941,0.844007
0.8933,0.6800,-0.9766,0.848714
0.8933,0.6800,-0.9477,0.857263
0.8933,0.6800,-0.9076,0.865875
0.8933,0.6800,-0.8569,0.867533
0.8933,0.6800,-0.7961,0.862710
0.8933,0.6800,-0.7260,0.855780
0.8933,0.6800,-0.6474,0.843271
0.8933,0.6800,-0.5612,0.826646
0.8933,0.6800,-0.4684,0.804708
0.8933,0.6800,-0.3701,0.770970
0.8933,0.6800,-0.2675,0.721425
0.8933,0.6800,-0.1618,0.640676
0.8933,0.6800,-0.0541,0.474848
0.8933,0.6800,0.0541,0.294105
0.8933,0.6800,0.1618,0.295015
0.8933,0.6800,0.2675,0.293779
0.8933,0.6800,0.3701,0.289429
0.8933,0.6800,0.4684,0.288715
0.8933,0.6800,0.5612,0.287625
0.8933,0.6800,0.6474,0.285142
0.8933,0.6800,0.7260,0.283036
0.8933,0.6800,0.7961,0.282674
0.8933,0.6800,0.8569,0.281471
0.8933,0.6800,0.9076,0.277139
0.8933,0.6800,0.9477,0.277991
0.8933,0.6800,0.9766,0.281277
0.8933,0.6800,0.9941,0.279799
0.8933,0.6800,1.0000,0.275902
0.8933,0.7333,-1.0000,0.908158
0.8933,0.7333,-0.9941,0.904414
0.8933,0.7333,-0.9766,0.900076
0.8933,0.7333,-0.9477,0.895644
0.8933,0.7333,-0.9076,0.888743
0.8933,0.7333,-0.8569,0.880860
0.8933,0.7333,-0.7961,0.871322
0.8933,0.7333,-0.7260,0.859437
0.8933,0.7333,-0.6474,0.843878
0.8933,0.7333,-0.5612,0.825444
0.8933,0.7333,-0.4684,0.800205
0.8933,0.7333,-0.3701,0.766239
0.8933,0.7333,-0.2675,0.713100
0.8933,0.7333,-0.1618,0.629965
0.8933,0.7333,-0.0541,0.462130
0.8933,0.7333,0.0541,0.279318
0.8933,0.7333,0.1618,0.277670
0.8933,0.7333,0.2675,0.275688
0.8933,0.7333,0.3701,0.273810
0.8933,0.7333,0.4684,0.271597
0.8933,0.7333,0.5612,0.271375
0.8933,0.7333,0.6474,0.269463
0.8933,0.7333,0.7260,0.266650
0.8933,0.7333,0.7961,0.265991
0.8933,0.7333,0.8569,0.263754
0.8933,0.7333,0.9076,0.263282
0.8933,0.7333,0.9477,0.261078
0.8933,0.7333,0.9766,0.261606
0.8933,0.7333,0.9941,0.259948
0.8933,0.7333,1.0000,0.257757
0.8933,0.7867,-1.0000,0.890081
0.8933,0.7867,-0.9941,0.886453
0.8933,0.7867,-0.9766,0.881584
0.8933,0.7867,-0.9477,0.875891
0.8933,0.7867,-0.9076,0.868688
0.8933,0.7867,-0.8569,0.860534
0.8933,0.7867,-0.7961,0.849556
0.8933,0.7867,-0.7260,0.836764
0.8933,0.7867,-0.6474,0.820544
0.8933,0.7867,-0.5612,0.799190
0.8933,0.7867,-0.4684,0.771367
0.8933,0.7867,-0.3701,0.732298
0.8933,0.7867,-0.2675,0.677124
0.8933,0.7867,-0.1618,0.588075
0.8933,0.7867,-0.0541,0.421063
0.8933,0.7867,0.0541,0.241367
0.8933,0.7867,0.1618,0.239490
0.8933,0.7867,0.2675,0.236067
0.8933,0.7867,0.3701,0.234677
0.8933,0.7867,0.4684,0.232022
0.8933,0.7867,0.5612,0.230958
0.8933,0.7867,0.6474,0.227269
0.8933,0.7867,0.7260,0.223932
0.8933,0.7867,0.7961,0.221084
0.8933,0.7867,0.8569,0.219537
0.8933,0.7867,0.9076,0.217292
0.8933,0.7867,0.9477,0.214634
0.8933,0.7867,0.9766,0.210264
0.8933,0.7867,0.9941,0.208746
0.8933,0.7867,1.0000,0.204999
0.8933,0.8400,-1.0000,0.695225
0.8933,0.8400,-0.9941,0.698467
0.8933,0.8400,-0.9766,0.701370
0.8933,0.8400,-0.9477,0.700430
0.8933,0.8400,-0.9076,0.693315
0.8933,0.8400,-0.8569,0.686035
0.8933,0.8400,-0.7961,0.668989
0.8933,0.8400,-0.7260,0.654523
0.8933,0.8400,-0.6474,0.629845
0.8933,0.8400,-0.5612,0.599692
0.8933,0.8400,-0.4684,0.565826
0.8933,0.8400,-0.3701,0.516486
0.8933,0.8400,-0.2675,0.446468
0.8933,0.8400,-0.1618,0.348690
0.8933,0.8400,-0.0541,0.200383
0.8933,0.8400,0.0541,0.075541
0.8933,0.8400,0.1618,0.073405
0.8933,0.8400,0.2675,0.067770
0.8933,0.8400,0.3701,0.061766
0.8933,0.8400,0.4684,0.055858
0.8933,0.8400,0.5612,0.047098
0.8933,0.8400,0.6474,0.040232
0.8933,0.8400,0.7260,0.032090
0.8933,0.8400,0.7961,0.026991
0.8933,0.8400,0.8569,0.018732
0.8933,0.8400,0.9076,0.012691
0.8933,0.8400,0.9477,0.007504
0.8933,0.8400,0.9766,0.003325
0.8933,0.8400,0.9941,0.001679
0.8933,0.8400,1.0000,0.002243
0.8933,0.8933,-1.0000,0.945380
0.8933,0.8933,-0.9941,0.942097
0.8933,0.8933,-0.9766,0.939549
0.8933,0.8933,-0.9477,0.937930
0.8933,0.8933,-0.9076,0.935787
0.8933,0.8933,-0.8569,0.934845
0.8933,0.8933,-0.7961,0.934235
0.8933,0.8933,-0.7260,0.933696
0.8933,0.8933,-0.6474,0.933233
0.8933,0.8933,-0.5612,0.933430
0.8933,0.8933,-0.4684,0.934164
0.8933,0.8933,-0.3701,0.934313
0.8933,0.8933,-0.2675,0.935413
0.8933,0.8933,-0.1618,0.936311
0.8933,0.8933,-0.0541,0.937508
0.8933,0.8933,0.0541,0.938494
0.8933,0.8933,0.1618,0.940215
0.8933,0.8933,0.2675,0.942360
0.8933,0.8933,0.3701,0.943549
0.8933,0.8933,0.4684,0.945624
0.8933,0.8933,0.5612,0.947575
0.8933,0.8933,0.6474,0.949919
0.8933,0.8933,0.7260,0.952065
0.8933,0.8933,0.7961,0.954139
0.8933,0.8933,0.8569,0.956733
0.8933,0.8933,0.9076,0.959243
0.8933,0.8933,0.9477,0.962128
0.8933,0.8933,0.9766,0.964841
0.8933,0.8933,0.9941,0.967473
0.8933,0.8933,1.0000,0.970525
0.9467,0.2000,-1.0000,0.580809
0.9467,0.2000,-0.9941,0.595492
0.9467,0.2000,-0.9766,0.611667
0.9467,0.2000,-0.9477,0.630405
0.9467,0.2000,-0.9076,0.651553
0.9467,0.2000,-0.8569,0.675514
0.9467,0.2000,-0.7961,0.701742
0.9467,0.2000,-0.7260,0.726841
0.9467,0.2000,-0.6474,0.756185
0.9467,0.2000,-0.5612,0.788491
0.9467,0.2000,-0.4684,0.823103
0.9467,0.2000,-0.3701,0.854088
0.9467,0.2000,-0.2675,0.884910
0.9467,0.2000,-0.1618,0.908089
0.9467,0.2000,-0.0541,0.872686
0.9467,0.2000,0.0541,0.814106
0.9467,0.2000,0.1618,0.882830
0.9467,0.2000,0.2675,0.870151
0.9467,0.2000,0.3701,0.844052
0.9467,0.2000,0.4684,0.813671
0.9467,0.2000,0.5612,0.782511
0.9467,0.2000,0.6474,0.754193
0.9467,0.2000,0.7260,0.723772
0.9467,0.2000,0.7961,0.697775
0.9467,0.2000,0.8569,0.672136
0.9467,0.2000,0.9076,0.649462
0.9467,0.2000,0.9477,0.628867
0.9467,0.2000,0.9766,0.611056
0.9467,0.2000,0.9941,0.593994
0.9467,0.2000,1.0000,0.579079
0.9467,0.2533,-1.0000,0.579916
0.9467,0.2533,-0.9941,0.595675
0.9467,0.2533,-0.9766,0.609972
0.9467,0.2533,-0.9477,0.630179
0.9467,0.2533,-0.9076,0.651122
0.9467,0.2533,-0.8569,0.674683
0.9467,0.2533,-0.7961,0.698920
0.9467,0.2533,-0.7260,0.727105
0.9467,0.2533,-0.6474,0.754051
0.9467,0.2533,-0.5612,0.788114
0.9467,0.2533,-0.4684,0.820052
0.9467,0.2533,-0.3701,0.851492
0.9467,0.2533,-0.2675,0.882421
0.9467,0.2533,-0.1618,0.901859
0.9467,0.2533,-0.0541,0.861418
0.9467,0.2533,0.0541,0.800502
0.9467,0.2533,0.1618,0.875421
0.9467,0.2533,0.2675,0.867412
0.9467,0.2533,0.3701,0.841456
0.9467,0.2533,0.4684,0.810699
0.9467,0.2533,0.5612,0.780048
0.9467,0.2533,0.6474,0.751569
0.9467,0.2533,0.7260,0.723137
0.9467,0.2533,0.7961,0.694518
0.9467,0.2533,0.8569,0.670851
0.9467,0.2533,0.9076,0.647383
0.9467,0.2533,0.9477,0.627719
0.9467,0.2533,0.9766,0.609914
0.9467,0.2533,0.9941,0.595773
0.9467,0.2533,1.0000,0.579893
0.9467,0.3067,-1.0000,0.578169
0.9467,0.3067,-0.9941,0.594072
0.9467,0.3067,-0.9766,0.609383
0.9467,0.3067,-0.9477,0.629381
0.9467,0.3067,-0.9076,0.650446
0.9467,0.3067,-0.8569,0.672968
0.9467,0.3067,-0.7961,0.697728
0.9467,0.3067,-0.7260,0.724417
0.9467,0.3067,-0.6474,0.750904
0.9467,0.3067,-0.5612,0.785166
0.9467,0.3067,-0.4684,0.818458
0.9467,0.3067,-0.3701,0.849935
0.9467,0.3067,-0.2675,0.877989
0.9467,0.3067,-0.1618,0.894640
0.9467,0.3067,-0.0541,0.844837
0.9467,0.3067,0.0541,0.786680
0.9467,0.3067,0.1618,0.869221
0.9467,0.3067,0.2675,0.861360
0.9467,0.3067,0.3701,0.837750
0.9467,0.3067,0.4684,0.809673
0.9467,0.3067,0.5612,0.777097
0.9467,0.3067,0.6474,0.747027
0.9467,0.3067,0.7260,0.720417
0.9467,0.3067,0.7961,0.694317
0.9467,0.3067,0.8569,0.669739
0.9467,0.3067,0.9076,0.648276
0.9467,0.3067,0.9477,0.627505
0.9467,0.3067,0.9766,0.609441
0.9467,0.3067,0.9941,0.592650
0.9467,0.3067,1.0000,0.577629
0.9467,0.3600,-1.0000,0.575029
0.9467,0.3600,-0.9941,0.592450
0.9467,0.3600,-0.9766,0.607234
0.9467,0.3600,-0.9477,0.627389
0.9467,0.3600,-0.9076,0.647795
0.9467,0.3600,-0.8569,0.669926
0.9467,0.3600,-0.7961,0.697197
0.9467,0.3600,-0.7260,0.722108
0.9467,0.3600,-0.6474,0.749295
0.9467,0.3600,-0.5612,0.780761
0.9467,0.3600,-0.4684,0.813274
0.9467,0.3600,-0.3701,0.844908
0.9467,0.3600,-0.2675,0.871681
0.9467,0.3600,-0.1618,0.885163
0.9467,0.3600,-0.0541,0.825091
0.9467,0.3600,0.0541,0.769797
0.9467,0.3600,0.1618,0.861386
0.9467,0.3600,0.2675,0.856299
0.9467,0.3600,0.3701,0.833213
0.9467,0.3600,0.4684,0.804518
0.9467,0.3600,0.5612,0.775416
0.9467,0.3600,0.6474,0.744378
0.9467,0.3600,0.7260,0.718384
0.9467,0.3600,0.7961,0.692552
0.9467,0.3600,0.8569,0.669162
0.9467,0.3600,0.9076,0.645330
0.9467,0.3600,0.9477,0.626757
0.9467,0.3600,0.9766,0.608214
0.9467,0.3600,0.9941,0.592456
0.9467,0.3600,1.0000,0.577234
0.9467,0.4133,-1.0000,0.573237
0.9467,0.4133,-0.9941,0.590605
0.9467,0.4133,-0.9766,0.604904
0.9467,0.4133,-0.9477,0.625673
0.9467,0.4133,-0.9076,0.643940
0.9467,0.4133,-0.8569,0.667215
0.9467,0.4133,-0.7961,0.692654
0.9467,0.4133,-0.7260,0.718051
0.9467,0.4133,-0.6474,0.747450
0.9467,0.4133,-0.5612,0.776824
0.9467,0.4133,-0.4684,0.808503
0.9467,0.4133,-0.3701,0.837584
0.9467,0.4133,-0.2675,0.864656
0.9467,0.4133,-0.1618,0.874801
0.9467,0.4133,-0.0541,0.801307
0.9467,0.4133,0.0541,0.747066
0.9467,0.4133,0.1618,0.848976
0.9467,0.4133,0.2675,0.847887
0.9467,0.4133,0.3701,0.827671
0.9467,0.4133,0.4684,0.801282
0.9467,0.4133,0.5612,0.770477
0.9467,0.4133,0.6474,0.741101
0.9467,0.4133,0.7260,0.716507
0.9467,0.4133,0.7961,0.689134
0.9467,0.4133,0.8569,0.665502
0.9467,0.4133,0.9076,0.643030
0.9467,0.4133,0.9477,0.623490
0.9467,0.4133,0.9766,0.605466
0.9467,0.4133,0.9941,0.589789
0.9467,0.4133,1.0000,0.574046
0.9467,0.4667,-1.0000,0.572497
0.9467,0.4667,-0.9941,0.587463
0.9467,0.4667,-0.9766,0.602536
0.9467,0.4667,-0.9477,0.620261
0.9467,0.4667,-0.9076,0.640804
0.9467,0.4667,-0.8569,0.664048
0.9467,0.4667,-0.7961,0.688038
0.9467,0.4667,-0.7260,0.715036
0.9467,0.4667,-0.6474,0.740744
0.9467,0.4667,-0.5612,0.770535
0.9467,0.4667,-0.4684,0.800684
0.9467,0.4667,-0.3701,0.830349
0.9467,0.4667,-0.2675,0.853015
0.9467,0.4667,-0.1618,0.860729
0.9467,0.4667,-0.0541,0.772935
0.9467,0.4667,0.0541,0.719016
0.9467,0.4667,0.1618,0.834477
0.9467,0.4667,0.2675,0.838001
0.9467,0.4667,0.3701,0.820061
0.9467,0.4667,0.4684,0.793554
0.9467,0.4667,0.5612,0.764832
0.9467,0.4667,0.6474,0.738202
0.9467,0.4667,0.7260,0.712291
0.9467,0.4667,0.7961,0.686561
0.9467,0.4667,0.8569,0.660661
0.9467,0.4667,0.9076,0.640734
0.9467,0.4667,0.9477,0.619148
0.9467,0.4667,0.9766,0.601337
0.9467,0.4667,0.9941,0.587916
0.9467,0.4667,1.0000,0.572016
0.9467,0.5200,-1.0000,0.567045
0.9467,0.5200,-0.9941,0.582875
0.9467,0.5200,-0.9766,0.598085
0.9467,0.5200,-0.9477,0.616180
0.9467,0.5200,-0.9076,0.633849
0.9467,0.5200,-0.8569,0.657733
0.9467,0.5200,-0.7961,0.682893
0.9467,0.5200,-0.7260,0.706910
0.9467,0.5200,-0.6474,0.733021
0.9467,0.5200,-0.5612,0.762852
0.9467,0.5200,-0.4684,0.792234
0.9467,0.5200,-0.3701,0.818389
0.9467,0.5200,-0.2675,0.837388
0.9467,0.5200,-0.1618,0.838834
0.9467,0.5200,-0.0541,0.731357
0.9467,0.5200,0.0541,0.683947
0.9467,0.5200,0.1618,0.812894
0.9467,0.5200,0.2675,0.824765
0.9467,0.5200,0.3701,0.807992
0.9467,0.5200,0.4684,0.785007
0.9467,0.5200,0.5612,0.756995
0.9467,0.5200,0.6474,0.729680
0.9467,0.5200,0.7260,0.704967
0.9467,0.5200,0.7961,0.679429
0.9467,0.5200,0.8569,0.656284
0.9467,0.5200,0.9076,0.635948
0.9467,0.5200,0.9477,0.615838
0.9467,0.5200,0.9766,0.595862
0.9467,0.5200,0.9941,0.583100
0.9467,0.5200,1.0000,0.568333
0.9467,0.5733,-1.0000,0.560422
0.9467,0.5733,-0.9941,0.573311
0.9467,0.5733,-0.9766,0.589627
0.9467,0.5733,-0.9477,0.607600
0.9467,0.5733,-0.9076,0.627528
0.9467,0.5733,-0.8569,0.649089
0.9467,0.5733,-0.7961,0.671153
0.9467,0.5733,-0.7260,0.697024
0.9467,0.5733,-0.6474,0.721324
0.9467,0.5733,-0.5612,0.748405
0.9467,0.5733,-0.4684,0.775534
0.9467,0.5733,-0.3701,0.799942
0.9467,0.5733,-0.2675,0.814274
0.9467,0.5733,-0.1618,0.805188
0.9467,0.5733,-0.0541,0.674059
0.9467,0.5733,0.0541,0.632463
0.9467,0.5733,0.1618,0.781268
0.9467,0.5733,0.2675,0.798887
0.9467,0.5733,0.3701,0.790598
0.9467,0.5733,0.4684,0.768479
0.9467,0.5733,0.5612,0.744059
0.9467,0.5733,0.6474,0.720010
0.9467,0.5733,0.7260,0.695335
0.9467,0.5733,0.7961,0.669688
0.9467,0.5733,0.8569,0.649041
0.9467,0.5733,0.9076,0.627524
0.9467,0.5733,0.9477,0.606398
0.9467,0.5733,0.9766,0.590737
0.9467,0.5733,0.9941,0.575332
0.9467,0.5733,1.0000,0.559744
0.9467,0.6267,-1.0000,0.546126
0.9467,0.6267,-0.9941,0.563920
0.9467,0.6267,-0.9766,0.576690
0.9467,0.6267,-0.9477,0.592069
0.9467,0.6267,-0.9076,0.611052
0.9467,0.6267,-0.8569,0.632406
0.9467,0.6267,-0.7961,0.652820
0.9467,0.6267,-0.7260,0.678504
0.9467,0.6267,-0.6474,0.700834
0.9467,0.6267,-0.5612,0.723266
0.9467,0.6267,-0.4684,0.744520
0.9467,0.6267,-0.3701,0.764661
0.9467,0.6267,-0.2675,0.769555
0.9467,0.6267,-0.1618,0.745982
0.9467,0.6267,-0.0541,0.580138
0.9467,0.6267,0.0541,0.543969
0.9467,0.6267,0.1618,0.719797
0.9467,0.6267,0.2675,0.751379
0.9467,0.6267,0.3701,0.747224
0.9467,0.6267,0.4684,0.731724
0.9467,0.6267,0.5612,0.714418
0.9467,0.6267,0.6474,0.691522
0.9467,0.6267,0.7260,0.667906
0.9467,0.6267,0.7961,0.648154
0.9467,0.6267,0.8569,0.623168
0.9467,0.6267,0.9076,0.601466
0.9467,0.6267,0.9477,0.581763
0.9467,0.6267,0.9766,0.566709
0.9467,0.6267,0.9941,0.556144
0.9467,0.6267,1.0000,0.536901
0.9467,0.6800,-1.0000,0.549915
0.9467,0.6800,-0.9941,0.550361
0.9467,0.6800,-0.9766,0.595775
0.9467,0.6800,-0.9477,0.637760
0.9467,0.6800,-0.9076,0.679605
0.9467,0.6800,-0.8569,0.727770
0.9467,0.6800,-0.7961,0.737416
0.9467,0.6800,-0.7260,0.763192
0.9467,0.6800,-0.6474,0.775931
0.9467,0.6800,-0.5612,0.781697
0.9467,0.6800,-0.4684,0.773665
0.9467,0.6800,-0.3701,0.754667
0.9467,0.6800,-0.2675,0.718050
0.9467,0.6800,-0.1618,0.645219
0.9467,0.6800,-0.0541,0.478804
0.9467,0.6800,0.0541,0.318864
0.9467,0.6800,0.1618,0.362620
0.9467,0.6800,0.2675,0.375518
0.9467,0.6800,0.3701,0.377553
0.9467,0.6800,0.4684,0.368608
0.9467,0.6800,0.5612,0.370025
0.9467,0.6800,0.6474,0.355816
0.9467,0.6800,0.7260,0.351444
0.9467,0.6800,0.7961,0.347424
0.9467,0.6800,0.8569,0.336464
0.9467,0.6800,0.9076,0.327324
0.9467,0.6800,0.9477,0.323099
0.9467,0.6800,0.9766,0.318826
0.9467,0.6800,0.9941,0.305665
0.9467,0.6800,1.0000,0.301426
0.9467,0.7333,-1.0000,0.891182
0.9467,0.7333,-0.9941,0.892025
0.9467,0.7333,-0.9766,0.890712
0.9467,0.7333,-0.9477,0.891001
0.9467,0.7333,-0.9076,0.887468
0.9467,0.7333,-0.8569,0.880660
0.9467,0.7333,-0.7961,0.872465
0.9467,0.7333,-0.7260,0.861474
0.9467,0.7333,-0.6474,0.847915
0.9467,0.7333,-0.5612,0.830953
0.9467,0.7333,-0.4684,0.806092
0.9467,0.7333,-0.3701,0.771536
0.9467,0.7333,-0.2675,0.719951
0.9467,0.7333,-0.1618,0.638246
0.9467,0.7333,-0.0541,0.473660
0.9467,0.7333,0.0541,0.291008
0.9467,0.7333,0.1618,0.291023
0.9467,0.7333,0.2675,0.287890
0.9467,0.7333,0.3701,0.288232
0.9467,0.7333,0.4684,0.283217
0.9467,0.7333,0.5612,0.284759
0.9467,0.7333,0.6474,0.282410
0.9467,0.7333,0.7260,0.282621
0.9467,0.7333,0.7961,0.279723
0.9467,0.7333,0.8569,0.275426
0.9467,0.7333,0.9076,0.277663
0.9467,0.7333,0.9477,0.277042
0.9467,0.7333,0.9766,0.277200
0.9467,0.7333,0.9941,0.273086
0.9467,0.7333,1.0000,0.274316
0.9467,0.7867,-1.0000,0.908205
0.9467,0.7867,-0.9941,0.904469
0.9467,0.7867,-0.9766,0.899742
0.9467,0.7867,-0.9477,0.894260
0.9467,0.7867,-0.9076,0.887694
0.9467,0.7867,-0.8569,0.879636
0.9467,0.7867,-0.7961,0.869464
0.9467,0.7867,-0.7260,0.857717
0.9467,0.7867,-0.6474,0.842643
0.9467,0.7867,-0.5612,0.823362
0.9467,0.7867,-0.4684,0.797144
0.9467,0.7867,-0.3701,0.762224
0.9467,0.7867,-0.2675,0.710818
0.9467,0.7867,-0.1618,0.625937
0.9467,0.7867,-0.0541,0.459200
0.9467,0.7867,0.0541,0.275723
0.9467,0.7867,0.1618,0.273808
0.9467,0.7867,0.2675,0.271134
0.9467,0.7867,0.3701,0.270604
0.9467,0.7867,0.4684,0.267861
0.9467,0.7867,0.5612,0.266714
0.9467,0.7867,0.6474,0.265038
0.9467,0.7867,0.7260,0.261993
0.9467,0.7867,0.7961,0.261203
0.9467,0.7867,0.8569,0.260629
0.9467,0.7867,0.9076,0.259277
0.9467,0.7867,0.9477,0.256030
0.9467,0.7867,0.9766,0.256719
0.9467,0.7867,0.9941,0.255056
0.9467,0.7867,1.0000,0.252958
0.9467,0.8400,-1.0000,0.881329
0.9467,0.8400,-0.9941,0.878881
0.9467,0.8400,-0.9766,0.873287
0.9467,0.8400,-0.9477,0.867702
0.9467,0.8400,-0.9076,0.860953
0.9467,0.8400,-0.8569,0.851756
0.9467,0.8400,-0.7961,0.841145
0.9467,0.8400,-0.7260,0.826869
0.9467,0.8400,-0.6474,0.810765
0.9467,0.8400,-0.5612,0.788322
0.9467,0.8400,-0.4684,0.760271
0.9467,0.8400,-0.3701,0.720554
0.9467,0.8400,-0.2675,0.663168
0.9467,0.8400,-0.1618,0.575249
0.9467,0.8400,-0.0541,0.406088
0.9467,0.8400,0.0541,0.229105
0.9467,0.8400,0.1618,0.227734
0.9467,0.8400,0.2675,0.223944
0.9467,0.8400,0.3701,0.223106
0.9467,0.8400,0.4684,0.220457
0.9467,0.8400,0.5612,0.216950
0.9467,0.8400,0.6474,0.213547
0.9467,0.8400,0.7260,0.210288
0.9467,0.8400,0.7961,0.206038
0.9467,0.8400,0.8569,0.204771
0.9467,0.8400,0.9076,0.201356
0.9467,0.8400,0.9477,0.198521
0.9467,0.8400,0.9766,0.194957
0.9467,0.8400,0.9941,0.187644
0.9467,0.8400,1.0000,0.184675
0.9467,0.8933,-1.0000,0.665572
0.9467,0.8933,-0.9941,0.666148
0.9467,0.8933,-0.9766,0.665270
0.9467,0.8933,-0.9477,0.663956
0.9467,0.8933,-0.9076,0.657597
0.9467,0.8933,-0.8569,0.648751
0.9467,0.8933,-0.7961,0.636749
0.9467,0.8933,-0.7260,0.620470
0.9467,0.8933,-0.6474,0.596335
0.9467,0.8933,-0.5612,0.564112
0.9467,0.8933,-0.4684,0.526246
0.9467,0.8933,-0.3701,0.473970
0.9467,0.8933,-0.2675,0.407953
0.9467,0.8933,-0.1618,0.311356
0.9467,0.8933,-0.0541,0.166784
0.9467,0.8933,0.0541,0.051989
0.9467,0.8933,0.1618,0.048266
0.9467,0.8933,0.2675,0.042876
0.9467,0.8933,0.3701,0.036965
0.9467,0.8933,0.4684,0.031428
0.9467,0.8933,0.5612,0.025122
0.9467,0.8933,0.6474,0.019610
0.9467,0.8933,0.7260,0.014816
0.9467,0.8933,0.7961,0.009830
0.9467,0.8933,0.8569,0.005640
0.9467,0.8933,0.9076,0.002985
0.9467,0.8933,0.9477,0.001838
0.9467,0.8933,0.9766,0.001601
0.9467,0.8933,0.9941,0.003953
0.9467,0.8933,1.0000,0.009081
0.9467,0.9467,-1.0000,0.930928
0.9467,0.9467,-0.9941,0.927437
0.9467,0.9467,-0.9766,0.925067
0.9467,0.9467,-0.9477,0.923207
0.9467,0.9467,-0.9076,0.920411
0.9467,0.9467,-0.8569,0.919831
0.9467,0.9467,-0.7961,0.918626
0.9467,0.9467,-0.7260,0.918682
0.9467,0.9467,-0.6474,0.917835
0.9467,0.9467,-0.5612,0.917689
0.9467,0.9467,-0.4684,0.918580
0.9467,0.9467,-0.3701,0.918722
0.9467,0.9467,-0.2675,0.919928
0.9467,0.9467,-0.1618,0.920992
0.9467,0.9467,-0.0541,0.922499
0.9467,0.9467,0.0541,0.923724
0.9467,0.9467,0.1618,0.924913
0.9467,0.9467,0.2675,0.927237
0.9467,0.9467,0.3701,0.928892
0.9467,0.9467,0.4684,0.930936
0.9467,0.9467,0.5612,0.933024
0.9467,0.9467,0.6474,0.935459
0.9467,0.9467,0.7260,0.938053
0.9467,0.9467,0.7961,0.940188
0.9467,0.9467,0.8569,0.942735
0.9467,0.9467,0.9076,0.945684
0.9467,0.9467,0.9477,0.949024
0.9467,0.9467,0.9766,0.952173
0.9467,0.9467,0.9941,0.955107
0.9467,0.9467,1.0000,0.958142
1.0000,0.2000,-1.0000,0.583434
1.0000,0.2000,-0.9941,0.596743
1.0000,0.2000,-0.9766,0.612963
1.0000,0.2000,-0.9477,0.631403
1.0000,0.2000,-0.9076,0.652704
1.0000,0.2000,-0.8569,0.676396
1.0000,0.2000,-0.7961,0.701535
1.0000,0.2000,-0.7260,0.728874
1.0000,0.2000,-0.6474,0.758155
1.0000,0.2000,-0.5612,0.789450
1.0000,0.2000,-0.4684,0.822691
1.0000,0.2000,-0.3701,0.855595
1.0000,0.2000,-0.2675,0.887057
1.0000,0.2000,-0.1618,0.910088
1.0000,0.2000,-0.0541,0.879316
1.0000,0.2000,0.0541,0.821970
1.0000,0.2000,0.1618,0.884884
1.0000,0.2000,0.2675,0.872019
1.0000,0.2000,0.3701,0.845125
1.0000,0.2000,0.4684,0.813741
1.0000,0.2000,0.5612,0.784881
1.0000,0.2000,0.6474,0.750955
1.0000,0.2000,0.7260,0.727144
1.0000,0.2000,0.7961,0.699231
1.0000,0.2000,0.8569,0.674094
1.0000,0.2000,0.9076,0.648471
1.0000,0.2000,0.9477,0.630500
1.0000,0.2000,0.9766,0.611592
1.0000,0.2000,0.9941,0.596908
1.0000,0.2000,1.0000,0.579290
1.0000,0.2533,-1.0000,0.581216
1.0000,0.2533,-0.9941,0.596651
1.0000,0.2533,-0.9766,0.612315
1.0000,0.2533,-0.9477,0.631094
1.0000,0.2533,-0.9076,0.651319
1.0000,0.2533,-0.8569,0.675141
1.0000,0.2533,-0.7961,0.700408
1.0000,0.2533,-0.7260,0.727733
1.0000,0.2533,-0.6474,0.756232
1.0000,0.2533,-0.5612,0.787095
1.0000,0.2533,-0.4684,0.821022
1.0000,0.2533,-0.3701,0.852841
1.0000,0.2533,-0.2675,0.883410
1.0000,0.2533,-0.1618,0.905159
1.0000,0.2533,-0.0541,0.868022
1.0000,0.2533,0.0541,0.810105
1.0000,0.2533,0.1618,0.880664
1.0000,0.2533,0.2675,0.868600
1.0000,0.2533,0.3701,0.845453
1.0000,0.2533,0.4684,0.813492
1.0000,0.2533,0.5612,0.781922
1.0000,0.2533,0.6474,0.751498
1.0000,0.2533,0.7260,0.724470
1.0000,0.2533,0.7961,0.697406
1.0000,0.2533,0.8569,0.671352
1.0000,0.2533,0.9076,0.650421
1.0000,0.2533,0.9477,0.631573
1.0000,0.2533,0.9766,0.612686
1.0000,0.2533,0.9941,0.595766
1.0000,0.2533,1.0000,0.579948
1.0000,0.3067,-1.0000,0.578927
1.0000,0.3067,-0.9941,0.595278
1.0000,0.3067,-0.9766,0.611670
1.0000,0.3067,-0.9477,0.629444
1.0000,0.3067,-0.9076,0.649316
1.0000,0.3067,-0.8569,0.673703
1.0000,0.3067,-0.7961,0.700012
1.0000,0.3067,-0.7260,0.724325
1.0000,0.3067,-0.6474,0.755109
1.0000,0.3067,-0.5612,0.784429
1.0000,0.3067,-0.4684,0.819173
1.0000,0.3067,-0.3701,0.851668
1.0000,0.3067,-0.2675,0.880746
1.0000,0.3067,-0.1618,0.900306
1.0000,0.3067,-0.0541,0.854705
1.0000,0.3067,0.0541,0.797845
1.0000,0.3067,0.1618,0.873925
1.0000,0.3067,0.2675,0.864446
1.0000,0.3067,0.3701,0.840921
1.0000,0.3067,0.4684,0.809149
1.0000,0.3067,0.5612,0.779998
1.0000,0.3067,0.6474,0.749880
1.0000,0.3067,0.7260,0.723515
1.0000,0.3067,0.7961,0.696997
1.0000,0.3067,0.8569,0.671411
1.0000,0.3067,0.9076,0.650080
1.0000,0.3067,0.9477,0.627767
1.0000,0.3067,0.9766,0.610951
1.0000,0.3067,0.9941,0.593476
1.0000,0.3067,1.0000,0.578475
1.0000,0.3600,-1.0000,0.577147
1.0000,0.3600,-0.9941,0.593484
1.0000,0.3600,-0.9766,0.609701
1.0000,0.3600,-0.9477,0.627502
1.0000,0.3600,-0.9076,0.649184
1.0000,0.3600,-0.8569,0.672080
1.0000,0.3600,-0.7961,0.697217
1.0000,0.3600,-0.7260,0.725178
1.0000,0.3600,-0.6474,0.752058
1.0000,0.3600,-0.5612,0.784392
1.0000,0.3600,-0.4684,0.817400
1.0000,0.3600,-0.3701,0.848292
1.0000,0.3600,-0.2675,0.874672
1.0000,0.3600,-0.1618,0.892938
1.0000,0.3600,-0.0541,0.837894
1.0000,0.3600,0.0541,0.783341
1.0000,0.3600,0.1618,0.868487
1.0000,0.3600,0.2675,0.860445
1.0000,0.3600,0.3701,0.836707
1.0000,0.3600,0.4684,0.807182
1.0000,0.3600,0.5612,0.777395
1.0000,0.3600,0.6474,0.747358
1.0000,0.3600,0.7260,0.721006
1.0000,0.3600,0.7961,0.694846
1.0000,0.3600,0.8569,0.668724
1.0000,0.3600,0.9076,0.647740
1.0000,0.3600,0.9477,0.626242
1.0000,0.3600,0.9766,0.607313
1.0000,0.3600,0.9941,0.593911
1.0000,0.3600,1.0000,0.576147
1.0000,0.4133,-1.0000,0.575313
1.0000,0.4133,-0.9941,0.591108
1.0000,0.4133,-0.9766,0.606397
1.0000,0.4133,-0.9477,0.625010
1.0000,0.4133,-0.9076,0.646958
1.0000,0.4133,-0.8569,0.668800
1.0000,0.4133,-0.7961,0.693303
1.0000,0.4133,-0.7260,0.721254
1.0000,0.4133,-0.6474,0.747912
1.0000,0.4133,-0.5612,0.779208
1.0000,0.4133,-0.4684,0.810667
1.0000,0.4133,-0.3701,0.842262
1.0000,0.4133,-0.2675,0.869180
1.0000,0.4133,-0.1618,0.880999
1.0000,0.4133,-0.0541,0.816914
1.0000,0.4133,0.0541,0.763733
1.0000,0.4133,0.1618,0.858152
1.0000,0.4133,0.2675,0.854418
1.0000,0.4133,0.3701,0.830740
1.0000,0.4133,0.4684,0.803229
1.0000,0.4133,0.5612,0.774237
1.0000,0.4133,0.6474,0.743958
1.0000,0.4133,0.7260,0.718183
1.0000,0.4133,0.7961,0.691715
1.0000,0.4133,0.8569,0.666778
1.0000,0.4133,0.9076,0.644081
1.0000,0.4133,0.9477,0.623035
1.0000,0.4133,0.9766,0.607412
1.0000,0.4133,0.9941,0.590481
1.0000,0.4133,1.0000,0.576044
1.0000,0.4667,-1.0000,0.573539
1.0000,0.4667,-0.9941,0.588000
1.0000,0.4667,-0.9766,0.604365
1.0000,0.4667,-0.9477,0.623536
1.0000,0.4667,-0.9076,0.643547
1.0000,0.4667,-0.8569,0.667639
1.0000,0.4667,-0.7961,0.689682
1.0000,0.4667,-0.7260,0.719245
1.0000,0.4667,-0.6474,0.742791
1.0000,0.4667,-0.5612,0.774464
1.0000,0.4667,-0.4684,0.806352
1.0000,0.4667,-0.3701,0.836014
1.0000,0.4667,-0.2675,0.861234
1.0000,0.4667,-0.1618,0.870308
1.0000,0.4667,-0.0541,0.791759
1.0000,0.4667,0.0541,0.740982
1.0000,0.4667,0.1618,0.846126
1.0000,0.4667,0.2675,0.845178
1.0000,0.4667,0.3701,0.826417
1.0000,0.4667,0.4684,0.797643
1.0000,0.4667,0.5612,0.772588
1.0000,0.4667,0.6474,0.740932
1.0000,0.4667,0.7260,0.714975
1.0000,0.4667,0.7961,0.688122
1.0000,0.4667,0.8569,0.664389
1.0000,0.4667,0.9076,0.642045
1.0000,0.4667,0.9477,0.621135
1.0000,0.4667,0.9766,0.605807
1.0000,0.4667,0.9941,0.589931
1.0000,0.4667,1.0000,0.573521
1.0000,0.5200,-1.0000,0.570538
1.0000,0.5200,-0.9941,0.585534
1.0000,0.5200,-0.9766,0.601112
1.0000,0.5200,-0.9477,0.620737
1.0000,0.5200,-0.9076,0.638371
1.0000,0.5200,-0.8569,0.661633
1.0000,0.5200,-0.7961,0.684350
1.0000,0.5200,-0.7260,0.711192
1.0000,0.5200,-0.6474,0.738786
1.0000,0.5200,-0.5612,0.768024
1.0000,0.5200,-0.4684,0.799753
1.0000,0.5200,-0.3701,0.825876
1.0000,0.5200,-0.2675,0.848053
1.0000,0.5200,-0.1618,0.853411
1.0000,0.5200,-0.0541,0.759350
1.0000,0.5200,0.0541,0.709861
1.0000,0.5200,0.1618,0.828612
1.0000,0.5200,0.2675,0.833029
1.0000,0.5200,0.3701,0.817222
1.0000,0.5200,0.4684,0.791983
1.0000,0.5200,0.5612,0.764383
1.0000,0.5200,0.6474,0.735633
1.0000,0.5200,0.7260,0.709991
1.0000,0.5200,0.7961,0.684613
1.0000,0.5200,0.8569,0.660067
1.0000,0.5200,0.9076,0.637393
1.0000,0.5200,0.9477,0.618666
1.0000,0.5200,0.9766,0.601008
1.0000,0.5200,0.9941,0.586642
1.0000,0.5200,1.0000,0.573076
1.0000,0.5733,-1.0000,0.563449
1.0000,0.5733,-0.9941,0.577673
1.0000,0.5733,-0.9766,0.594487
1.0000,0.5733,-0.9477,0.611026
1.0000,0.5733,-0.9076,0.633896
1.0000,0.5733,-0.8569,0.654614
1.0000,0.5733,-0.7961,0.678066
1.0000,0.5733,-0.7260,0.706061
1.0000,0.5733,-0.6474,0.730472
1.0000,0.5733,-0.5612,0.758475
1.0000,0.5733,-0.4684,0.787430
1.0000,0.5733,-0.3701,0.813415
1.0000,0.5733,-0.2675,0.832357
1.0000,0.5733,-0.1618,0.828593
1.0000,0.5733,-0.0541,0.714776
1.0000,0.5733,0.0541,0.669601
1.0000,0.5733,0.1618,0.805849
1.0000,0.5733,0.2675,0.818329
1.0000,0.5733,0.3701,0.803438
1.0000,0.5733,0.4684,0.780946
1.0000,0.5733,0.5612,0.754711
1.0000,0.5733,0.6474,0.726724
1.0000,0.5733,0.7260,0.704242
1.0000,0.5733,0.7961,0.676818
1.0000,0.5733,0.8569,0.653684
1.0000,0.5733,0.9076,0.633686
1.0000,0.5733,0.9477,0.613306
1.0000,0.5733,0.9766,0.598610
1.0000,0.5733,0.9941,0.582149
1.0000,0.5733,1.0000,0.566310
1.0000,0.6267,-1.0000,0.556435
1.0000,0.6267,-0.9941,0.572848
1.0000,0.6267,-0.9766,0.586008
1.0000,0.6267,-0.9477,0.605235
1.0000,0.6267,-0.9076,0.623418
1.0000,0.6267,-0.8569,0.644213
1.0000,0.6267,-0.7961,0.667331
1.0000,0.6267,-0.7260,0.690063
1.0000,0.6267,-0.6474,0.715630
1.0000,0.6267,-0.5612,0.741673
1.0000,0.6267,-0.4684,0.768774
1.0000,0.6267,-0.3701,0.793202
1.0000,0.6267,-0.2675,0.802484
1.0000,0.6267,-0.1618,0.787976
1.0000,0.6267,-0.0541,0.647930
1.0000,0.6267,0.0541,0.610287
1.0000,0.6267,0.1618,0.766478
1.0000,0.6267,0.2675,0.790792
1.0000,0.6267,0.3701,0.781120
1.0000,0.6267,0.4684,0.760598
1.0000,0.6267,0.5612,0.737209
1.0000,0.6267,0.6474,0.711929
1.0000,0.6267,0.7260,0.689339
1.0000,0.6267,0.7961,0.666883
1.0000,0.6267,0.8569,0.644772
1.0000,0.6267,0.9076,0.621712
1.0000,0.6267,0.9477,0.604349
1.0000,0.6267,0.9766,0.587876
1.0000,0.6267,0.9941,0.573203
1.0000,0.6267,1.0000,0.557289
1.0000,0.6800,-1.0000,0.542781
1.0000,0.6800,-0.9941,0.555216
1.0000,0.6800,-0.9766,0.570103
1.0000,0.6800,-0.9477,0.585413
1.0000,0.6800,-0.9076,0.602287
1.0000,0.6800,-0.8569,0.622303
1.0000,0.6800,-0.7961,0.642628
1.0000,0.6800,-0.7260,0.665325
1.0000,0.6800,-0.6474,0.686756
1.0000,0.6800,-0.5612,0.713029
1.0000,0.6800,-0.4684,0.732547
1.0000,0.6800,-0.3701,0.745804
1.0000,0.6800,-0.2675,0.741375
1.0000,0.6800,-0.1618,0.699224
1.0000,0.6800,-0.0541,0.521880
1.0000,0.6800,0.0541,0.465054
1.0000,0.6800,0.1618,0.616065
1.0000,0.6800,0.2675,0.664819
1.0000,0.6800,0.3701,0.664832
1.0000,0.6800,0.4684,0.636231
1.0000,0.6800,0.5612,0.620398
1.0000,0.6800,0.6474,0.595119
1.0000,0.6800,0.7260,0.571381
1.0000,0.6800,0.7961,0.546606
1.0000,0.6800,0.8569,0.523714
1.0000,0.6800,0.9076,0.504786
1.0000,0.6800,0.9477,0.488085
1.0000,0.6800,0.9766,0.473706
1.0000,0.6800,0.9941,0.465791
1.0000,0.6800,1.0000,0.453879
1.0000,0.7333,-1.0000,0.750886
1.0000,0.7333,-0.9941,0.793825
1.0000,0.7333,-0.9766,0.812154
1.0000,0.7333,-0.9477,0.827624
1.0000,0.7333,-0.9076,0.836006
1.0000,0.7333,-0.8569,0.847663
1.0000,0.7333,-0.7961,0.848524
1.0000,0.7333,-0.7260,0.844240
1.0000,0.7333,-0.6474,0.835985
1.0000,0.7333,-0.5612,0.822493
1.0000,0.7333,-0.4684,0.803521
1.0000,0.7333,-0.3701,0.772424
1.0000,0.7333,-0.2675,0.723752
1.0000,0.7333,-0.1618,0.643765
1.0000,0.7333,-0.0541,0.478747
1.0000,0.7333,0.0541,0.301446
1.0000,0.7333,0.1618,0.315540
1.0000,0.7333,0.2675,0.321203
1.0000,0.7333,0.3701,0.312740
1.0000,0.7333,0.4684,0.309027
1.0000,0.7333,0.5612,0.306589
1.0000,0.7333,0.6474,0.303295
1.0000,0.7333,0.7260,0.306641
1.0000,0.7333,0.7961,0.301496
1.0000,0.7333,0.8569,0.300354
1.0000,0.7333,0.9076,0.298760
1.0000,0.7333,0.9477,0.297485
1.0000,0.7333,0.9766,0.291435
1.0000,0.7333,0.9941,0.288472
1.0000,0.7333,1.0000,0.287660
1.0000,0.7867,-1.0000,0.906916
1.0000,0.7867,-0.9941,0.903745
1.0000,0.7867,-0.9766,0.902686
1.0000,0.7867,-0.9477,0.897324
1.0000,0.7867,-0.9076,0.890854
1.0000,0.7867,-0.8569,0.884014
1.0000,0.7867,-0.7961,0.874457
1.0000,0.7867,-0.7260,0.862103
1.0000,0.7867,-0.6474,0.847082
1.0000,0.7867,-0.5612,0.829793
1.0000,0.7867,-0.4684,0.804835
1.0000,0.7867,-0.3701,0.770059
1.0000,0.7867,-0.2675,0.718565
1.0000,0.7867,-0.1618,0.636453
1.0000,0.7867,-0.0541,0.472356
1.0000,0.7867,0.0541,0.289723
1.0000,0.7867,0.1618,0.285936
1.0000,0.7867,0.2675,0.284081
1.0000,0.7867,0.3701,0.282697
1.0000,0.7867,0.4684,0.281992
1.0000,0.7867,0.5612,0.280052
1.0000,0.7867,0.6474,0.289868
1.0000,0.7867,0.7260,0.289383
1.0000,0.7867,0.7961,0.276916
1.0000,0.7867,0.8569,0.276611
1.0000,0.7867,0.9076,0.273358
1.0000,0.7867,0.9477,0.273147
1.0000,0.7867,0.9766,0.273178
1.0000,0.7867,0.9941,0.270448
1.0000,0.7867,1.0000,0.271756
1.0000,0.8400,-1.0000,0.906354
1.0000,0.8400,-0.9941,0.902131
1.0000,0.8400,-0.9766,0.897649
1.0000,0.8400,-0.9477,0.891909
1.0000,0.8400,-0.9076,0.884950
1.0000,0.8400,-0.8569,0.876910
1.0000,0.8400,-0.7961,0.866519
1.0000,0.8400,-0.7260,0.854372
1.0000,0.8400,-0.6474,0.840231
1.0000,0.8400,-0.5612,0.820754
1.0000,0.8400,-0.4684,0.794084
1.0000,0.8400,-0.3701,0.757631
1.0000,0.8400,-0.2675,0.705787
1.0000,0.8400,-0.1618,0.620537
1.0000,0.8400,-0.0541,0.453274
1.0000,0.8400,0.0541,0.270629
1.0000,0.8400,0.1618,0.268930
1.0000,0.8400,0.2675,0.267144
1.0000,0.8400,0.3701,0.265408
1.0000,0.8400,0.4684,0.262886
1.0000,0.8400,0.5612,0.262500
1.0000,0.8400,0.6474,0.259240
1.0000,0.8400,0.7260,0.257749
1.0000,0.8400,0.7961,0.255044
1.0000,0.8400,0.8569,0.253562
1.0000,0.8400,0.9076,0.252291
1.0000,0.8400,0.9477,0.250948
1.0000,0.8400,0.9766,0.247697
1.0000,0.8400,0.9941,0.245910
1.0000,0.8400,1.0000,0.245834
1.0000,0.8933,-1.0000,0.871641
1.0000,0.8933,-0.9941,0.868377
1.0000,0.8933,-0.9766,0.863998
1.0000,0.8933,-0.9477,0.858286
1.0000,0.8933,-0.9076,0.850915
1.0000,0.8933,-0.8569,0.841810
1.0000,0.8933,-0.7961,0.831151
1.0000,0.8933,-0.7260,0.816842
1.0000,0.8933,-0.6474,0.799500
1.0000,0.8933,-0.5612,0.776416
1.0000,0.8933,-0.4684,0.746134
1.0000,0.8933,-0.3701,0.705134
1.0000,0.8933,-0.2675,0.647501
1.0000,0.8933,-0.1618,0.555381
1.0000,0.8933,-0.0541,0.386691
1.0000,0.8933,0.0541,0.215915
1.0000,0.8933,0.1618,0.213186
1.0000,0.8933,0.2675,0.209031
1.0000,0.8933,0.3701,0.207874
1.0000,0.8933,0.4684,0.204151
1.0000,0.8933,0.5612,0.202517
1.0000,0.8933,0.6474,0.196691
1.0000,0.8933,0.7260,0.194816
1.0000,0.8933,0.7961,0.192194
1.0000,0.8933,0.8569,0.188056
1.0000,0.8933,0.9076,0.183996
1.0000,0.8933,0.9477,0.179948
1.0000,0.8933,0.9766,0.173712
1.0000,0.8933,0.9941,0.167476
1.0000,0.8933,1.0000,0.161911
1.0000,0.9467,-1.0000,0.651249
1.0000,0.9467,-0.9941,0.645743
1.0000,0.9467,-0.9766,0.642383
1.0000,0.9467,-0.9477,0.639059
1.0000,0.9467,-0.9076,0.629790
1.0000,0.9467,-0.8569,0.621236
1.0000,0.9467,-0.7961,0.605951
1.0000,0.9467,-0.7260,0.589340
1.0000,0.9467,-0.6474,0.561876
1.0000,0.9467,-0.5612,0.531322
1.0000,0.9467,-0.4684,0.496193
1.0000,0.9467,-0.3701,0.442198
1.0000,0.9467,-0.2675,0.376656
1.0000,0.9467,-0.1618,0.282546
1.0000,0.9467,-0.0541,0.139959
1.0000,0.9467,0.0541,0.034094
1.0000,0.9467,0.1618,0.030687
1.0000,0.9467,0.2675,0.027168
1.0000,0.9467,0.3701,0.020243
1.0000,0.9467,0.4684,0.016121
1.0000,0.9467,0.5612,0.011544
1.0000,0.9467,0.6474,0.008567
1.0000,0.9467,0.7260,0.005645
1.0000,0.9467,0.7961,0.002949
1.0000,0.9467,0.8569,0.001871
1.0000,0.9467,0.9076,0.001720
1.0000,0.9467,0.9477,0.002410
1.0000,0.9467,0.9766,0.006517
1.0000,0.9467,0.9941,0.015307
1.0000,0.9467,1.0000,0.030978
1.0000,1.0000,-1.0000,0.895842
1.0000,1.0000,-0.9941,0.891893
1.0000,1.0000,-0.9766,0.888812
1.0000,1.0000,-0.9477,0.886420
1.0000,1.0000,-0.9076,0.884490
1.0000,1.0000,-0.8569,0.882443
1.0000,1.0000,-0.7961,0.881419
1.0000,1.0000,-0.7260,0.881264
1.0000,1.0000,-0.6474,0.880539
1.0000,1.0000,-0.5612,0.880405
1.0000,1.0000,-0.4684,0.880278
1.0000,1.0000,-0.3701,0.881048
1.0000,1.0000,-0.2675,0.882195
1.0000,1.0000,-0.1618,0.882981
1.0000,1.0000,-0.0541,0.884748
1.0000,1.0000,0.0541,0.885969
1.0000,1.0000,0.1618,0.887307
1.0000,1.0000,0.2675,0.890165
1.0000,1.0000,0.3701,0.891807
1.0000,1.0000,0.4684,0.894657
1.0000,1.0000,0.5612,0.896597
1.0000,1.0000,0.6474,0.899063
1.0000,1.0000,0.7260,0.901999
1.0000,1.0000,0.7961,0.904931
1.0000,1.0000,0.8569,0.907890
1.0000,1.0000,0.9076,0.910916
1.0000,1.0000,0.9477,0.914937
1.0000,1.0000,0.9766,0.918486
1.0000,1.0000,0.9941,0.921881
1.0000,1.0000,1.0000,0.925270
