alpha,beta,rho,fitted_exponent
0.2000,0.2000,-1.0000,0.369777
0.2000,0.2000,-0.9941,0.388950
0.2000,0.2000,-0.9766,0.358770
0.2000,0.2000,-0.9477,0.346816
0.2000,0.2000,-0.9076,0.280178
0.2000,0.2000,-0.8569,0.291820
0.2000,0.2000,-0.7961,0.262748
0.2000,0.2000,-0.7260,0.255671
0.2000,0.2000,-0.6474,0.249445
0.2000,0.2000,-0.5612,0.243825
0.2000,0.2000,-0.4684,0.239477
0.2000,0.2000,-0.3701,0.235758
0.2000,0.2000,-0.2675,0.232315
0.2000,0.2000,-0.1618,0.229301
0.2000,0.2000,-0.0541,0.226694
0.2000,0.2000,0.0541,0.224955
0.2000,0.2000,0.1618,0.222932
0.2000,0.2000,0.2675,0.221775
0.2000,0.2000,0.3701,0.221476
0.2000,0.2000,0.4684,0.220337
0.2000,0.2000,0.5612,0.219912
0.2000,0.2000,0.6474,0.219870
0.2000,0.2000,0.7260,0.219833
0.2000,0.2000,0.7961,0.220623
0.2000,0.2000,0.8569,0.221266
0.2000,0.2000,0.9076,0.222224
0.2000,0.2000,0.9477,0.223460
0.2000,0.2000,0.9766,0.224634
0.2000,0.2000,0.9941,0.226570
0.2000,0.2000,1.0000,0.228627
0.2533,0.2000,-1.0000,0.989248
0.2533,0.2000,-0.9941,1.068245
0.2533,0.2000,-0.9766,1.123833
0.2533,0.2000,-0.9477,1.160936
0.2533,0.2000,-0.9076,1.206169
0.2533,0.2000,-0.8569,1.249632
0.2533,0.2000,-0.7961,1.303041
0.2533,0.2000,-0.7260,1.352212
0.2533,0.2000,-0.6474,1.415542
0.2533,0.2000,-0.5612,1.383412
0.2533,0.2000,-0.4684,1.279212
0.2533,0.2000,-0.3701,1.087206
0.2533,0.2000,-0.2675,0.700968
0.2533,0.2000,-0.1618,0.129717
0.2533,0.2000,-0.0541,0.127892
0.2533,0.2000,0.0541,0.126165
0.2533,0.2000,0.1618,0.124878
0.2533,0.2000,0.2675,0.123695
0.2533,0.2000,0.3701,0.122816
0.2533,0.2000,0.4684,0.122121
0.2533,0.2000,0.5612,0.121684
0.2533,0.2000,0.6474,0.121298
0.2533,0.2000,0.7260,0.121173
0.2533,0.2000,0.7961,0.121196
0.2533,0.2000,0.8569,0.121299
0.2533,0.2000,0.9076,0.121619
0.2533,0.2000,0.9477,0.122024
0.2533,0.2000,0.9766,0.122494
0.2533,0.2000,0.9941,0.123106
0.2533,0.2000,1.0000,0.123831
0.2533,0.2533,-1.0000,0.363171
0.2533,0.2533,-0.9941,0.361338
0.2533,0.2533,-0.9766,0.340968
0.2533,0.2533,-0.9477,0.326041
0.2533,0.2533,-0.9076,0.318659
0.2533,0.2533,-0.8569,0.311745
0.2533,0.2533,-0.7961,0.305878
0.2533,0.2533,-0.7260,0.300264
0.2533,0.2533,-0.6474,0.295328
0.2533,0.2533,-0.5612,0.291608
0.2533,0.2533,-0.4684,0.287732
0.2533,0.2533,-0.3701,0.284138
0.2533,0.2533,-0.2675,0.282034
0.2533,0.2533,-0.1618,0.279187
0.2533,0.2533,-0.0541,0.277236
0.2533,0.2533,0.0541,0.276158
0.2533,0.2533,0.1618,0.274895
0.2533,0.2533,0.2675,0.274064
0.2533,0.2533,0.3701,0.274099
0.2533,0.2533,0.4684,0.273941
0.2533,0.2533,0.5612,0.273750
0.2533,0.2533,0.6474,0.273831
0.2533,0.2533,0.7260,0.274709
0.2533,0.2533,0.7961,0.275391
0.2533,0.2533,0.8569,0.276441
0.2533,0.2533,0.9076,0.277676
0.2533,0.2533,0.9477,0.278947
0.2533,0.2533,0.9766,0.280230
0.2533,0.2533,0.9941,0.282413
0.2533,0.2533,1.0000,0.284599
0.3067,0.2000,-1.0000,0.727598
0.3067,0.2000,-0.9941,0.841069
0.3067,0.2000,-0.9766,0.884784
0.3067,0.2000,-0.9477,0.944289
0.3067,0.2000,-0.9076,0.987560
0.3067,0.2000,-0.8569,1.012252
0.3067,0.2000,-0.7961,1.033564
0.3067,0.2000,-0.7260,1.050816
0.3067,0.2000,-0.6474,1.060376
0.3067,0.2000,-0.5612,1.079871
0.3067,0.2000,-0.4684,1.087870
0.3067,0.2000,-0.3701,1.112250
0.3067,0.2000,-0.2675,1.152151
0.3067,0.2000,-0.1618,1.027348
0.3067,0.2000,-0.0541,0.493822
0.3067,0.2000,0.0541,0.027697
0.3067,0.2000,0.1618,0.027185
0.3067,0.2000,0.2675,0.026818
0.3067,0.2000,0.3701,0.026505
0.3067,0.2000,0.4684,0.026229
0.3067,0.2000,0.5612,0.025995
0.3067,0.2000,0.6474,0.025768
0.3067,0.2000,0.7260,0.025609
0.3067,0.2000,0.7961,0.025492
0.3067,0.2000,0.8569,0.025371
0.3067,0.2000,0.9076,0.025307
0.3067,0.2000,0.9477,0.025273
0.3067,0.2000,0.9766,0.025229
0.3067,0.2000,0.9941,0.025227
0.3067,0.2000,1.0000,0.025249
0.3067,0.2533,-1.0000,1.010924
0.3067,0.2533,-0.9941,1.055092
0.3067,0.2533,-0.9766,1.088458
0.3067,0.2533,-0.9477,1.112760
0.3067,0.2533,-0.9076,1.137100
0.3067,0.2533,-0.8569,1.154244
0.3067,0.2533,-0.7961,1.175202
0.3067,0.2533,-0.7260,1.209342
0.3067,0.2533,-0.6474,1.240370
0.3067,0.2533,-0.5612,1.290869
0.3067,0.2533,-0.4684,1.272552
0.3067,0.2533,-0.3701,1.230044
0.3067,0.2533,-0.2675,1.044152
0.3067,0.2533,-0.1618,0.709378
0.3067,0.2533,-0.0541,0.081376
0.3067,0.2533,0.0541,0.080698
0.3067,0.2533,0.1618,0.079984
0.3067,0.2533,0.2675,0.079519
0.3067,0.2533,0.3701,0.079041
0.3067,0.2533,0.4684,0.078680
0.3067,0.2533,0.5612,0.078453
0.3067,0.2533,0.6474,0.078406
0.3067,0.2533,0.7260,0.078372
0.3067,0.2533,0.7961,0.078427
0.3067,0.2533,0.8569,0.078588
0.3067,0.2533,0.9076,0.078717
0.3067,0.2533,0.9477,0.078941
0.3067,0.2533,0.9766,0.079279
0.3067,0.2533,0.9941,0.079659
0.3067,0.2533,1.0000,0.080118
0.3067,0.3067,-1.0000,0.389832
0.3067,0.3067,-0.9941,0.379096
0.3067,0.3067,-0.9766,0.372045
0.3067,0.3067,-0.9477,0.365537
0.3067,0.3067,-0.9076,0.360402
0.3067,0.3067,-0.8569,0.354983
0.3067,0.3067,-0.7961,0.350274
0.3067,0.3067,-0.7260,0.346650
0.3067,0.3067,-0.6474,0.342520
0.3067,0.3067,-0.5612,0.339662
0.3067,0.3067,-0.4684,0.336713
0.3067,0.3067,-0.3701,0.334549
0.3067,0.3067,-0.2675,0.332418
0.3067,0.3067,-0.1618,0.330639
0.3067,0.3067,-0.0541,0.329732
0.3067,0.3067,0.0541,0.328755
0.3067,0.3067,0.1618,0.327912
0.3067,0.3067,0.2675,0.327618
0.3067,0.3067,0.3701,0.327083
0.3067,0.3067,0.4684,0.327985
0.3067,0.3067,0.5612,0.328188
0.3067,0.3067,0.6474,0.328897
0.3067,0.3067,0.7260,0.329637
0.3067,0.3067,0.7961,0.330579
0.3067,0.3067,0.8569,0.331818
0.3067,0.3067,0.9076,0.333370
0.3067,0.3067,0.9477,0.334620
0.3067,0.3067,0.9766,0.336140
0.3067,0.3067,0.9941,0.337727
0.3067,0.3067,1.0000,0.340081
0.3600,0.2000,-1.0000,0.410442
0.3600,0.2000,-0.9941,0.448041
0.3600,0.2000,-0.9766,0.672639
0.3600,0.2000,-0.9477,0.737141
0.3600,0.2000,-0.9076,0.812363
0.3600,0.2000,-0.8569,0.867797
0.3600,0.2000,-0.7961,0.933033
0.3600,0.2000,-0.7260,0.947193
0.3600,0.2000,-0.6474,0.963624
0.3600,0.2000,-0.5612,0.970546
0.3600,0.2000,-0.4684,0.978934
0.3600,0.2000,-0.3701,0.977683
0.3600,0.2000,-0.2675,0.964523
0.3600,0.2000,-0.1618,0.936387
0.3600,0.2000,-0.0541,0.708778
0.3600,0.2000,0.0541,0.031029
0.3600,0.2000,0.1618,0.048505
0.3600,0.2000,0.2675,0.011562
0.3600,0.2000,0.3701,0.011353
0.3600,0.2000,0.4684,0.011128
0.3600,0.2000,0.5612,0.010768
0.3600,0.2000,0.6474,0.010595
0.3600,0.2000,0.7260,0.010361
0.3600,0.2000,0.7961,0.010686
0.3600,0.2000,0.8569,0.010192
0.3600,0.2000,0.9076,0.010042
0.3600,0.2000,0.9477,0.010170
0.3600,0.2000,0.9766,0.009973
0.3600,0.2000,0.9941,0.009902
0.3600,0.2000,1.0000,0.009763
0.3600,0.2533,-1.0000,0.746213
0.3600,0.2533,-0.9941,0.832466
0.3600,0.2533,-0.9766,0.908536
0.3600,0.2533,-0.9477,0.937348
0.3600,0.2533,-0.9076,0.959732
0.3600,0.2533,-0.8569,0.986475
0.3600,0.2533,-0.7961,0.993802
0.3600,0.2533,-0.7260,0.998584
0.3600,0.2533,-0.6474,1.004307
0.3600,0.2533,-0.5612,1.009859
0.3600,0.2533,-0.4684,1.008150
0.3600,0.2533,-0.3701,1.003164
0.3600,0.2533,-0.2675,0.999237
0.3600,0.2533,-0.1618,0.977022
0.3600,0.2533,-0.0541,0.590570
0.3600,0.2533,0.0541,0.012737
0.3600,0.2533,0.1618,0.012570
0.3600,0.2533,0.2675,0.012501
0.3600,0.2533,0.3701,0.012369
0.3600,0.2533,0.4684,0.012289
0.3600,0.2533,0.5612,0.012185
0.3600,0.2533,0.6474,0.012086
0.3600,0.2533,0.7260,0.012011
0.3600,0.2533,0.7961,0.011961
0.3600,0.2533,0.8569,0.011914
0.3600,0.2533,0.9076,0.011874
0.3600,0.2533,0.9477,0.011826
0.3600,0.2533,0.9766,0.011751
0.3600,0.2533,0.9941,0.011713
0.3600,0.2533,1.0000,0.011632
0.3600,0.3067,-1.0000,1.004083
0.3600,0.3067,-0.9941,1.016114
0.3600,0.3067,-0.9766,1.044151
0.3600,0.3067,-0.9477,1.052309
0.3600,0.3067,-0.9076,1.064988
0.3600,0.3067,-0.8569,1.070412
0.3600,0.3067,-0.7961,1.084056
0.3600,0.3067,-0.7260,1.094407
0.3600,0.3067,-0.6474,1.102725
0.3600,0.3067,-0.5612,1.117422
0.3600,0.3067,-0.4684,1.136477
0.3600,0.3067,-0.3701,1.144392
0.3600,0.3067,-0.2675,1.056960
0.3600,0.3067,-0.1618,0.850022
0.3600,0.3067,-0.0541,0.279657
0.3600,0.3067,0.0541,0.039612
0.3600,0.3067,0.1618,0.039397
0.3600,0.3067,0.2675,0.039177
0.3600,0.3067,0.3701,0.039050
0.3600,0.3067,0.4684,0.038931
0.3600,0.3067,0.5612,0.038882
0.3600,0.3067,0.6474,0.038841
0.3600,0.3067,0.7260,0.038846
0.3600,0.3067,0.7961,0.038865
0.3600,0.3067,0.8569,0.038931
0.3600,0.3067,0.9076,0.039014
0.3600,0.3067,0.9477,0.039127
0.3600,0.3067,0.9766,0.039256
0.3600,0.3067,0.9941,0.039423
0.3600,0.3067,1.0000,0.039604
0.3600,0.3600,-1.0000,0.430599
0.3600,0.3600,-0.9941,0.421171
0.3600,0.3600,-0.9766,0.415194
0.3600,0.3600,-0.9477,0.411507
0.3600,0.3600,-0.9076,0.406594
0.3600,0.3600,-0.8569,0.402275
0.3600,0.3600,-0.7961,0.398837
0.3600,0.3600,-0.7260,0.395623
0.3600,0.3600,-0.6474,0.392928
0.3600,0.3600,-0.5612,0.390843
0.3600,0.3600,-0.4684,0.388298
0.3600,0.3600,-0.3701,0.386567
0.3600,0.3600,-0.2675,0.385467
0.3600,0.3600,-0.1618,0.384438
0.3600,0.3600,-0.0541,0.383475
0.3600,0.3600,0.0541,0.383208
0.3600,0.3600,0.1618,0.382655
0.3600,0.3600,0.2675,0.382599
0.3600,0.3600,0.3701,0.383044
0.3600,0.3600,0.4684,0.383345
0.3600,0.3600,0.5612,0.383798
0.3600,0.3600,0.6474,0.384602
0.3600,0.3600,0.7260,0.385573
0.3600,0.3600,0.7961,0.386650
0.3600,0.3600,0.8569,0.387725
0.3600,0.3600,0.9076,0.389377
0.3600,0.3600,0.9477,0.391326
0.3600,0.3600,0.9766,0.392709
0.3600,0.3600,0.9941,0.394413
0.3600,0.3600,1.0000,0.396720
0.4133,0.2000,-1.0000,0.008491
0.4133,0.2000,-0.9941,0.008565
0.4133,0.2000,-0.9766,0.201694
0.4133,0.2000,-0.9477,0.244777
0.4133,0.2000,-0.9076,0.429636
0.4133,0.2000,-0.8569,0.588568
0.4133,0.2000,-0.7961,0.627002
0.4133,0.2000,-0.7260,0.751098
0.4133,0.2000,-0.6474,0.843071
0.4133,0.2000,-0.5612,0.893667
0.4133,0.2000,-0.4684,0.933921
0.4133,0.2000,-0.3701,0.934464
0.4133,0.2000,-0.2675,0.933392
0.4133,0.2000,-0.1618,0.893789
0.4133,0.2000,-0.0541,0.750137
0.4133,0.2000,0.0541,0.066113
0.4133,0.2000,0.1618,0.102248
0.4133,0.2000,0.2675,0.055044
0.4133,0.2000,0.3701,0.018904
0.4133,0.2000,0.4684,0.017075
0.4133,0.2000,0.5612,0.016873
0.4133,0.2000,0.6474,0.015996
0.4133,0.2000,0.7260,0.015984
0.4133,0.2000,0.7961,0.014696
0.4133,0.2000,0.8569,0.014092
0.4133,0.2000,0.9076,0.013316
0.4133,0.2000,0.9477,0.013132
0.4133,0.2000,0.9766,0.013266
0.4133,0.2000,0.9941,0.012597
0.4133,0.2000,1.0000,0.011663
0.4133,0.2533,-1.0000,0.240807
0.4133,0.2533,-0.9941,0.531098
0.4133,0.2533,-0.9766,0.667607
0.4133,0.2533,-0.9477,0.756552
0.4133,0.2533,-0.9076,0.774510
0.4133,0.2533,-0.8569,0.872180
0.4133,0.2533,-0.7961,0.902867
0.4133,0.2533,-0.7260,0.916769
0.4133,0.2533,-0.6474,0.941132
0.4133,0.2533,-0.5612,0.953790
0.4133,0.2533,-0.4684,0.951906
0.4133,0.2533,-0.3701,0.942986
0.4133,0.2533,-0.2675,0.929496
0.4133,0.2533,-0.1618,0.888843
0.4133,0.2533,-0.0541,0.705084
0.4133,0.2533,0.0541,0.024397
0.4133,0.2533,0.1618,0.011430
0.4133,0.2533,0.2675,0.041258
0.4133,0.2533,0.3701,0.010904
0.4133,0.2533,0.4684,0.010436
0.4133,0.2533,0.5612,0.010045
0.4133,0.2533,0.6474,0.010044
0.4133,0.2533,0.7260,0.009866
0.4133,0.2533,0.7961,0.009592
0.4133,0.2533,0.8569,0.009549
0.4133,0.2533,0.9076,0.009241
0.4133,0.2533,0.9477,0.009306
0.4133,0.2533,0.9766,0.009212
0.4133,0.2533,0.9941,0.008994
0.4133,0.2533,1.0000,0.008904
0.4133,0.3067,-1.0000,0.843520
0.4133,0.3067,-0.9941,0.882344
0.4133,0.3067,-0.9766,0.924266
0.4133,0.3067,-0.9477,0.932636
0.4133,0.3067,-0.9076,0.948085
0.4133,0.3067,-0.8569,0.966079
0.4133,0.3067,-0.7961,0.968884
0.4133,0.3067,-0.7260,0.974854
0.4133,0.3067,-0.6474,0.974693
0.4133,0.3067,-0.5612,0.970606
0.4133,0.3067,-0.4684,0.962503
0.4133,0.3067,-0.3701,0.953341
0.4133,0.3067,-0.2675,0.932974
0.4133,0.3067,-0.1618,0.888185
0.4133,0.3067,-0.0541,0.628231
0.4133,0.3067,0.0541,0.013365
0.4133,0.3067,0.1618,0.008171
0.4133,0.3067,0.2675,0.008166
0.4133,0.3067,0.3701,0.041452
0.4133,0.3067,0.4684,0.008136
0.4133,0.3067,0.5612,0.008057
0.4133,0.3067,0.6474,0.008008
0.4133,0.3067,0.7260,0.007964
0.4133,0.3067,0.7961,0.007857
0.4133,0.3067,0.8569,0.007834
0.4133,0.3067,0.9076,0.007764
0.4133,0.3067,0.9477,0.007743
0.4133,0.3067,0.9766,0.007652
0.4133,0.3067,0.9941,0.007652
0.4133,0.3067,1.0000,0.007584
0.4133,0.3600,-1.0000,0.984340
0.4133,0.3600,-0.9941,0.993099
0.4133,0.3600,-0.9766,0.998621
0.4133,0.3600,-0.9477,1.009201
0.4133,0.3600,-0.9076,1.012207
0.4133,0.3600,-0.8569,1.014320
0.4133,0.3600,-0.7961,1.016070
0.4133,0.3600,-0.7260,1.018515
0.4133,0.3600,-0.6474,1.017844
0.4133,0.3600,-0.5612,1.019596
0.4133,0.3600,-0.4684,1.016229
0.4133,0.3600,-0.3701,1.016069
0.4133,0.3600,-0.2675,1.004527
0.4133,0.3600,-0.1618,0.855599
0.4133,0.3600,-0.0541,0.402700
0.4133,0.3600,0.0541,0.016348
0.4133,0.3600,0.1618,0.016291
0.4133,0.3600,0.2675,0.016215
0.4133,0.3600,0.3701,0.016161
0.4133,0.3600,0.4684,0.016109
0.4133,0.3600,0.5612,0.016090
0.4133,0.3600,0.6474,0.016047
0.4133,0.3600,0.7260,0.016021
0.4133,0.3600,0.7961,0.016009
0.4133,0.3600,0.8569,0.016005
0.4133,0.3600,0.9076,0.016009
0.4133,0.3600,0.9477,0.016014
0.4133,0.3600,0.9766,0.016021
0.4133,0.3600,0.9941,0.016045
0.4133,0.3600,1.0000,0.016065
0.4133,0.4133,-1.0000,0.475167
0.4133,0.4133,-0.9941,0.470377
0.4133,0.4133,-0.9766,0.465859
0.4133,0.4133,-0.9477,0.461938
0.4133,0.4133,-0.9076,0.458072
0.4133,0.4133,-0.8569,0.454917
0.4133,0.4133,-0.7961,0.452068
0.4133,0.4133,-0.7260,0.449441
0.4133,0.4133,-0.6474,0.447526
0.4133,0.4133,-0.5612,0.445318
0.4133,0.4133,-0.4684,0.443769
0.4133,0.4133,-0.3701,0.442341
0.4133,0.4133,-0.2675,0.441756
0.4133,0.4133,-0.1618,0.441053
0.4133,0.4133,-0.0541,0.440408
0.4133,0.4133,0.0541,0.440219
0.4133,0.4133,0.1618,0.440254
0.4133,0.4133,0.2675,0.440328
0.4133,0.4133,0.3701,0.440771
0.4133,0.4133,0.4684,0.441550
0.4133,0.4133,0.5612,0.441805
0.4133,0.4133,0.6474,0.442903
0.4133,0.4133,0.7260,0.444045
0.4133,0.4133,0.7961,0.445215
0.4133,0.4133,0.8569,0.446682
0.4133,0.4133,0.9076,0.448570
0.4133,0.4133,0.9477,0.449887
0.4133,0.4133,0.9766,0.451581
0.4133,0.4133,0.9941,0.453478
0.4133,0.4133,1.0000,0.455721
0.4667,0.2000,-1.0000,0.011997
0.4667,0.2000,-0.9941,0.011691
0.4667,0.2000,-0.9766,0.011549
0.4667,0.2000,-0.9477,0.011716
0.4667,0.2000,-0.9076,0.014138
0.4667,0.2000,-0.8569,0.032106
0.4667,0.2000,-0.7961,0.119473
0.4667,0.2000,-0.7260,0.372118
0.4667,0.2000,-0.6474,0.379633
0.4667,0.2000,-0.5612,0.611812
0.4667,0.2000,-0.4684,0.711733
0.4667,0.2000,-0.3701,0.807623
0.4667,0.2000,-0.2675,0.863121
0.4667,0.2000,-0.1618,0.852054
0.4667,0.2000,-0.0541,0.756078
0.4667,0.2000,0.0541,0.183660
0.4667,0.2000,0.1618,0.219991
0.4667,0.2000,0.2675,0.107537
0.4667,0.2000,0.3701,0.071039
0.4667,0.2000,0.4684,0.098646
0.4667,0.2000,0.5612,0.029512
0.4667,0.2000,0.6474,0.029628
0.4667,0.2000,0.7260,0.028042
0.4667,0.2000,0.7961,0.027146
0.4667,0.2000,0.8569,0.025941
0.4667,0.2000,0.9076,0.023614
0.4667,0.2000,0.9477,0.022607
0.4667,0.2000,0.9766,0.021912
0.4667,0.2000,0.9941,0.023262
0.4667,0.2000,1.0000,0.020840
0.4667,0.2533,-1.0000,0.134518
0.4667,0.2533,-0.9941,0.008554
0.4667,0.2533,-0.9766,0.123098
0.4667,0.2533,-0.9477,0.356947
0.4667,0.2533,-0.9076,0.331916
0.4667,0.2533,-0.8569,0.544945
0.4667,0.2533,-0.7961,0.637560
0.4667,0.2533,-0.7260,0.760545
0.4667,0.2533,-0.6474,0.834459
0.4667,0.2533,-0.5612,0.907594
0.4667,0.2533,-0.4684,0.913657
0.4667,0.2533,-0.3701,0.920095
0.4667,0.2533,-0.2675,0.921222
0.4667,0.2533,-0.1618,0.882104
0.4667,0.2533,-0.0541,0.733659
0.4667,0.2533,0.0541,0.098917
0.4667,0.2533,0.1618,0.172867
0.4667,0.2533,0.2675,0.148830
0.4667,0.2533,0.3701,0.071476
0.4667,0.2533,0.4684,0.021528
0.4667,0.2533,0.5612,0.020478
0.4667,0.2533,0.6474,0.018696
0.4667,0.2533,0.7260,0.019778
0.4667,0.2533,0.7961,0.018844
0.4667,0.2533,0.8569,0.017758
0.4667,0.2533,0.9076,0.016917
0.4667,0.2533,0.9477,0.015718
0.4667,0.2533,0.9766,0.015737
0.4667,0.2533,0.9941,0.014323
0.4667,0.2533,1.0000,0.013312
0.4667,0.3067,-1.0000,0.433260
0.4667,0.3067,-0.9941,0.620455
0.4667,0.3067,-0.9766,0.671352
0.4667,0.3067,-0.9477,0.736125
0.4667,0.3067,-0.9076,0.867906
0.4667,0.3067,-0.8569,0.875156
0.4667,0.3067,-0.7961,0.916356
0.4667,0.3067,-0.7260,0.926419
0.4667,0.3067,-0.6474,0.941136
0.4667,0.3067,-0.5612,0.944608
0.4667,0.3067,-0.4684,0.940177
0.4667,0.3067,-0.3701,0.933892
0.4667,0.3067,-0.2675,0.912601
0.4667,0.3067,-0.1618,0.861799
0.4667,0.3067,-0.0541,0.687704
0.4667,0.3067,0.0541,0.025902
0.4667,0.3067,0.1618,0.031971
0.4667,0.3067,0.2675,0.071389
0.4667,0.3067,0.3701,0.011813
0.4667,0.3067,0.4684,0.063660
0.4667,0.3067,0.5612,0.010898
0.4667,0.3067,0.6474,0.010857
0.4667,0.3067,0.7260,0.010630
0.4667,0.3067,0.7961,0.009782
0.4667,0.3067,0.8569,0.010348
0.4667,0.3067,0.9076,0.009620
0.4667,0.3067,0.9477,0.009323
0.4667,0.3067,0.9766,0.009217
0.4667,0.3067,0.9941,0.008828
0.4667,0.3067,1.0000,0.008880
0.4667,0.3600,-1.0000,0.887989
0.4667,0.3600,-0.9941,0.914303
0.4667,0.3600,-0.9766,0.927366
0.4667,0.3600,-0.9477,0.946935
0.4667,0.3600,-0.9076,0.951459
0.4667,0.3600,-0.8569,0.960978
0.4667,0.3600,-0.7961,0.962921
0.4667,0.3600,-0.7260,0.961288
0.4667,0.3600,-0.6474,0.958227
0.4667,0.3600,-0.5612,0.951088
0.4667,0.3600,-0.4684,0.943305
0.4667,0.3600,-0.3701,0.928992
0.4667,0.3600,-0.2675,0.899736
0.4667,0.3600,-0.1618,0.843210
0.4667,0.3600,-0.0541,0.620771
0.4667,0.3600,0.0541,0.007560
0.4667,0.3600,0.1618,0.022418
0.4667,0.3600,0.2675,0.007491
0.4667,0.3600,0.3701,0.007481
0.4667,0.3600,0.4684,0.007429
0.4667,0.3600,0.5612,0.007343
0.4667,0.3600,0.6474,0.007276
0.4667,0.3600,0.7260,0.007183
0.4667,0.3600,0.7961,0.007139
0.4667,0.3600,0.8569,0.007082
0.4667,0.3600,0.9076,0.007043
0.4667,0.3600,0.9477,0.006949
0.4667,0.3600,0.9766,0.006870
0.4667,0.3600,0.9941,0.006879
0.4667,0.3600,1.0000,0.006837
0.4667,0.4133,-1.0000,0.969690
0.4667,0.4133,-0.9941,0.976232
0.4667,0.4133,-0.9766,0.978479
0.4667,0.4133,-0.9477,0.977345
0.4667,0.4133,-0.9076,0.978645
0.4667,0.4133,-0.8569,0.977709
0.4667,0.4133,-0.7961,0.976798
0.4667,0.4133,-0.7260,0.974153
0.4667,0.4133,-0.6474,0.968682
0.4667,0.4133,-0.5612,0.961013
0.4667,0.4133,-0.4684,0.951139
0.4667,0.4133,-0.3701,0.934778
0.4667,0.4133,-0.2675,0.908394
0.4667,0.4133,-0.1618,0.826875
0.4667,0.4133,-0.0541,0.452190
0.4667,0.4133,0.0541,0.007266
0.4667,0.4133,0.1618,0.007243
0.4667,0.4133,0.2675,0.007266
0.4667,0.4133,0.3701,0.007185
0.4667,0.4133,0.4684,0.007180
0.4667,0.4133,0.5612,0.007141
0.4667,0.4133,0.6474,0.007079
0.4667,0.4133,0.7260,0.007035
0.4667,0.4133,0.7961,0.006982
0.4667,0.4133,0.8569,0.006933
0.4667,0.4133,0.9076,0.006892
0.4667,0.4133,0.9477,0.006863
0.4667,0.4133,0.9766,0.006785
0.4667,0.4133,0.9941,0.006767
0.4667,0.4133,1.0000,0.006710
0.4667,0.4667,-1.0000,0.532626
0.4667,0.4667,-0.9941,0.528287
0.4667,0.4667,-0.9766,0.524729
0.4667,0.4667,-0.9477,0.520529
0.4667,0.4667,-0.9076,0.517039
0.4667,0.4667,-0.8569,0.514008
0.4667,0.4667,-0.7961,0.511604
0.4667,0.4667,-0.7260,0.509629
0.4667,0.4667,-0.6474,0.507850
0.4667,0.4667,-0.5612,0.505863
0.4667,0.4667,-0.4684,0.504594
0.4667,0.4667,-0.3701,0.503634
0.4667,0.4667,-0.2675,0.502608
0.4667,0.4667,-0.1618,0.502540
0.4667,0.4667,-0.0541,0.502167
0.4667,0.4667,0.0541,0.501916
0.4667,0.4667,0.1618,0.502048
0.4667,0.4667,0.2675,0.502449
0.4667,0.4667,0.3701,0.502591
0.4667,0.4667,0.4684,0.503561
0.4667,0.4667,0.5612,0.504313
0.4667,0.4667,0.6474,0.505267
0.4667,0.4667,0.7260,0.506581
0.4667,0.4667,0.7961,0.507907
0.4667,0.4667,0.8569,0.509472
0.4667,0.4667,0.9076,0.511193
0.4667,0.4667,0.9477,0.513419
0.4667,0.4667,0.9766,0.515175
0.4667,0.4667,0.9941,0.516760
0.4667,0.4667,1.0000,0.519178
0.5200,0.2000,-1.0000,0.019014
0.5200,0.2000,-0.9941,0.020458
0.5200,0.2000,-0.9766,0.019903
0.5200,0.2000,-0.9477,0.021112
0.5200,0.2000,-0.9076,0.021386
0.5200,0.2000,-0.8569,0.020475
0.5200,0.2000,-0.7961,0.020287
0.5200,0.2000,-0.7260,0.024885
0.5200,0.2000,-0.6474,0.083702
0.5200,0.2000,-0.5612,0.209709
0.5200,0.2000,-0.4684,0.198175
0.5200,0.2000,-0.3701,0.440214
0.5200,0.2000,-0.2675,0.643379
0.5200,0.2000,-0.1618,0.738195
0.5200,0.2000,-0.0541,0.700425
0.5200,0.2000,0.0541,0.408907
0.5200,0.2000,0.1618,0.326731
0.5200,0.2000,0.2675,0.185994
0.5200,0.2000,0.3701,0.153493
0.5200,0.2000,0.4684,0.111309
0.5200,0.2000,0.5612,0.081239
0.5200,0.2000,0.6474,0.036041
0.5200,0.2000,0.7260,0.034984
0.5200,0.2000,0.7961,0.034806
0.5200,0.2000,0.8569,0.033736
0.5200,0.2000,0.9076,0.033622
0.5200,0.2000,0.9477,0.033252
0.5200,0.2000,0.9766,0.031521
0.5200,0.2000,0.9941,0.030604
0.5200,0.2000,1.0000,0.029188
0.5200,0.2533,-1.0000,0.013687
0.5200,0.2533,-0.9941,0.013525
0.5200,0.2533,-0.9766,0.013284
0.5200,0.2533,-0.9477,0.014028
0.5200,0.2533,-0.9076,0.014192
0.5200,0.2533,-0.8569,0.128565
0.5200,0.2533,-0.7961,0.146034
0.5200,0.2533,-0.7260,0.176701
0.5200,0.2533,-0.6474,0.315773
0.5200,0.2533,-0.5612,0.469175
0.5200,0.2533,-0.4684,0.670779
0.5200,0.2533,-0.3701,0.789364
0.5200,0.2533,-0.2675,0.850572
0.5200,0.2533,-0.1618,0.851598
0.5200,0.2533,-0.0541,0.737498
0.5200,0.2533,0.0541,0.232156
0.5200,0.2533,0.1618,0.260632
0.5200,0.2533,0.2675,0.087859
0.5200,0.2533,0.3701,0.046901
0.5200,0.2533,0.4684,0.042304
0.5200,0.2533,0.5612,0.036300
0.5200,0.2533,0.6474,0.120924
0.5200,0.2533,0.7260,0.033525
0.5200,0.2533,0.7961,0.032391
0.5200,0.2533,0.8569,0.030248
0.5200,0.2533,0.9076,0.029110
0.5200,0.2533,0.9477,0.029278
0.5200,0.2533,0.9766,0.027182
0.5200,0.2533,0.9941,0.025217
0.5200,0.2533,1.0000,0.025022
0.5200,0.3067,-1.0000,0.008719
0.5200,0.3067,-0.9941,0.008728
0.5200,0.3067,-0.9766,0.272566
0.5200,0.3067,-0.9477,0.391029
0.5200,0.3067,-0.9076,0.342328
0.5200,0.3067,-0.8569,0.591824
0.5200,0.3067,-0.7961,0.701526
0.5200,0.3067,-0.7260,0.767830
0.5200,0.3067,-0.6474,0.844038
0.5200,0.3067,-0.5612,0.900521
0.5200,0.3067,-0.4684,0.918070
0.5200,0.3067,-0.3701,0.914227
0.5200,0.3067,-0.2675,0.897110
0.5200,0.3067,-0.1618,0.868528
0.5200,0.3067,-0.0541,0.710884
0.5200,0.3067,0.0541,0.089140
0.5200,0.3067,0.1618,0.129755
0.5200,0.3067,0.2675,0.124717
0.5200,0.3067,0.3701,0.026523
0.5200,0.3067,0.4684,0.024954
0.5200,0.3067,0.5612,0.094038
0.5200,0.3067,0.6474,0.023303
0.5200,0.3067,0.7260,0.020726
0.5200,0.3067,0.7961,0.020710
0.5200,0.3067,0.8569,0.020860
0.5200,0.3067,0.9076,0.017936
0.5200,0.3067,0.9477,0.017550
0.5200,0.3067,0.9766,0.017491
0.5200,0.3067,0.9941,0.016743
0.5200,0.3067,1.0000,0.015610
0.5200,0.3600,-1.0000,0.601302
0.5200,0.3600,-0.9941,0.668795
0.5200,0.3600,-0.9766,0.779017
0.5200,0.3600,-0.9477,0.815164
0.5200,0.3600,-0.9076,0.871022
0.5200,0.3600,-0.8569,0.903499
0.5200,0.3600,-0.7961,0.923769
0.5200,0.3600,-0.7260,0.930089
0.5200,0.3600,-0.6474,0.940836
0.5200,0.3600,-0.5612,0.938923
0.5200,0.3600,-0.4684,0.937817
0.5200,0.3600,-0.3701,0.925530
0.5200,0.3600,-0.2675,0.902226
0.5200,0.3600,-0.1618,0.847514
0.5200,0.3600,-0.0541,0.667256
0.5200,0.3600,0.0541,0.026662
0.5200,0.3600,0.1618,0.013061
0.5200,0.3600,0.2675,0.043903
0.5200,0.3600,0.3701,0.012404
0.5200,0.3600,0.4684,0.012215
0.5200,0.3600,0.5612,0.011853
0.5200,0.3600,0.6474,0.012103
0.5200,0.3600,0.7260,0.010961
0.5200,0.3600,0.7961,0.010389
0.5200,0.3600,0.8569,0.010903
0.5200,0.3600,0.9076,0.010181
0.5200,0.3600,0.9477,0.009926
0.5200,0.3600,0.9766,0.009770
0.5200,0.3600,0.9941,0.009634
0.5200,0.3600,1.0000,0.009232
0.5200,0.4133,-1.0000,0.920037
0.5200,0.4133,-0.9941,0.940953
0.5200,0.4133,-0.9766,0.945051
0.5200,0.4133,-0.9477,0.948950
0.5200,0.4133,-0.9076,0.957776
0.5200,0.4133,-0.8569,0.960020
0.5200,0.4133,-0.7961,0.957568
0.5200,0.4133,-0.7260,0.954118
0.5200,0.4133,-0.6474,0.948976
0.5200,0.4133,-0.5612,0.943235
0.5200,0.4133,-0.4684,0.932088
0.5200,0.4133,-0.3701,0.913779
0.5200,0.4133,-0.2675,0.882913
0.5200,0.4133,-0.1618,0.822136
0.5200,0.4133,-0.0541,0.618513
0.5200,0.4133,0.0541,0.007531
0.5200,0.4133,0.1618,0.007431
0.5200,0.4133,0.2675,0.007434
0.5200,0.4133,0.3701,0.007315
0.5200,0.4133,0.4684,0.007277
0.5200,0.4133,0.5612,0.007367
0.5200,0.4133,0.6474,0.007270
0.5200,0.4133,0.7260,0.007174
0.5200,0.4133,0.7961,0.007088
0.5200,0.4133,0.8569,0.007087
0.5200,0.4133,0.9076,0.006999
0.5200,0.4133,0.9477,0.006868
0.5200,0.4133,0.9766,0.006797
0.5200,0.4133,0.9941,0.006772
0.5200,0.4133,1.0000,0.006705
0.5200,0.4667,-1.0000,0.960365
0.5200,0.4667,-0.9941,0.961903
0.5200,0.4667,-0.9766,0.958777
0.5200,0.4667,-0.9477,0.960123
0.5200,0.4667,-0.9076,0.959095
0.5200,0.4667,-0.8569,0.956627
0.5200,0.4667,-0.7961,0.952959
0.5200,0.4667,-0.7260,0.947443
0.5200,0.4667,-0.6474,0.939259
0.5200,0.4667,-0.5612,0.929953
0.5200,0.4667,-0.4684,0.915623
0.5200,0.4667,-0.3701,0.892016
0.5200,0.4667,-0.2675,0.853040
0.5200,0.4667,-0.1618,0.779378
0.5200,0.4667,-0.0541,0.470509
0.5200,0.4667,0.0541,0.004877
0.5200,0.4667,0.1618,0.004849
0.5200,0.4667,0.2675,0.004851
0.5200,0.4667,0.3701,0.004828
0.5200,0.4667,0.4684,0.004774
0.5200,0.4667,0.5612,0.004726
0.5200,0.4667,0.6474,0.004690
0.5200,0.4667,0.7260,0.004640
0.5200,0.4667,0.7961,0.004572
0.5200,0.4667,0.8569,0.004490
0.5200,0.4667,0.9076,0.004435
0.5200,0.4667,0.9477,0.004373
0.5200,0.4667,0.9766,0.004290
0.5200,0.4667,0.9941,0.004199
0.5200,0.4667,1.0000,0.004117
0.5200,0.5200,-1.0000,0.602284
0.5200,0.5200,-0.9941,0.597336
0.5200,0.5200,-0.9766,0.593058
0.5200,0.5200,-0.9477,0.588876
0.5200,0.5200,-0.9076,0.585188
0.5200,0.5200,-0.8569,0.582835
0.5200,0.5200,-0.7961,0.579783
0.5200,0.5200,-0.7260,0.577782
0.5200,0.5200,-0.6474,0.575884
0.5200,0.5200,-0.5612,0.573946
0.5200,0.5200,-0.4684,0.572861
0.5200,0.5200,-0.3701,0.572188
0.5200,0.5200,-0.2675,0.571396
0.5200,0.5200,-0.1618,0.570883
0.5200,0.5200,-0.0541,0.570304
0.5200,0.5200,0.0541,0.570216
0.5200,0.5200,0.1618,0.570607
0.5200,0.5200,0.2675,0.571020
0.5200,0.5200,0.3701,0.571822
0.5200,0.5200,0.4684,0.572614
0.5200,0.5200,0.5612,0.573154
0.5200,0.5200,0.6474,0.574763
0.5200,0.5200,0.7260,0.575953
0.5200,0.5200,0.7961,0.577505
0.5200,0.5200,0.8569,0.579442
0.5200,0.5200,0.9076,0.581391
0.5200,0.5200,0.9477,0.584239
0.5200,0.5200,0.9766,0.586321
0.5200,0.5200,0.9941,0.587922
0.5200,0.5200,1.0000,0.591414
0.5733,0.2000,-1.0000,0.028774
0.5733,0.2000,-0.9941,0.029044
0.5733,0.2000,-0.9766,0.028756
0.5733,0.2000,-0.9477,0.028990
0.5733,0.2000,-0.9076,0.029192
0.5733,0.2000,-0.8569,0.030928
0.5733,0.2000,-0.7961,0.030891
0.5733,0.2000,-0.7260,0.033781
0.5733,0.2000,-0.6474,0.074291
0.5733,0.2000,-0.5612,0.052604
0.5733,0.2000,-0.4684,0.171786
0.5733,0.2000,-0.3701,0.275560
0.5733,0.2000,-0.2675,0.451679
0.5733,0.2000,-0.1618,0.652448
0.5733,0.2000,-0.0541,0.705071
0.5733,0.2000,0.0541,0.546334
0.5733,0.2000,0.1618,0.561733
0.5733,0.2000,0.2675,0.281518
0.5733,0.2000,0.3701,0.157635
0.5733,0.2000,0.4684,0.070715
0.5733,0.2000,0.5612,0.043589
0.5733,0.2000,0.6474,0.040492
0.5733,0.2000,0.7260,0.036914
0.5733,0.2000,0.7961,0.037191
0.5733,0.2000,0.8569,0.036148
0.5733,0.2000,0.9076,0.034866
0.5733,0.2000,0.9477,0.036505
0.5733,0.2000,0.9766,0.035855
0.5733,0.2000,0.9941,0.035951
0.5733,0.2000,1.0000,0.034181
0.5733,0.2533,-1.0000,0.023599
0.5733,0.2533,-0.9941,0.023428
0.5733,0.2533,-0.9766,0.024830
0.5733,0.2533,-0.9477,0.025721
0.5733,0.2533,-0.9076,0.024156
0.5733,0.2533,-0.8569,0.024969
0.5733,0.2533,-0.7961,0.025505
0.5733,0.2533,-0.7260,0.028470
0.5733,0.2533,-0.6474,0.070198
0.5733,0.2533,-0.5612,0.139962
0.5733,0.2533,-0.4684,0.192411
0.5733,0.2533,-0.3701,0.450843
0.5733,0.2533,-0.2675,0.612639
0.5733,0.2533,-0.1618,0.742973
0.5733,0.2533,-0.0541,0.695156
0.5733,0.2533,0.0541,0.420287
0.5733,0.2533,0.1618,0.412286
0.5733,0.2533,0.2675,0.236572
0.5733,0.2533,0.3701,0.079952
0.5733,0.2533,0.4684,0.123921
0.5733,0.2533,0.5612,0.046144
0.5733,0.2533,0.6474,0.043597
0.5733,0.2533,0.7260,0.043441
0.5733,0.2533,0.7961,0.041120
0.5733,0.2533,0.8569,0.040217
0.5733,0.2533,0.9076,0.038421
0.5733,0.2533,0.9477,0.038246
0.5733,0.2533,0.9766,0.037432
0.5733,0.2533,0.9941,0.035652
0.5733,0.2533,1.0000,0.034604
0.5733,0.3067,-1.0000,0.015952
0.5733,0.3067,-0.9941,0.015081
0.5733,0.3067,-0.9766,0.016256
0.5733,0.3067,-0.9477,0.014875
0.5733,0.3067,-0.9076,0.016333
0.5733,0.3067,-0.8569,0.018535
0.5733,0.3067,-0.7961,0.190890
0.5733,0.3067,-0.7260,0.274713
0.5733,0.3067,-0.6474,0.324959
0.5733,0.3067,-0.5612,0.572761
0.5733,0.3067,-0.4684,0.703322
0.5733,0.3067,-0.3701,0.778941
0.5733,0.3067,-0.2675,0.847574
0.5733,0.3067,-0.1618,0.851145
0.5733,0.3067,-0.0541,0.732036
0.5733,0.3067,0.0541,0.218358
0.5733,0.3067,0.1618,0.292323
0.5733,0.3067,0.2675,0.158945
0.5733,0.3067,0.3701,0.046855
0.5733,0.3067,0.4684,0.160174
0.5733,0.3067,0.5612,0.040474
0.5733,0.3067,0.6474,0.039077
0.5733,0.3067,0.7260,0.037170
0.5733,0.3067,0.7961,0.034763
0.5733,0.3067,0.8569,0.033544
0.5733,0.3067,0.9076,0.030033
0.5733,0.3067,0.9477,0.030905
0.5733,0.3067,0.9766,0.029238
0.5733,0.3067,0.9941,0.028543
0.5733,0.3067,1.0000,0.026959
0.5733,0.3600,-1.0000,0.223767
0.5733,0.3600,-0.9941,0.126401
0.5733,0.3600,-0.9766,0.317910
0.5733,0.3600,-0.9477,0.193401
0.5733,0.3600,-0.9076,0.365829
0.5733,0.3600,-0.8569,0.615051
0.5733,0.3600,-0.7961,0.748241
0.5733,0.3600,-0.7260,0.840833
0.5733,0.3600,-0.6474,0.860656
0.5733,0.3600,-0.5612,0.886175
0.5733,0.3600,-0.4684,0.919029
0.5733,0.3600,-0.3701,0.918485
0.5733,0.3600,-0.2675,0.902328
0.5733,0.3600,-0.1618,0.857895
0.5733,0.3600,-0.0541,0.690040
0.5733,0.3600,0.0541,0.089872
0.5733,0.3600,0.1618,0.126433
0.5733,0.3600,0.2675,0.174260
0.5733,0.3600,0.3701,0.072719
0.5733,0.3600,0.4684,0.083575
0.5733,0.3600,0.5612,0.024879
0.5733,0.3600,0.6474,0.022745
0.5733,0.3600,0.7260,0.023453
0.5733,0.3600,0.7961,0.022086
0.5733,0.3600,0.8569,0.020064
0.5733,0.3600,0.9076,0.020171
0.5733,0.3600,0.9477,0.019995
0.5733,0.3600,0.9766,0.019171
0.5733,0.3600,0.9941,0.017470
0.5733,0.3600,1.0000,0.017484
0.5733,0.4133,-1.0000,0.721854
0.5733,0.4133,-0.9941,0.802062
0.5733,0.4133,-0.9766,0.858643
0.5733,0.4133,-0.9477,0.897393
0.5733,0.4133,-0.9076,0.909701
0.5733,0.4133,-0.8569,0.920200
0.5733,0.4133,-0.7961,0.935279
0.5733,0.4133,-0.7260,0.944182
0.5733,0.4133,-0.6474,0.945951
0.5733,0.4133,-0.5612,0.943134
0.5733,0.4133,-0.4684,0.938253
0.5733,0.4133,-0.3701,0.922992
0.5733,0.4133,-0.2675,0.894309
0.5733,0.4133,-0.1618,0.837335
0.5733,0.4133,-0.0541,0.648532
0.5733,0.4133,0.0541,0.045426
0.5733,0.4133,0.1618,0.014871
0.5733,0.4133,0.2675,0.012735
0.5733,0.4133,0.3701,0.012886
0.5733,0.4133,0.4684,0.012689
0.5733,0.4133,0.5612,0.011976
0.5733,0.4133,0.6474,0.011873
0.5733,0.4133,0.7260,0.011836
0.5733,0.4133,0.7961,0.010834
0.5733,0.4133,0.8569,0.011381
0.5733,0.4133,0.9076,0.010950
0.5733,0.4133,0.9477,0.010837
0.5733,0.4133,0.9766,0.009733
0.5733,0.4133,0.9941,0.009337
0.5733,0.4133,1.0000,0.009348
0.5733,0.4667,-1.0000,0.945958
0.5733,0.4667,-0.9941,0.951070
0.5733,0.4667,-0.9766,0.957274
0.5733,0.4667,-0.9477,0.959207
0.5733,0.4667,-0.9076,0.957438
0.5733,0.4667,-0.8569,0.957348
0.5733,0.4667,-0.7961,0.957025
0.5733,0.4667,-0.7260,0.951453
0.5733,0.4667,-0.6474,0.945745
0.5733,0.4667,-0.5612,0.935427
0.5733,0.4667,-0.4684,0.924663
0.5733,0.4667,-0.3701,0.905167
0.5733,0.4667,-0.2675,0.873811
0.5733,0.4667,-0.1618,0.809475
0.5733,0.4667,-0.0541,0.606861
0.5733,0.4667,0.0541,0.007475
0.5733,0.4667,0.1618,0.007375
0.5733,0.4667,0.2675,0.007382
0.5733,0.4667,0.3701,0.007384
0.5733,0.4667,0.4684,0.007288
0.5733,0.4667,0.5612,0.007337
0.5733,0.4667,0.6474,0.007319
0.5733,0.4667,0.7260,0.007219
0.5733,0.4667,0.7961,0.007157
0.5733,0.4667,0.8569,0.007024
0.5733,0.4667,0.9076,0.007004
0.5733,0.4667,0.9477,0.006919
0.5733,0.4667,0.9766,0.006788
0.5733,0.4667,0.9941,0.006744
0.5733,0.4667,1.0000,0.006639
0.5733,0.5200,-1.0000,0.949410
0.5733,0.5200,-0.9941,0.948800
0.5733,0.5200,-0.9766,0.949114
0.5733,0.5200,-0.9477,0.947516
0.5733,0.5200,-0.9076,0.945373
0.5733,0.5200,-0.8569,0.941673
0.5733,0.5200,-0.7961,0.936247
0.5733,0.5200,-0.7260,0.928476
0.5733,0.5200,-0.6474,0.921838
0.5733,0.5200,-0.5612,0.907700
0.5733,0.5200,-0.4684,0.891774
0.5733,0.5200,-0.3701,0.862881
0.5733,0.5200,-0.2675,0.821328
0.5733,0.5200,-0.1618,0.738848
0.5733,0.5200,-0.0541,0.464510
0.5733,0.5200,0.0541,0.004426
0.5733,0.5200,0.1618,0.004357
0.5733,0.5200,0.2675,0.004334
0.5733,0.5200,0.3701,0.004292
0.5733,0.5200,0.4684,0.004254
0.5733,0.5200,0.5612,0.004194
0.5733,0.5200,0.6474,0.004147
0.5733,0.5200,0.7260,0.004065
0.5733,0.5200,0.7961,0.004039
0.5733,0.5200,0.8569,0.003958
0.5733,0.5200,0.9076,0.003848
0.5733,0.5200,0.9477,0.003785
0.5733,0.5200,0.9766,0.003697
0.5733,0.5200,0.9941,0.003603
0.5733,0.5200,1.0000,0.003499
0.5733,0.5733,-1.0000,0.685463
0.5733,0.5733,-0.9941,0.678908
0.5733,0.5733,-0.9766,0.674804
0.5733,0.5733,-0.9477,0.669971
0.5733,0.5733,-0.9076,0.665982
0.5733,0.5733,-0.8569,0.662445
0.5733,0.5733,-0.7961,0.659601
0.5733,0.5733,-0.7260,0.657025
0.5733,0.5733,-0.6474,0.654541
0.5733,0.5733,-0.5612,0.653074
0.5733,0.5733,-0.4684,0.650879
0.5733,0.5733,-0.3701,0.650572
0.5733,0.5733,-0.2675,0.649590
0.5733,0.5733,-0.1618,0.649324
0.5733,0.5733,-0.0541,0.648524
0.5733,0.5733,0.0541,0.648766
0.5733,0.5733,0.1618,0.649131
0.5733,0.5733,0.2675,0.648917
0.5733,0.5733,0.3701,0.650461
0.5733,0.5733,0.4684,0.651642
0.5733,0.5733,0.5612,0.652251
0.5733,0.5733,0.6474,0.653834
0.5733,0.5733,0.7260,0.655375
0.5733,0.5733,0.7961,0.657087
0.5733,0.5733,0.8569,0.659743
0.5733,0.5733,0.9076,0.662257
0.5733,0.5733,0.9477,0.666400
0.5733,0.5733,0.9766,0.668299
0.5733,0.5733,0.9941,0.672695
0.5733,0.5733,1.0000,0.676479
0.6267,0.2000,-1.0000,0.034154
0.6267,0.2000,-0.9941,0.034981
0.6267,0.2000,-0.9766,0.034744
0.6267,0.2000,-0.9477,0.033720
0.6267,0.2000,-0.9076,0.036204
0.6267,0.2000,-0.8569,0.036639
0.6267,0.2000,-0.7961,0.040090
0.6267,0.2000,-0.7260,0.046784
0.6267,0.2000,-0.6474,0.058799
0.6267,0.2000,-0.5612,0.092232
0.6267,0.2000,-0.4684,0.136565
0.6267,0.2000,-0.3701,0.281378
0.6267,0.2000,-0.2675,0.518370
0.6267,0.2000,-0.1618,0.660971
0.6267,0.2000,-0.0541,0.712613
0.6267,0.2000,0.0541,0.659851
0.6267,0.2000,0.1618,0.600182
0.6267,0.2000,0.2675,0.420822
0.6267,0.2000,0.3701,0.214683
0.6267,0.2000,0.4684,0.107112
0.6267,0.2000,0.5612,0.060089
0.6267,0.2000,0.6474,0.049400
0.6267,0.2000,0.7260,0.040175
0.6267,0.2000,0.7961,0.039006
0.6267,0.2000,0.8569,0.037654
0.6267,0.2000,0.9076,0.037882
0.6267,0.2000,0.9477,0.037900
0.6267,0.2000,0.9766,0.036670
0.6267,0.2000,0.9941,0.036920
0.6267,0.2000,1.0000,0.037338
0.6267,0.2533,-1.0000,0.030752
0.6267,0.2533,-0.9941,0.031558
0.6267,0.2533,-0.9766,0.031443
0.6267,0.2533,-0.9477,0.032471
0.6267,0.2533,-0.9076,0.031147
0.6267,0.2533,-0.8569,0.032653
0.6267,0.2533,-0.7961,0.032771
0.6267,0.2533,-0.7260,0.035082
0.6267,0.2533,-0.6474,0.043077
0.6267,0.2533,-0.5612,0.050871
0.6267,0.2533,-0.4684,0.174058
0.6267,0.2533,-0.3701,0.324511
0.6267,0.2533,-0.2675,0.536784
0.6267,0.2533,-0.1618,0.632226
0.6267,0.2533,-0.0541,0.685371
0.6267,0.2533,0.0541,0.570598
0.6267,0.2533,0.1618,0.603522
0.6267,0.2533,0.2675,0.340275
0.6267,0.2533,0.3701,0.192315
0.6267,0.2533,0.4684,0.072918
0.6267,0.2533,0.5612,0.049071
0.6267,0.2533,0.6474,0.044527
0.6267,0.2533,0.7260,0.043474
0.6267,0.2533,0.7961,0.042624
0.6267,0.2533,0.8569,0.042457
0.6267,0.2533,0.9076,0.041114
0.6267,0.2533,0.9477,0.039149
0.6267,0.2533,0.9766,0.042027
0.6267,0.2533,0.9941,0.040102
0.6267,0.2533,1.0000,0.039868
0.6267,0.3067,-1.0000,0.028703
0.6267,0.3067,-0.9941,0.026835
0.6267,0.3067,-0.9766,0.026567
0.6267,0.3067,-0.9477,0.028068
0.6267,0.3067,-0.9076,0.027805
0.6267,0.3067,-0.8569,0.029239
0.6267,0.3067,-0.7961,0.029181
0.6267,0.3067,-0.7260,0.029281
0.6267,0.3067,-0.6474,0.034665
0.6267,0.3067,-0.5612,0.099136
0.6267,0.3067,-0.4684,0.186548
0.6267,0.3067,-0.3701,0.359671
0.6267,0.3067,-0.2675,0.573940
0.6267,0.3067,-0.1618,0.718652
0.6267,0.3067,-0.0541,0.722357
0.6267,0.3067,0.0541,0.381607
0.6267,0.3067,0.1618,0.307040
0.6267,0.3067,0.2675,0.166295
0.6267,0.3067,0.3701,0.089705
0.6267,0.3067,0.4684,0.075049
0.6267,0.3067,0.5612,0.054672
0.6267,0.3067,0.6474,0.050499
0.6267,0.3067,0.7260,0.047718
0.6267,0.3067,0.7961,0.046004
0.6267,0.3067,0.8569,0.044020
0.6267,0.3067,0.9076,0.042662
0.6267,0.3067,0.9477,0.042566
0.6267,0.3067,0.9766,0.041232
0.6267,0.3067,0.9941,0.038992
0.6267,0.3067,1.0000,0.035999
0.6267,0.3600,-1.0000,0.016551
0.6267,0.3600,-0.9941,0.017036
0.6267,0.3600,-0.9766,0.016495
0.6267,0.3600,-0.9477,0.016128
0.6267,0.3600,-0.9076,0.016429
0.6267,0.3600,-0.8569,0.018045
0.6267,0.3600,-0.7961,0.113443
0.6267,0.3600,-0.7260,0.105640
0.6267,0.3600,-0.6474,0.382156
0.6267,0.3600,-0.5612,0.632718
0.6267,0.3600,-0.4684,0.763796
0.6267,0.3600,-0.3701,0.790659
0.6267,0.3600,-0.2675,0.839579
0.6267,0.3600,-0.1618,0.848377
0.6267,0.3600,-0.0541,0.723055
0.6267,0.3600,0.0541,0.247449
0.6267,0.3600,0.1618,0.229329
0.6267,0.3600,0.2675,0.184859
0.6267,0.3600,0.3701,0.181601
0.6267,0.3600,0.4684,0.042289
0.6267,0.3600,0.5612,0.038129
0.6267,0.3600,0.6474,0.037866
0.6267,0.3600,0.7260,0.037083
0.6267,0.3600,0.7961,0.035060
0.6267,0.3600,0.8569,0.030888
0.6267,0.3600,0.9076,0.029720
0.6267,0.3600,0.9477,0.029872
0.6267,0.3600,0.9766,0.029378
0.6267,0.3600,0.9941,0.029150
0.6267,0.3600,1.0000,0.028597
0.6267,0.4133,-1.0000,0.128975
0.6267,0.4133,-0.9941,0.205827
0.6267,0.4133,-0.9766,0.359500
0.6267,0.4133,-0.9477,0.473537
0.6267,0.4133,-0.9076,0.623948
0.6267,0.4133,-0.8569,0.744505
0.6267,0.4133,-0.7961,0.806657
0.6267,0.4133,-0.7260,0.860898
0.6267,0.4133,-0.6474,0.893739
0.6267,0.4133,-0.5612,0.919089
0.6267,0.4133,-0.4684,0.925739
0.6267,0.4133,-0.3701,0.916618
0.6267,0.4133,-0.2675,0.897202
0.6267,0.4133,-0.1618,0.853022
0.6267,0.4133,-0.0541,0.680206
0.6267,0.4133,0.0541,0.099183
0.6267,0.4133,0.1618,0.107786
0.6267,0.4133,0.2675,0.121850
0.6267,0.4133,0.3701,0.150047
0.6267,0.4133,0.4684,0.024402
0.6267,0.4133,0.5612,0.093460
0.6267,0.4133,0.6474,0.023319
0.6267,0.4133,0.7260,0.022692
0.6267,0.4133,0.7961,0.021906
0.6267,0.4133,0.8569,0.019959
0.6267,0.4133,0.9076,0.019187
0.6267,0.4133,0.9477,0.019316
0.6267,0.4133,0.9766,0.018478
0.6267,0.4133,0.9941,0.017715
0.6267,0.4133,1.0000,0.017632
0.6267,0.4667,-1.0000,0.884352
0.6267,0.4667,-0.9941,0.902807
0.6267,0.4667,-0.9766,0.916399
0.6267,0.4667,-0.9477,0.922226
0.6267,0.4667,-0.9076,0.937373
0.6267,0.4667,-0.8569,0.943889
0.6267,0.4667,-0.7961,0.949446
0.6267,0.4667,-0.7260,0.948853
0.6267,0.4667,-0.6474,0.948887
0.6267,0.4667,-0.5612,0.942722
0.6267,0.4667,-0.4684,0.931845
0.6267,0.4667,-0.3701,0.915236
0.6267,0.4667,-0.2675,0.889301
0.6267,0.4667,-0.1618,0.828549
0.6267,0.4667,-0.0541,0.641482
0.6267,0.4667,0.0541,0.020463
0.6267,0.4667,0.1618,0.050417
0.6267,0.4667,0.2675,0.043678
0.6267,0.4667,0.3701,0.055891
0.6267,0.4667,0.4684,0.066276
0.6267,0.4667,0.5612,0.012675
0.6267,0.4667,0.6474,0.012560
0.6267,0.4667,0.7260,0.011975
0.6267,0.4667,0.7961,0.011652
0.6267,0.4667,0.8569,0.011441
0.6267,0.4667,0.9076,0.010839
0.6267,0.4667,0.9477,0.010427
0.6267,0.4667,0.9766,0.010343
0.6267,0.4667,0.9941,0.009837
0.6267,0.4667,1.0000,0.009678
0.6267,0.5200,-1.0000,0.956835
0.6267,0.5200,-0.9941,0.959853
0.6267,0.5200,-0.9766,0.960949
0.6267,0.5200,-0.9477,0.960741
0.6267,0.5200,-0.9076,0.960961
0.6267,0.5200,-0.8569,0.957338
0.6267,0.5200,-0.7961,0.953896
0.6267,0.5200,-0.7260,0.948684
0.6267,0.5200,-0.6474,0.941820
0.6267,0.5200,-0.5612,0.933216
0.6267,0.5200,-0.4684,0.920354
0.6267,0.5200,-0.3701,0.900572
0.6267,0.5200,-0.2675,0.867315
0.6267,0.5200,-0.1618,0.801104
0.6267,0.5200,-0.0541,0.596402
0.6267,0.5200,0.0541,0.007481
0.6267,0.5200,0.1618,0.007386
0.6267,0.5200,0.2675,0.007622
0.6267,0.5200,0.3701,0.007433
0.6267,0.5200,0.4684,0.007426
0.6267,0.5200,0.5612,0.007416
0.6267,0.5200,0.6474,0.007267
0.6267,0.5200,0.7260,0.007207
0.6267,0.5200,0.7961,0.007080
0.6267,0.5200,0.8569,0.007002
0.6267,0.5200,0.9076,0.006896
0.6267,0.5200,0.9477,0.006837
0.6267,0.5200,0.9766,0.006728
0.6267,0.5200,0.9941,0.006654
0.6267,0.5200,1.0000,0.006546
0.6267,0.5733,-1.0000,0.940292
0.6267,0.5733,-0.9941,0.940375
0.6267,0.5733,-0.9766,0.939903
0.6267,0.5733,-0.9477,0.936574
0.6267,0.5733,-0.9076,0.934907
0.6267,0.5733,-0.8569,0.929560
0.6267,0.5733,-0.7961,0.923314
0.6267,0.5733,-0.7260,0.915188
0.6267,0.5733,-0.6474,0.905759
0.6267,0.5733,-0.5612,0.891173
0.6267,0.5733,-0.4684,0.871055
0.6267,0.5733,-0.3701,0.840075
0.6267,0.5733,-0.2675,0.794366
0.6267,0.5733,-0.1618,0.705093
0.6267,0.5733,-0.0541,0.449854
0.6267,0.5733,0.0541,0.004079
0.6267,0.5733,0.1618,0.004025
0.6267,0.5733,0.2675,0.004025
0.6267,0.5733,0.3701,0.003993
0.6267,0.5733,0.4684,0.003946
0.6267,0.5733,0.5612,0.003883
0.6267,0.5733,0.6474,0.003820
0.6267,0.5733,0.7260,0.003770
0.6267,0.5733,0.7961,0.003702
0.6267,0.5733,0.8569,0.003593
0.6267,0.5733,0.9076,0.003551
0.6267,0.5733,0.9477,0.003461
0.6267,0.5733,0.9766,0.003343
0.6267,0.5733,0.9941,0.003246
0.6267,0.5733,1.0000,0.003131
0.6267,0.6267,-1.0000,0.782954
0.6267,0.6267,-0.9941,0.777188
0.6267,0.6267,-0.9766,0.769309
0.6267,0.6267,-0.9477,0.765628
0.6267,0.6267,-0.9076,0.760367
0.6267,0.6267,-0.8569,0.757133
0.6267,0.6267,-0.7961,0.752709
0.6267,0.6267,-0.7260,0.750561
0.6267,0.6267,-0.6474,0.747800
0.6267,0.6267,-0.5612,0.746078
0.6267,0.6267,-0.4684,0.743733
0.6267,0.6267,-0.3701,0.742849
0.6267,0.6267,-0.2675,0.741043
0.6267,0.6267,-0.1618,0.739788
0.6267,0.6267,-0.0541,0.738857
0.6267,0.6267,0.0541,0.739971
0.6267,0.6267,0.1618,0.740659
0.6267,0.6267,0.2675,0.741682
0.6267,0.6267,0.3701,0.742004
0.6267,0.6267,0.4684,0.742637
0.6267,0.6267,0.5612,0.744599
0.6267,0.6267,0.6474,0.746759
0.6267,0.6267,0.7260,0.749224
0.6267,0.6267,0.7961,0.751473
0.6267,0.6267,0.8569,0.755318
0.6267,0.6267,0.9076,0.759649
0.6267,0.6267,0.9477,0.762322
0.6267,0.6267,0.9766,0.766821
0.6267,0.6267,0.9941,0.771372
0.6267,0.6267,1.0000,0.776748
0.6800,0.2000,-1.0000,0.035872
0.6800,0.2000,-0.9941,0.036564
0.6800,0.2000,-0.9766,0.038278
0.6800,0.2000,-0.9477,0.037467
0.6800,0.2000,-0.9076,0.038966
0.6800,0.2000,-0.8569,0.039457
0.6800,0.2000,-0.7961,0.043986
0.6800,0.2000,-0.7260,0.049064
0.6800,0.2000,-0.6474,0.061201
0.6800,0.2000,-0.5612,0.103893
0.6800,0.2000,-0.4684,0.177448
0.6800,0.2000,-0.3701,0.301256
0.6800,0.2000,-0.2675,0.474779
0.6800,0.2000,-0.1618,0.650435
0.6800,0.2000,-0.0541,0.741543
0.6800,0.2000,0.0541,0.715938
0.6800,0.2000,0.1618,0.669508
0.6800,0.2000,0.2675,0.533153
0.6800,0.2000,0.3701,0.198321
0.6800,0.2000,0.4684,0.138233
0.6800,0.2000,0.5612,0.065841
0.6800,0.2000,0.6474,0.052648
0.6800,0.2000,0.7260,0.041884
0.6800,0.2000,0.7961,0.040708
0.6800,0.2000,0.8569,0.040888
0.6800,0.2000,0.9076,0.039622
0.6800,0.2000,0.9477,0.038627
0.6800,0.2000,0.9766,0.038487
0.6800,0.2000,0.9941,0.038755
0.6800,0.2000,1.0000,0.037388
0.6800,0.2533,-1.0000,0.035456
0.6800,0.2533,-0.9941,0.035703
0.6800,0.2533,-0.9766,0.035891
0.6800,0.2533,-0.9477,0.035368
0.6800,0.2533,-0.9076,0.036796
0.6800,0.2533,-0.8569,0.036795
0.6800,0.2533,-0.7961,0.040388
0.6800,0.2533,-0.7260,0.039455
0.6800,0.2533,-0.6474,0.063844
0.6800,0.2533,-0.5612,0.073093
0.6800,0.2533,-0.4684,0.150613
0.6800,0.2533,-0.3701,0.358362
0.6800,0.2533,-0.2675,0.465046
0.6800,0.2533,-0.1618,0.640375
0.6800,0.2533,-0.0541,0.709630
0.6800,0.2533,0.0541,0.630455
0.6800,0.2533,0.1618,0.640926
0.6800,0.2533,0.2675,0.415088
0.6800,0.2533,0.3701,0.198767
0.6800,0.2533,0.4684,0.107947
0.6800,0.2533,0.5612,0.058501
0.6800,0.2533,0.6474,0.043855
0.6800,0.2533,0.7260,0.040790
0.6800,0.2533,0.7961,0.041285
0.6800,0.2533,0.8569,0.040980
0.6800,0.2533,0.9076,0.040902
0.6800,0.2533,0.9477,0.039091
0.6800,0.2533,0.9766,0.040003
0.6800,0.2533,0.9941,0.039085
0.6800,0.2533,1.0000,0.037772
0.6800,0.3067,-1.0000,0.035470
0.6800,0.3067,-0.9941,0.035605
0.6800,0.3067,-0.9766,0.034074
0.6800,0.3067,-0.9477,0.035294
0.6800,0.3067,-0.9076,0.036231
0.6800,0.3067,-0.8569,0.038591
0.6800,0.3067,-0.7961,0.037668
0.6800,0.3067,-0.7260,0.039477
0.6800,0.3067,-0.6474,0.047451
0.6800,0.3067,-0.5612,0.087570
0.6800,0.3067,-0.4684,0.202227
0.6800,0.3067,-0.3701,0.194599
0.6800,0.3067,-0.2675,0.489049
0.6800,0.3067,-0.1618,0.648081
0.6800,0.3067,-0.0541,0.690056
0.6800,0.3067,0.0541,0.570262
0.6800,0.3067,0.1618,0.500863
0.6800,0.3067,0.2675,0.344986
0.6800,0.3067,0.3701,0.136952
0.6800,0.3067,0.4684,0.103254
0.6800,0.3067,0.5612,0.058885
0.6800,0.3067,0.6474,0.055093
0.6800,0.3067,0.7260,0.051007
0.6800,0.3067,0.7961,0.049847
0.6800,0.3067,0.8569,0.049957
0.6800,0.3067,0.9076,0.048240
0.6800,0.3067,0.9477,0.045751
0.6800,0.3067,0.9766,0.046126
0.6800,0.3067,0.9941,0.044465
0.6800,0.3067,1.0000,0.043535
0.6800,0.3600,-1.0000,0.027842
0.6800,0.3600,-0.9941,0.029156
0.6800,0.3600,-0.9766,0.029006
0.6800,0.3600,-0.9477,0.030586
0.6800,0.3600,-0.9076,0.029921
0.6800,0.3600,-0.8569,0.030024
0.6800,0.3600,-0.7961,0.031464
0.6800,0.3600,-0.7260,0.133767
0.6800,0.3600,-0.6474,0.122100
0.6800,0.3600,-0.5612,0.220620
0.6800,0.3600,-0.4684,0.333885
0.6800,0.3600,-0.3701,0.490713
0.6800,0.3600,-0.2675,0.644733
0.6800,0.3600,-0.1618,0.746666
0.6800,0.3600,-0.0541,0.728131
0.6800,0.3600,0.0541,0.413315
0.6800,0.3600,0.1618,0.380903
0.6800,0.3600,0.2675,0.239715
0.6800,0.3600,0.3701,0.127510
0.6800,0.3600,0.4684,0.060741
0.6800,0.3600,0.5612,0.055350
0.6800,0.3600,0.6474,0.051840
0.6800,0.3600,0.7260,0.048478
0.6800,0.3600,0.7961,0.046753
0.6800,0.3600,0.8569,0.045012
0.6800,0.3600,0.9076,0.041877
0.6800,0.3600,0.9477,0.040445
0.6800,0.3600,0.9766,0.040515
0.6800,0.3600,0.9941,0.038673
0.6800,0.3600,1.0000,0.035944
0.6800,0.4133,-1.0000,0.016483
0.6800,0.4133,-0.9941,0.016298
0.6800,0.4133,-0.9766,0.016762
0.6800,0.4133,-0.9477,0.016567
0.6800,0.4133,-0.9076,0.132258
0.6800,0.4133,-0.8569,0.120307
0.6800,0.4133,-0.7961,0.244582
0.6800,0.4133,-0.7260,0.476423
0.6800,0.4133,-0.6474,0.590395
0.6800,0.4133,-0.5612,0.710847
0.6800,0.4133,-0.4684,0.783944
0.6800,0.4133,-0.3701,0.853884
0.6800,0.4133,-0.2675,0.855961
0.6800,0.4133,-0.1618,0.855863
0.6800,0.4133,-0.0541,0.716529
0.6800,0.4133,0.0541,0.228401
0.6800,0.4133,0.1618,0.217027
0.6800,0.4133,0.2675,0.180607
0.6800,0.4133,0.3701,0.094084
0.6800,0.4133,0.4684,0.059663
0.6800,0.4133,0.5612,0.037145
0.6800,0.4133,0.6474,0.034691
0.6800,0.4133,0.7260,0.033738
0.6800,0.4133,0.7961,0.032410
0.6800,0.4133,0.8569,0.031018
0.6800,0.4133,0.9076,0.031568
0.6800,0.4133,0.9477,0.028754
0.6800,0.4133,0.9766,0.027729
0.6800,0.4133,0.9941,0.028897
0.6800,0.4133,1.0000,0.028413
0.6800,0.4667,-1.0000,0.414746
0.6800,0.4667,-0.9941,0.535472
0.6800,0.4667,-0.9766,0.611363
0.6800,0.4667,-0.9477,0.684881
0.6800,0.4667,-0.9076,0.783137
0.6800,0.4667,-0.8569,0.842312
0.6800,0.4667,-0.7961,0.862161
0.6800,0.4667,-0.7260,0.904072
0.6800,0.4667,-0.6474,0.921325
0.6800,0.4667,-0.5612,0.926466
0.6800,0.4667,-0.4684,0.925124
0.6800,0.4667,-0.3701,0.917254
0.6800,0.4667,-0.2675,0.894895
0.6800,0.4667,-0.1618,0.842657
0.6800,0.4667,-0.0541,0.667439
0.6800,0.4667,0.0541,0.075112
0.6800,0.4667,0.1618,0.119261
0.6800,0.4667,0.2675,0.025264
0.6800,0.4667,0.3701,0.023992
0.6800,0.4667,0.4684,0.023570
0.6800,0.4667,0.5612,0.022570
0.6800,0.4667,0.6474,0.022412
0.6800,0.4667,0.7260,0.020872
0.6800,0.4667,0.7961,0.021028
0.6800,0.4667,0.8569,0.019903
0.6800,0.4667,0.9076,0.020621
0.6800,0.4667,0.9477,0.019634
0.6800,0.4667,0.9766,0.018359
0.6800,0.4667,0.9941,0.018313
0.6800,0.4667,1.0000,0.018339
0.6800,0.5200,-1.0000,0.927696
0.6800,0.5200,-0.9941,0.935979
0.6800,0.5200,-0.9766,0.943992
0.6800,0.5200,-0.9477,0.947425
0.6800,0.5200,-0.9076,0.957525
0.6800,0.5200,-0.8569,0.952160
0.6800,0.5200,-0.7961,0.954610
0.6800,0.5200,-0.7260,0.954068
0.6800,0.5200,-0.6474,0.949897
0.6800,0.5200,-0.5612,0.941213
0.6800,0.5200,-0.4684,0.931322
0.6800,0.5200,-0.3701,0.913952
0.6800,0.5200,-0.2675,0.886150
0.6800,0.5200,-0.1618,0.825847
0.6800,0.5200,-0.0541,0.636208
0.6800,0.5200,0.0541,0.015083
0.6800,0.5200,0.1618,0.013706
0.6800,0.5200,0.2675,0.012765
0.6800,0.5200,0.3701,0.012985
0.6800,0.5200,0.4684,0.013660
0.6800,0.5200,0.5612,0.012030
0.6800,0.5200,0.6474,0.012005
0.6800,0.5200,0.7260,0.012070
0.6800,0.5200,0.7961,0.011652
0.6800,0.5200,0.8569,0.011119
0.6800,0.5200,0.9076,0.010830
0.6800,0.5200,0.9477,0.010477
0.6800,0.5200,0.9766,0.010572
0.6800,0.5200,0.9941,0.009997
0.6800,0.5200,1.0000,0.009718
0.6800,0.5733,-1.0000,0.962367
0.6800,0.5733,-0.9941,0.961263
0.6800,0.5733,-0.9766,0.962009
0.6800,0.5733,-0.9477,0.961086
0.6800,0.5733,-0.9076,0.958494
0.6800,0.5733,-0.8569,0.955927
0.6800,0.5733,-0.7961,0.951572
0.6800,0.5733,-0.7260,0.946111
0.6800,0.5733,-0.6474,0.939227
0.6800,0.5733,-0.5612,0.929985
0.6800,0.5733,-0.4684,0.916449
0.6800,0.5733,-0.3701,0.896223
0.6800,0.5733,-0.2675,0.861266
0.6800,0.5733,-0.1618,0.792771
0.6800,0.5733,-0.0541,0.585380
0.6800,0.5733,0.0541,0.007472
0.6800,0.5733,0.1618,0.007392
0.6800,0.5733,0.2675,0.007396
0.6800,0.5733,0.3701,0.007328
0.6800,0.5733,0.4684,0.007157
0.6800,0.5733,0.5612,0.007084
0.6800,0.5733,0.6474,0.007021
0.6800,0.5733,0.7260,0.006959
0.6800,0.5733,0.7961,0.006895
0.6800,0.5733,0.8569,0.006889
0.6800,0.5733,0.9076,0.006741
0.6800,0.5733,0.9477,0.006641
0.6800,0.5733,0.9766,0.006641
0.6800,0.5733,0.9941,0.006432
0.6800,0.5733,1.0000,0.006326
0.6800,0.6267,-1.0000,0.930982
0.6800,0.6267,-0.9941,0.930227
0.6800,0.6267,-0.9766,0.928355
0.6800,0.6267,-0.9477,0.925431
0.6800,0.6267,-0.9076,0.922376
0.6800,0.6267,-0.8569,0.918034
0.6800,0.6267,-0.7961,0.910211
0.6800,0.6267,-0.7260,0.900924
0.6800,0.6267,-0.6474,0.889342
0.6800,0.6267,-0.5612,0.872971
0.6800,0.6267,-0.4684,0.849668
0.6800,0.6267,-0.3701,0.817472
0.6800,0.6267,-0.2675,0.764946
0.6800,0.6267,-0.1618,0.672316
0.6800,0.6267,-0.0541,0.425504
0.6800,0.6267,0.0541,0.003734
0.6800,0.6267,0.1618,0.003701
0.6800,0.6267,0.2675,0.003664
0.6800,0.6267,0.3701,0.003611
0.6800,0.6267,0.4684,0.003580
0.6800,0.6267,0.5612,0.003499
0.6800,0.6267,0.6474,0.003468
0.6800,0.6267,0.7260,0.003375
0.6800,0.6267,0.7961,0.003268
0.6800,0.6267,0.8569,0.003194
0.6800,0.6267,0.9076,0.003090
0.6800,0.6267,0.9477,0.002980
0.6800,0.6267,0.9766,0.002902
0.6800,0.6267,0.9941,0.002794
0.6800,0.6267,1.0000,0.002692
0.6800,0.6800,-1.0000,0.885398
0.6800,0.6800,-0.9941,0.878395
0.6800,0.6800,-0.9766,0.873199
0.6800,0.6800,-0.9477,0.866217
0.6800,0.6800,-0.9076,0.862176
0.6800,0.6800,-0.8569,0.858326
0.6800,0.6800,-0.7961,0.855566
0.6800,0.6800,-0.7260,0.851014
0.6800,0.6800,-0.6474,0.848401
0.6800,0.6800,-0.5612,0.847259
0.6800,0.6800,-0.4684,0.844357
0.6800,0.6800,-0.3701,0.842860
0.6800,0.6800,-0.2675,0.842256
0.6800,0.6800,-0.1618,0.840732
0.6800,0.6800,-0.0541,0.841756
0.6800,0.6800,0.0541,0.842126
0.6800,0.6800,0.1618,0.842204
0.6800,0.6800,0.2675,0.843306
0.6800,0.6800,0.3701,0.844393
0.6800,0.6800,0.4684,0.845310
0.6800,0.6800,0.5612,0.847456
0.6800,0.6800,0.6474,0.849143
0.6800,0.6800,0.7260,0.852027
0.6800,0.6800,0.7961,0.855670
0.6800,0.6800,0.8569,0.859664
0.6800,0.6800,0.9076,0.863664
0.6800,0.6800,0.9477,0.867473
0.6800,0.6800,0.9766,0.873374
0.6800,0.6800,0.9941,0.878249
0.6800,0.6800,1.0000,0.881641
0.7333,0.2000,-1.0000,0.039527
0.7333,0.2000,-0.9941,0.040020
0.7333,0.2000,-0.9766,0.039482
0.7333,0.2000,-0.9477,0.040483
0.7333,0.2000,-0.9076,0.041730
0.7333,0.2000,-0.8569,0.042762
0.7333,0.2000,-0.7961,0.044395
0.7333,0.2000,-0.7260,0.053570
0.7333,0.2000,-0.6474,0.073708
0.7333,0.2000,-0.5612,0.115215
0.7333,0.2000,-0.4684,0.205043
0.7333,0.2000,-0.3701,0.322142
0.7333,0.2000,-0.2675,0.550246
0.7333,0.2000,-0.1618,0.656326
0.7333,0.2000,-0.0541,0.767722
0.7333,0.2000,0.0541,0.723097
0.7333,0.2000,0.1618,0.660729
0.7333,0.2000,0.2675,0.470385
0.7333,0.2000,0.3701,0.273458
0.7333,0.2000,0.4684,0.161775
0.7333,0.2000,0.5612,0.089165
0.7333,0.2000,0.6474,0.055866
0.7333,0.2000,0.7260,0.044902
0.7333,0.2000,0.7961,0.043863
0.7333,0.2000,0.8569,0.043720
0.7333,0.2000,0.9076,0.040978
0.7333,0.2000,0.9477,0.040880
0.7333,0.2000,0.9766,0.040948
0.7333,0.2000,0.9941,0.041078
0.7333,0.2000,1.0000,0.039536
0.7333,0.2533,-1.0000,0.036282
0.7333,0.2533,-0.9941,0.038779
0.7333,0.2533,-0.9766,0.037683
0.7333,0.2533,-0.9477,0.039765
0.7333,0.2533,-0.9076,0.038888
0.7333,0.2533,-0.8569,0.039567
0.7333,0.2533,-0.7961,0.040808
0.7333,0.2533,-0.7260,0.046026
0.7333,0.2533,-0.6474,0.063449
0.7333,0.2533,-0.5612,0.100039
0.7333,0.2533,-0.4684,0.187740
0.7333,0.2533,-0.3701,0.330668
0.7333,0.2533,-0.2675,0.512072
0.7333,0.2533,-0.1618,0.627970
0.7333,0.2533,-0.0541,0.719820
0.7333,0.2533,0.0541,0.699269
0.7333,0.2533,0.1618,0.649640
0.7333,0.2533,0.2675,0.516932
0.7333,0.2533,0.3701,0.252591
0.7333,0.2533,0.4684,0.131343
0.7333,0.2533,0.5612,0.064598
0.7333,0.2533,0.6474,0.055834
0.7333,0.2533,0.7260,0.045433
0.7333,0.2533,0.7961,0.040427
0.7333,0.2533,0.8569,0.041245
0.7333,0.2533,0.9076,0.040226
0.7333,0.2533,0.9477,0.040022
0.7333,0.2533,0.9766,0.039694
0.7333,0.2533,0.9941,0.038915
0.7333,0.2533,1.0000,0.038015
0.7333,0.3067,-1.0000,0.037695
0.7333,0.3067,-0.9941,0.037612
0.7333,0.3067,-0.9766,0.038168
0.7333,0.3067,-0.9477,0.037963
0.7333,0.3067,-0.9076,0.037759
0.7333,0.3067,-0.8569,0.040479
0.7333,0.3067,-0.7961,0.043523
0.7333,0.3067,-0.7260,0.046262
0.7333,0.3067,-0.6474,0.052314
0.7333,0.3067,-0.5612,0.115514
0.7333,0.3067,-0.4684,0.195736
0.7333,0.3067,-0.3701,0.330580
0.7333,0.3067,-0.2675,0.505356
0.7333,0.3067,-0.1618,0.652372
0.7333,0.3067,-0.0541,0.720433
0.7333,0.3067,0.0541,0.653905
0.7333,0.3067,0.1618,0.627890
0.7333,0.3067,0.2675,0.455397
0.7333,0.3067,0.3701,0.231616
0.7333,0.3067,0.4684,0.106416
0.7333,0.3067,0.5612,0.066425
0.7333,0.3067,0.6474,0.049451
0.7333,0.3067,0.7260,0.051160
0.7333,0.3067,0.7961,0.048008
0.7333,0.3067,0.8569,0.047086
0.7333,0.3067,0.9076,0.046650
0.7333,0.3067,0.9477,0.046028
0.7333,0.3067,0.9766,0.045261
0.7333,0.3067,0.9941,0.045329
0.7333,0.3067,1.0000,0.044132
0.7333,0.3600,-1.0000,0.035307
0.7333,0.3600,-0.9941,0.036900
0.7333,0.3600,-0.9766,0.037362
0.7333,0.3600,-0.9477,0.037173
0.7333,0.3600,-0.9076,0.039027
0.7333,0.3600,-0.8569,0.039741
0.7333,0.3600,-0.7961,0.040175
0.7333,0.3600,-0.7260,0.042750
0.7333,0.3600,-0.6474,0.049620
0.7333,0.3600,-0.5612,0.052151
0.7333,0.3600,-0.4684,0.199046
0.7333,0.3600,-0.3701,0.299856
0.7333,0.3600,-0.2675,0.464094
0.7333,0.3600,-0.1618,0.678149
0.7333,0.3600,-0.0541,0.693481
0.7333,0.3600,0.0541,0.524133
0.7333,0.3600,0.1618,0.525580
0.7333,0.3600,0.2675,0.310435
0.7333,0.3600,0.3701,0.115940
0.7333,0.3600,0.4684,0.076675
0.7333,0.3600,0.5612,0.069285
0.7333,0.3600,0.6474,0.062664
0.7333,0.3600,0.7260,0.056996
0.7333,0.3600,0.7961,0.056046
0.7333,0.3600,0.8569,0.051905
0.7333,0.3600,0.9076,0.051022
0.7333,0.3600,0.9477,0.046894
0.7333,0.3600,0.9766,0.046933
0.7333,0.3600,0.9941,0.045514
0.7333,0.3600,1.0000,0.043256
0.7333,0.4133,-1.0000,0.028150
0.7333,0.4133,-0.9941,0.027719
0.7333,0.4133,-0.9766,0.027553
0.7333,0.4133,-0.9477,0.028154
0.7333,0.4133,-0.9076,0.028733
0.7333,0.4133,-0.8569,0.030822
0.7333,0.4133,-0.7961,0.029930
0.7333,0.4133,-0.7260,0.130498
0.7333,0.4133,-0.6474,0.034585
0.7333,0.4133,-0.5612,0.167126
0.7333,0.4133,-0.4684,0.399676
0.7333,0.4133,-0.3701,0.528070
0.7333,0.4133,-0.2675,0.683538
0.7333,0.4133,-0.1618,0.780609
0.7333,0.4133,-0.0541,0.733988
0.7333,0.4133,0.0541,0.362353
0.7333,0.4133,0.1618,0.347952
0.7333,0.4133,0.2675,0.160919
0.7333,0.4133,0.3701,0.069506
0.7333,0.4133,0.4684,0.057790
0.7333,0.4133,0.5612,0.053587
0.7333,0.4133,0.6474,0.049873
0.7333,0.4133,0.7260,0.047579
0.7333,0.4133,0.7961,0.044883
0.7333,0.4133,0.8569,0.040757
0.7333,0.4133,0.9076,0.040570
0.7333,0.4133,0.9477,0.037430
0.7333,0.4133,0.9766,0.037124
0.7333,0.4133,0.9941,0.034186
0.7333,0.4133,1.0000,0.035548
0.7333,0.4667,-1.0000,0.015445
0.7333,0.4667,-0.9941,0.144820
0.7333,0.4667,-0.9766,0.014351
0.7333,0.4667,-0.9477,0.283505
0.7333,0.4667,-0.9076,0.206837
0.7333,0.4667,-0.8569,0.400945
0.7333,0.4667,-0.7961,0.525475
0.7333,0.4667,-0.7260,0.661456
0.7333,0.4667,-0.6474,0.760659
0.7333,0.4667,-0.5612,0.802432
0.7333,0.4667,-0.4684,0.858439
0.7333,0.4667,-0.3701,0.870493
0.7333,0.4667,-0.2675,0.877939
0.7333,0.4667,-0.1618,0.849532
0.7333,0.4667,-0.0541,0.701655
0.7333,0.4667,0.0541,0.184307
0.7333,0.4667,0.1618,0.186624
0.7333,0.4667,0.2675,0.203227
0.7333,0.4667,0.3701,0.167514
0.7333,0.4667,0.4684,0.035858
0.7333,0.4667,0.5612,0.032953
0.7333,0.4667,0.6474,0.031380
0.7333,0.4667,0.7260,0.030075
0.7333,0.4667,0.7961,0.029906
0.7333,0.4667,0.8569,0.028926
0.7333,0.4667,0.9076,0.028747
0.7333,0.4667,0.9477,0.027264
0.7333,0.4667,0.9766,0.026573
0.7333,0.4667,0.9941,0.026287
0.7333,0.4667,1.0000,0.026266
0.7333,0.5200,-1.0000,0.770397
0.7333,0.5200,-0.9941,0.826732
0.7333,0.5200,-0.9766,0.834746
0.7333,0.5200,-0.9477,0.856091
0.7333,0.5200,-0.9076,0.897179
0.7333,0.5200,-0.8569,0.907927
0.7333,0.5200,-0.7961,0.923825
0.7333,0.5200,-0.7260,0.933954
0.7333,0.5200,-0.6474,0.937169
0.7333,0.5200,-0.5612,0.935124
0.7333,0.5200,-0.4684,0.930275
0.7333,0.5200,-0.3701,0.917827
0.7333,0.5200,-0.2675,0.889688
0.7333,0.5200,-0.1618,0.837966
0.7333,0.5200,-0.0541,0.654593
0.7333,0.5200,0.0541,0.083951
0.7333,0.5200,0.1618,0.099165
0.7333,0.5200,0.2675,0.055534
0.7333,0.5200,0.3701,0.108483
0.7333,0.5200,0.4684,0.020788
0.7333,0.5200,0.5612,0.089174
0.7333,0.5200,0.6474,0.020675
0.7333,0.5200,0.7260,0.019328
0.7333,0.5200,0.7961,0.019477
0.7333,0.5200,0.8569,0.019091
0.7333,0.5200,0.9076,0.017850
0.7333,0.5200,0.9477,0.017776
0.7333,0.5200,0.9766,0.017083
0.7333,0.5200,0.9941,0.016433
0.7333,0.5200,1.0000,0.015018
0.7333,0.5733,-1.0000,0.957523
0.7333,0.5733,-0.9941,0.957070
0.7333,0.5733,-0.9766,0.962854
0.7333,0.5733,-0.9477,0.963141
0.7333,0.5733,-0.9076,0.963736
0.7333,0.5733,-0.8569,0.961552
0.7333,0.5733,-0.7961,0.958938
0.7333,0.5733,-0.7260,0.955158
0.7333,0.5733,-0.6474,0.948043
0.7333,0.5733,-0.5612,0.940460
0.7333,0.5733,-0.4684,0.929978
0.7333,0.5733,-0.3701,0.912768
0.7333,0.5733,-0.2675,0.883015
0.7333,0.5733,-0.1618,0.823904
0.7333,0.5733,-0.0541,0.630410
0.7333,0.5733,0.0541,0.013798
0.7333,0.5733,0.1618,0.013466
0.7333,0.5733,0.2675,0.012454
0.7333,0.5733,0.3701,0.013471
0.7333,0.5733,0.4684,0.012407
0.7333,0.5733,0.5612,0.011577
0.7333,0.5733,0.6474,0.011971
0.7333,0.5733,0.7260,0.011138
0.7333,0.5733,0.7961,0.011070
0.7333,0.5733,0.8569,0.011733
0.7333,0.5733,0.9076,0.010725
0.7333,0.5733,0.9477,0.010300
0.7333,0.5733,0.9766,0.010474
0.7333,0.5733,0.9941,0.009922
0.7333,0.5733,1.0000,0.009802
0.7333,0.6267,-1.0000,0.961637
0.7333,0.6267,-0.9941,0.961744
0.7333,0.6267,-0.9766,0.960412
0.7333,0.6267,-0.9477,0.958781
0.7333,0.6267,-0.9076,0.956533
0.7333,0.6267,-0.8569,0.952224
0.7333,0.6267,-0.7961,0.948552
0.7333,0.6267,-0.7260,0.943247
0.7333,0.6267,-0.6474,0.936365
0.7333,0.6267,-0.5612,0.925573
0.7333,0.6267,-0.4684,0.911037
0.7333,0.6267,-0.3701,0.888902
0.7333,0.6267,-0.2675,0.853830
0.7333,0.6267,-0.1618,0.783848
0.7333,0.6267,-0.0541,0.573189
0.7333,0.6267,0.0541,0.007320
0.7333,0.6267,0.1618,0.007237
0.7333,0.6267,0.2675,0.007148
0.7333,0.6267,0.3701,0.006959
0.7333,0.6267,0.4684,0.007008
0.7333,0.6267,0.5612,0.006925
0.7333,0.6267,0.6474,0.006884
0.7333,0.6267,0.7260,0.006746
0.7333,0.6267,0.7961,0.006641
0.7333,0.6267,0.8569,0.006625
0.7333,0.6267,0.9076,0.006550
0.7333,0.6267,0.9477,0.006364
0.7333,0.6267,0.9766,0.006282
0.7333,0.6267,0.9941,0.006107
0.7333,0.6267,1.0000,0.005993
0.7333,0.6800,-1.0000,0.919086
0.7333,0.6800,-0.9941,0.918434
0.7333,0.6800,-0.9766,0.915876
0.7333,0.6800,-0.9477,0.911977
0.7333,0.6800,-0.9076,0.908253
0.7333,0.6800,-0.8569,0.902497
0.7333,0.6800,-0.7961,0.895215
0.7333,0.6800,-0.7260,0.882798
0.7333,0.6800,-0.6474,0.869921
0.7333,0.6800,-0.5612,0.852751
0.7333,0.6800,-0.4684,0.827571
0.7333,0.6800,-0.3701,0.792637
0.7333,0.6800,-0.2675,0.737141
0.7333,0.6800,-0.1618,0.636929
0.7333,0.6800,-0.0541,0.398359
0.7333,0.6800,0.0541,0.003329
0.7333,0.6800,0.1618,0.003256
0.7333,0.6800,0.2675,0.003242
0.7333,0.6800,0.3701,0.003181
0.7333,0.6800,0.4684,0.003127
0.7333,0.6800,0.5612,0.003079
0.7333,0.6800,0.6474,0.002986
0.7333,0.6800,0.7260,0.002918
0.7333,0.6800,0.7961,0.002829
0.7333,0.6800,0.8569,0.002721
0.7333,0.6800,0.9076,0.002616
0.7333,0.6800,0.9477,0.002517
0.7333,0.6800,0.9766,0.002416
0.7333,0.6800,0.9941,0.002330
0.7333,0.6800,1.0000,0.002258
0.7333,0.7333,-1.0000,0.961431
0.7333,0.7333,-0.9941,0.957867
0.7333,0.7333,-0.9766,0.953226
0.7333,0.7333,-0.9477,0.950559
0.7333,0.7333,-0.9076,0.947625
0.7333,0.7333,-0.8569,0.944842
0.7333,0.7333,-0.7961,0.942706
0.7333,0.7333,-0.7260,0.939842
0.7333,0.7333,-0.6474,0.938826
0.7333,0.7333,-0.5612,0.936511
0.7333,0.7333,-0.4684,0.934994
0.7333,0.7333,-0.3701,0.933564
0.7333,0.7333,-0.2675,0.933302
0.7333,0.7333,-0.1618,0.933220
0.7333,0.7333,-0.0541,0.932914
0.7333,0.7333,0.0541,0.932666
0.7333,0.7333,0.1618,0.934044
0.7333,0.7333,0.2675,0.934662
0.7333,0.7333,0.3701,0.934959
0.7333,0.7333,0.4684,0.937258
0.7333,0.7333,0.5612,0.938615
0.7333,0.7333,0.6474,0.941025
0.7333,0.7333,0.7260,0.943486
0.7333,0.7333,0.7961,0.945320
0.7333,0.7333,0.8569,0.947989
0.7333,0.7333,0.9076,0.951566
0.7333,0.7333,0.9477,0.955240
0.7333,0.7333,0.9766,0.958986
0.7333,0.7333,0.9941,0.962573
0.7333,0.7333,1.0000,0.966121
0.7867,0.2000,-1.0000,0.039001
0.7867,0.2000,-0.9941,0.041631
0.7867,0.2000,-0.9766,0.041296
0.7867,0.2000,-0.9477,0.041540
0.7867,0.2000,-0.9076,0.042932
0.7867,0.2000,-0.8569,0.045058
0.7867,0.2000,-0.7961,0.047140
0.7867,0.2000,-0.7260,0.055365
0.7867,0.2000,-0.6474,0.082647
0.7867,0.2000,-0.5612,0.132662
0.7867,0.2000,-0.4684,0.229888
0.7867,0.2000,-0.3701,0.387752
0.7867,0.2000,-0.2675,0.547220
0.7867,0.2000,-0.1618,0.663333
0.7867,0.2000,-0.0541,0.770909
0.7867,0.2000,0.0541,0.747670
0.7867,0.2000,0.1618,0.650316
0.7867,0.2000,0.2675,0.525450
0.7867,0.2000,0.3701,0.312562
0.7867,0.2000,0.4684,0.163375
0.7867,0.2000,0.5612,0.103537
0.7867,0.2000,0.6474,0.072852
0.7867,0.2000,0.7260,0.049436
0.7867,0.2000,0.7961,0.045790
0.7867,0.2000,0.8569,0.042161
0.7867,0.2000,0.9076,0.042753
0.7867,0.2000,0.9477,0.042189
0.7867,0.2000,0.9766,0.042204
0.7867,0.2000,0.9941,0.040326
0.7867,0.2000,1.0000,0.040494
0.7867,0.2533,-1.0000,0.038860
0.7867,0.2533,-0.9941,0.039345
0.7867,0.2533,-0.9766,0.039018
0.7867,0.2533,-0.9477,0.041120
0.7867,0.2533,-0.9076,0.040357
0.7867,0.2533,-0.8569,0.041812
0.7867,0.2533,-0.7961,0.045615
0.7867,0.2533,-0.7260,0.053091
0.7867,0.2533,-0.6474,0.065993
0.7867,0.2533,-0.5612,0.131306
0.7867,0.2533,-0.4684,0.197547
0.7867,0.2533,-0.3701,0.313020
0.7867,0.2533,-0.2675,0.510541
0.7867,0.2533,-0.1618,0.659448
0.7867,0.2533,-0.0541,0.771585
0.7867,0.2533,0.0541,0.689226
0.7867,0.2533,0.1618,0.660860
0.7867,0.2533,0.2675,0.447013
0.7867,0.2533,0.3701,0.304579
0.7867,0.2533,0.4684,0.159638
0.7867,0.2533,0.5612,0.103120
0.7867,0.2533,0.6474,0.051706
0.7867,0.2533,0.7260,0.045532
0.7867,0.2533,0.7961,0.044674
0.7867,0.2533,0.8569,0.041081
0.7867,0.2533,0.9076,0.040708
0.7867,0.2533,0.9477,0.041959
0.7867,0.2533,0.9766,0.040170
0.7867,0.2533,0.9941,0.040477
0.7867,0.2533,1.0000,0.039503
0.7867,0.3067,-1.0000,0.038009
0.7867,0.3067,-0.9941,0.038662
0.7867,0.3067,-0.9766,0.039147
0.7867,0.3067,-0.9477,0.040550
0.7867,0.3067,-0.9076,0.040440
0.7867,0.3067,-0.8569,0.040838
0.7867,0.3067,-0.7961,0.043012
0.7867,0.3067,-0.7260,0.054877
0.7867,0.3067,-0.6474,0.061029
0.7867,0.3067,-0.5612,0.087889
0.7867,0.3067,-0.4684,0.232113
0.7867,0.3067,-0.3701,0.309734
0.7867,0.3067,-0.2675,0.464886
0.7867,0.3067,-0.1618,0.667701
0.7867,0.3067,-0.0541,0.735383
0.7867,0.3067,0.0541,0.702171
0.7867,0.3067,0.1618,0.586585
0.7867,0.3067,0.2675,0.518358
0.7867,0.3067,0.3701,0.260822
0.7867,0.3067,0.4684,0.120485
0.7867,0.3067,0.5612,0.070720
0.7867,0.3067,0.6474,0.051828
0.7867,0.3067,0.7260,0.045999
0.7867,0.3067,0.7961,0.044210
0.7867,0.3067,0.8569,0.044373
0.7867,0.3067,0.9076,0.042485
0.7867,0.3067,0.9477,0.042973
0.7867,0.3067,0.9766,0.041836
0.7867,0.3067,0.9941,0.043413
0.7867,0.3067,1.0000,0.043690
0.7867,0.3600,-1.0000,0.039634
0.7867,0.3600,-0.9941,0.040902
0.7867,0.3600,-0.9766,0.043461
0.7867,0.3600,-0.9477,0.041612
0.7867,0.3600,-0.9076,0.043452
0.7867,0.3600,-0.8569,0.043966
0.7867,0.3600,-0.7961,0.045433
0.7867,0.3600,-0.7260,0.048173
0.7867,0.3600,-0.6474,0.058142
0.7867,0.3600,-0.5612,0.072654
0.7867,0.3600,-0.4684,0.166539
0.7867,0.3600,-0.3701,0.251550
0.7867,0.3600,-0.2675,0.457292
0.7867,0.3600,-0.1618,0.602528
0.7867,0.3600,-0.0541,0.702176
0.7867,0.3600,0.0541,0.625438
0.7867,0.3600,0.1618,0.633201
0.7867,0.3600,0.2675,0.453872
0.7867,0.3600,0.3701,0.171004
0.7867,0.3600,0.4684,0.121849
0.7867,0.3600,0.5612,0.091466
0.7867,0.3600,0.6474,0.062334
0.7867,0.3600,0.7260,0.056731
0.7867,0.3600,0.7961,0.054749
0.7867,0.3600,0.8569,0.054998
0.7867,0.3600,0.9076,0.051343
0.7867,0.3600,0.9477,0.051555
0.7867,0.3600,0.9766,0.050428
0.7867,0.3600,0.9941,0.050532
0.7867,0.3600,1.0000,0.047331
0.7867,0.4133,-1.0000,0.035772
0.7867,0.4133,-0.9941,0.035946
0.7867,0.4133,-0.9766,0.037225
0.7867,0.4133,-0.9477,0.037503
0.7867,0.4133,-0.9076,0.039671
0.7867,0.4133,-0.8569,0.040208
0.7867,0.4133,-0.7961,0.060002
0.7867,0.4133,-0.7260,0.043239
0.7867,0.4133,-0.6474,0.056288
0.7867,0.4133,-0.5612,0.056249
0.7867,0.4133,-0.4684,0.210994
0.7867,0.4133,-0.3701,0.269349
0.7867,0.4133,-0.2675,0.492645
0.7867,0.4133,-0.1618,0.662868
0.7867,0.4133,-0.0541,0.703852
0.7867,0.4133,0.0541,0.579700
0.7867,0.4133,0.1618,0.440256
0.7867,0.4133,0.2675,0.238057
0.7867,0.4133,0.3701,0.152361
0.7867,0.4133,0.4684,0.071589
0.7867,0.4133,0.5612,0.065932
0.7867,0.4133,0.6474,0.061505
0.7867,0.4133,0.7260,0.057267
0.7867,0.4133,0.7961,0.053177
0.7867,0.4133,0.8569,0.051449
0.7867,0.4133,0.9076,0.049276
0.7867,0.4133,0.9477,0.046810
0.7867,0.4133,0.9766,0.045426
0.7867,0.4133,0.9941,0.043452
0.7867,0.4133,1.0000,0.042665
0.7867,0.4667,-1.0000,0.024885
0.7867,0.4667,-0.9941,0.025626
0.7867,0.4667,-0.9766,0.024779
0.7867,0.4667,-0.9477,0.025919
0.7867,0.4667,-0.9076,0.027585
0.7867,0.4667,-0.8569,0.028493
0.7867,0.4667,-0.7961,0.028966
0.7867,0.4667,-0.7260,0.190091
0.7867,0.4667,-0.6474,0.307466
0.7867,0.4667,-0.5612,0.438525
0.7867,0.4667,-0.4684,0.595241
0.7867,0.4667,-0.3701,0.676657
0.7867,0.4667,-0.2675,0.793181
0.7867,0.4667,-0.1618,0.809597
0.7867,0.4667,-0.0541,0.723086
0.7867,0.4667,0.0541,0.347593
0.7867,0.4667,0.1618,0.241693
0.7867,0.4667,0.2675,0.145071
0.7867,0.4667,0.3701,0.058241
0.7867,0.4667,0.4684,0.052050
0.7867,0.4667,0.5612,0.047099
0.7867,0.4667,0.6474,0.043624
0.7867,0.4667,0.7260,0.040593
0.7867,0.4667,0.7961,0.040548
0.7867,0.4667,0.8569,0.037680
0.7867,0.4667,0.9076,0.036822
0.7867,0.4667,0.9477,0.034937
0.7867,0.4667,0.9766,0.034032
0.7867,0.4667,0.9941,0.032708
0.7867,0.4667,1.0000,0.033541
0.7867,0.5200,-1.0000,0.235306
0.7867,0.5200,-0.9941,0.346566
0.7867,0.5200,-0.9766,0.456423
0.7867,0.5200,-0.9477,0.518805
0.7867,0.5200,-0.9076,0.581761
0.7867,0.5200,-0.8569,0.631336
0.7867,0.5200,-0.7961,0.736230
0.7867,0.5200,-0.7260,0.807948
0.7867,0.5200,-0.6474,0.843591
0.7867,0.5200,-0.5612,0.873089
0.7867,0.5200,-0.4684,0.891254
0.7867,0.5200,-0.3701,0.891589
0.7867,0.5200,-0.2675,0.895612
0.7867,0.5200,-0.1618,0.851285
0.7867,0.5200,-0.0541,0.680386
0.7867,0.5200,0.0541,0.133318
0.7867,0.5200,0.1618,0.185934
0.7867,0.5200,0.2675,0.184930
0.7867,0.5200,0.3701,0.081287
0.7867,0.5200,0.4684,0.091420
0.7867,0.5200,0.5612,0.029692
0.7867,0.5200,0.6474,0.028132
0.7867,0.5200,0.7260,0.027528
0.7867,0.5200,0.7961,0.025970
0.7867,0.5200,0.8569,0.025574
0.7867,0.5200,0.9076,0.025266
0.7867,0.5200,0.9477,0.026000
0.7867,0.5200,0.9766,0.025131
0.7867,0.5200,0.9941,0.024956
0.7867,0.5200,1.0000,0.023866
0.7867,0.5733,-1.0000,0.896811
0.7867,0.5733,-0.9941,0.906139
0.7867,0.5733,-0.9766,0.926432
0.7867,0.5733,-0.9477,0.937763
0.7867,0.5733,-0.9076,0.945727
0.7867,0.5733,-0.8569,0.946108
0.7867,0.5733,-0.7961,0.950639
0.7867,0.5733,-0.7260,0.948299
0.7867,0.5733,-0.6474,0.945393
0.7867,0.5733,-0.5612,0.942063
0.7867,0.5733,-0.4684,0.932382
0.7867,0.5733,-0.3701,0.915286
0.7867,0.5733,-0.2675,0.889506
0.7867,0.5733,-0.1618,0.832245
0.7867,0.5733,-0.0541,0.646548
0.7867,0.5733,0.0541,0.042505
0.7867,0.5733,0.1618,0.040495
0.7867,0.5733,0.2675,0.084241
0.7867,0.5733,0.3701,0.065094
0.7867,0.5733,0.4684,0.077640
0.7867,0.5733,0.5612,0.020777
0.7867,0.5733,0.6474,0.018383
0.7867,0.5733,0.7260,0.019903
0.7867,0.5733,0.7961,0.019009
0.7867,0.5733,0.8569,0.018643
0.7867,0.5733,0.9076,0.015839
0.7867,0.5733,0.9477,0.016745
0.7867,0.5733,0.9766,0.016580
0.7867,0.5733,0.9941,0.015481
0.7867,0.5733,1.0000,0.014509
0.7867,0.6267,-1.0000,0.966954
0.7867,0.6267,-0.9941,0.968797
0.7867,0.6267,-0.9766,0.968235
0.7867,0.6267,-0.9477,0.965880
0.7867,0.6267,-0.9076,0.965319
0.7867,0.6267,-0.8569,0.962607
0.7867,0.6267,-0.7961,0.958121
0.7867,0.6267,-0.7260,0.953759
0.7867,0.6267,-0.6474,0.949285
0.7867,0.6267,-0.5612,0.939806
0.7867,0.6267,-0.4684,0.928666
0.7867,0.6267,-0.3701,0.910267
0.7867,0.6267,-0.2675,0.881059
0.7867,0.6267,-0.1618,0.818743
0.7867,0.6267,-0.0541,0.624079
0.7867,0.6267,0.0541,0.013275
0.7867,0.6267,0.1618,0.011936
0.7867,0.6267,0.2675,0.013309
0.7867,0.6267,0.3701,0.013044
0.7867,0.6267,0.4684,0.012402
0.7867,0.6267,0.5612,0.012776
0.7867,0.6267,0.6474,0.011898
0.7867,0.6267,0.7260,0.011793
0.7867,0.6267,0.7961,0.011001
0.7867,0.6267,0.8569,0.010623
0.7867,0.6267,0.9076,0.010307
0.7867,0.6267,0.9477,0.010277
0.7867,0.6267,0.9766,0.009963
0.7867,0.6267,0.9941,0.010051
0.7867,0.6267,1.0000,0.009319
0.7867,0.6800,-1.0000,0.959601
0.7867,0.6800,-0.9941,0.959215
0.7867,0.6800,-0.9766,0.957917
0.7867,0.6800,-0.9477,0.955677
0.7867,0.6800,-0.9076,0.953198
0.7867,0.6800,-0.8569,0.949767
0.7867,0.6800,-0.7961,0.945341
0.7867,0.6800,-0.7260,0.939408
0.7867,0.6800,-0.6474,0.931169
0.7867,0.6800,-0.5612,0.919671
0.7867,0.6800,-0.4684,0.904761
0.7867,0.6800,-0.3701,0.883243
0.7867,0.6800,-0.2675,0.845527
0.7867,0.6800,-0.1618,0.774027
0.7867,0.6800,-0.0541,0.557604
0.7867,0.6800,0.0541,0.006886
0.7867,0.6800,0.1618,0.006790
0.7867,0.6800,0.2675,0.006910
0.7867,0.6800,0.3701,0.006751
0.7867,0.6800,0.4684,0.006644
0.7867,0.6800,0.5612,0.006545
0.7867,0.6800,0.6474,0.006465
0.7867,0.6800,0.7260,0.006471
0.7867,0.6800,0.7961,0.006285
0.7867,0.6800,0.8569,0.006151
0.7867,0.6800,0.9076,0.006092
0.7867,0.6800,0.9477,0.005947
0.7867,0.6800,0.9766,0.005805
0.7867,0.6800,0.9941,0.005672
0.7867,0.6800,1.0000,0.005540
0.7867,0.7333,-1.0000,0.907253
0.7867,0.7333,-0.9941,0.905188
0.7867,0.7333,-0.9766,0.902378
0.7867,0.7333,-0.9477,0.898521
0.7867,0.7333,-0.9076,0.893361
0.7867,0.7333,-0.8569,0.885273
0.7867,0.7333,-0.7961,0.878744
0.7867,0.7333,-0.7260,0.864568
0.7867,0.7333,-0.6474,0.848781
0.7867,0.7333,-0.5612,0.831095
0.7867,0.7333,-0.4684,0.802999
0.7867,0.7333,-0.3701,0.762178
0.7867,0.7333,-0.2675,0.703395
0.7867,0.7333,-0.1618,0.598096
0.7867,0.7333,-0.0541,0.358379
0.7867,0.7333,0.0541,0.002870
0.7867,0.7333,0.1618,0.002828
0.7867,0.7333,0.2675,0.002781
0.7867,0.7333,0.3701,0.002738
0.7867,0.7333,0.4684,0.002680
0.7867,0.7333,0.5612,0.002583
0.7867,0.7333,0.6474,0.002538
0.7867,0.7333,0.7260,0.002441
0.7867,0.7333,0.7961,0.002376
0.7867,0.7333,0.8569,0.002283
0.7867,0.7333,0.9076,0.002203
0.7867,0.7333,0.9477,0.002118
0.7867,0.7333,0.9766,0.002059
0.7867,0.7333,0.9941,0.001938
0.7867,0.7333,1.0000,0.001877
0.7867,0.7867,-1.0000,0.995585
0.7867,0.7867,-0.9941,0.994176
0.7867,0.7867,-0.9766,0.992897
0.7867,0.7867,-0.9477,0.991628
0.7867,0.7867,-0.9076,0.990644
0.7867,0.7867,-0.8569,0.989563
0.7867,0.7867,-0.7961,0.988705
0.7867,0.7867,-0.7260,0.987855
0.7867,0.7867,-0.6474,0.987374
0.7867,0.7867,-0.5612,0.986856
0.7867,0.7867,-0.4684,0.986248
0.7867,0.7867,-0.3701,0.986005
0.7867,0.7867,-0.2675,0.986329
0.7867,0.7867,-0.1618,0.986444
0.7867,0.7867,-0.0541,0.986515
0.7867,0.7867,0.0541,0.986948
0.7867,0.7867,0.1618,0.987466
0.7867,0.7867,0.2675,0.987983
0.7867,0.7867,0.3701,0.988652
0.7867,0.7867,0.4684,0.989577
0.7867,0.7867,0.5612,0.990714
0.7867,0.7867,0.6474,0.991616
0.7867,0.7867,0.7260,0.992886
0.7867,0.7867,0.7961,0.994168
0.7867,0.7867,0.8569,0.995637
0.7867,0.7867,0.9076,0.997011
0.7867,0.7867,0.9477,0.998780
0.7867,0.7867,0.9766,1.000040
0.7867,0.7867,0.9941,1.001709
0.7867,0.7867,1.0000,1.003355
0.8400,0.2000,-1.0000,0.041628
0.8400,0.2000,-0.9941,0.041943
0.8400,0.2000,-0.9766,0.041970
0.8400,0.2000,-0.9477,0.044195
0.8400,0.2000,-0.9076,0.044605
0.8400,0.2000,-0.8569,0.048674
0.8400,0.2000,-0.7961,0.049623
0.8400,0.2000,-0.7260,0.061452
0.8400,0.2000,-0.6474,0.083489
0.8400,0.2000,-0.5612,0.136113
0.8400,0.2000,-0.4684,0.234874
0.8400,0.2000,-0.3701,0.334671
0.8400,0.2000,-0.2675,0.523020
0.8400,0.2000,-0.1618,0.683548
0.8400,0.2000,-0.0541,0.788772
0.8400,0.2000,0.0541,0.710227
0.8400,0.2000,0.1618,0.700717
0.8400,0.2000,0.2675,0.479787
0.8400,0.2000,0.3701,0.365654
0.8400,0.2000,0.4684,0.187553
0.8400,0.2000,0.5612,0.114607
0.8400,0.2000,0.6474,0.067197
0.8400,0.2000,0.7260,0.055922
0.8400,0.2000,0.7961,0.048512
0.8400,0.2000,0.8569,0.046204
0.8400,0.2000,0.9076,0.042338
0.8400,0.2000,0.9477,0.042031
0.8400,0.2000,0.9766,0.041662
0.8400,0.2000,0.9941,0.041868
0.8400,0.2000,1.0000,0.041120
0.8400,0.2533,-1.0000,0.039242
0.8400,0.2533,-0.9941,0.040077
0.8400,0.2533,-0.9766,0.040401
0.8400,0.2533,-0.9477,0.041401
0.8400,0.2533,-0.9076,0.044576
0.8400,0.2533,-0.8569,0.043857
0.8400,0.2533,-0.7961,0.047809
0.8400,0.2533,-0.7260,0.053573
0.8400,0.2533,-0.6474,0.079377
0.8400,0.2533,-0.5612,0.121579
0.8400,0.2533,-0.4684,0.225649
0.8400,0.2533,-0.3701,0.369584
0.8400,0.2533,-0.2675,0.551026
0.8400,0.2533,-0.1618,0.699174
0.8400,0.2533,-0.0541,0.768411
0.8400,0.2533,0.0541,0.708561
0.8400,0.2533,0.1618,0.711634
0.8400,0.2533,0.2675,0.494395
0.8400,0.2533,0.3701,0.306698
0.8400,0.2533,0.4684,0.168239
0.8400,0.2533,0.5612,0.089309
0.8400,0.2533,0.6474,0.071011
0.8400,0.2533,0.7260,0.051535
0.8400,0.2533,0.7961,0.046787
0.8400,0.2533,0.8569,0.042939
0.8400,0.2533,0.9076,0.042388
0.8400,0.2533,0.9477,0.042833
0.8400,0.2533,0.9766,0.041526
0.8400,0.2533,0.9941,0.039872
0.8400,0.2533,1.0000,0.040171
0.8400,0.3067,-1.0000,0.038271
0.8400,0.3067,-0.9941,0.041126
0.8400,0.3067,-0.9766,0.039613
0.8400,0.3067,-0.9477,0.039604
0.8400,0.3067,-0.9076,0.040478
0.8400,0.3067,-0.8569,0.041201
0.8400,0.3067,-0.7961,0.045860
0.8400,0.3067,-0.7260,0.054558
0.8400,0.3067,-0.6474,0.079437
0.8400,0.3067,-0.5612,0.123503
0.8400,0.3067,-0.4684,0.164051
0.8400,0.3067,-0.3701,0.345803
0.8400,0.3067,-0.2675,0.506607
0.8400,0.3067,-0.1618,0.621697
0.8400,0.3067,-0.0541,0.767549
0.8400,0.3067,0.0541,0.713246
0.8400,0.3067,0.1618,0.632104
0.8400,0.3067,0.2675,0.507522
0.8400,0.3067,0.3701,0.342754
0.8400,0.3067,0.4684,0.172919
0.8400,0.3067,0.5612,0.077408
0.8400,0.3067,0.6474,0.065051
0.8400,0.3067,0.7260,0.044490
0.8400,0.3067,0.7961,0.044493
0.8400,0.3067,0.8569,0.042145
0.8400,0.3067,0.9076,0.041298
0.8400,0.3067,0.9477,0.041837
0.8400,0.3067,0.9766,0.041630
0.8400,0.3067,0.9941,0.040043
0.8400,0.3067,1.0000,0.040268
0.8400,0.3600,-1.0000,0.041950
0.8400,0.3600,-0.9941,0.042716
0.8400,0.3600,-0.9766,0.042597
0.8400,0.3600,-0.9477,0.042764
0.8400,0.3600,-0.9076,0.042947
0.8400,0.3600,-0.8569,0.043627
0.8400,0.3600,-0.7961,0.048963
0.8400,0.3600,-0.7260,0.052170
0.8400,0.3600,-0.6474,0.060873
0.8400,0.3600,-0.5612,0.085339
0.8400,0.3600,-0.4684,0.147901
0.8400,0.3600,-0.3701,0.353300
0.8400,0.3600,-0.2675,0.465252
0.8400,0.3600,-0.1618,0.667381
0.8400,0.3600,-0.0541,0.731424
0.8400,0.3600,0.0541,0.676795
0.8400,0.3600,0.1618,0.691142
0.8400,0.3600,0.2675,0.485228
0.8400,0.3600,0.3701,0.229445
0.8400,0.3600,0.4684,0.120962
0.8400,0.3600,0.5612,0.071759
0.8400,0.3600,0.6474,0.057802
0.8400,0.3600,0.7260,0.051147
0.8400,0.3600,0.7961,0.049057
0.8400,0.3600,0.8569,0.050400
0.8400,0.3600,0.9076,0.050730
0.8400,0.3600,0.9477,0.049230
0.8400,0.3600,0.9766,0.048433
0.8400,0.3600,0.9941,0.048314
0.8400,0.3600,1.0000,0.047591
0.8400,0.4133,-1.0000,0.040592
0.8400,0.4133,-0.9941,0.041252
0.8400,0.4133,-0.9766,0.042022
0.8400,0.4133,-0.9477,0.043845
0.8400,0.4133,-0.9076,0.044577
0.8400,0.4133,-0.8569,0.044168
0.8400,0.4133,-0.7961,0.044979
0.8400,0.4133,-0.7260,0.048859
0.8400,0.4133,-0.6474,0.059252
0.8400,0.4133,-0.5612,0.069894
0.8400,0.4133,-0.4684,0.139169
0.8400,0.4133,-0.3701,0.300049
0.8400,0.4133,-0.2675,0.498391
0.8400,0.4133,-0.1618,0.667143
0.8400,0.4133,-0.0541,0.669539
0.8400,0.4133,0.0541,0.634737
0.8400,0.4133,0.1618,0.573895
0.8400,0.4133,0.2675,0.392938
0.8400,0.4133,0.3701,0.188645
0.8400,0.4133,0.4684,0.079898
0.8400,0.4133,0.5612,0.070210
0.8400,0.4133,0.6474,0.064472
0.8400,0.4133,0.7260,0.061156
0.8400,0.4133,0.7961,0.059221
0.8400,0.4133,0.8569,0.055177
0.8400,0.4133,0.9076,0.055838
0.8400,0.4133,0.9477,0.054546
0.8400,0.4133,0.9766,0.051686
0.8400,0.4133,0.9941,0.048969
0.8400,0.4133,1.0000,0.050358
0.8400,0.4667,-1.0000,0.034470
0.8400,0.4667,-0.9941,0.034364
0.8400,0.4667,-0.9766,0.033978
0.8400,0.4667,-0.9477,0.036206
0.8400,0.4667,-0.9076,0.036430
0.8400,0.4667,-0.8569,0.038105
0.8400,0.4667,-0.7961,0.038385
0.8400,0.4667,-0.7260,0.040121
0.8400,0.4667,-0.6474,0.142144
0.8400,0.4667,-0.5612,0.240891
0.8400,0.4667,-0.4684,0.224209
0.8400,0.4667,-0.3701,0.451984
0.8400,0.4667,-0.2675,0.601687
0.8400,0.4667,-0.1618,0.707882
0.8400,0.4667,-0.0541,0.724922
0.8400,0.4667,0.0541,0.498738
0.8400,0.4667,0.1618,0.447760
0.8400,0.4667,0.2675,0.187968
0.8400,0.4667,0.3701,0.152001
0.8400,0.4667,0.4684,0.066838
0.8400,0.4667,0.5612,0.065333
0.8400,0.4667,0.6474,0.057463
0.8400,0.4667,0.7260,0.052398
0.8400,0.4667,0.7961,0.049372
0.8400,0.4667,0.8569,0.046912
0.8400,0.4667,0.9076,0.045855
0.8400,0.4667,0.9477,0.041622
0.8400,0.4667,0.9766,0.041864
0.8400,0.4667,0.9941,0.039219
0.8400,0.4667,1.0000,0.039562
0.8400,0.5200,-1.0000,0.022075
0.8400,0.5200,-0.9941,0.022220
0.8400,0.5200,-0.9766,0.023165
0.8400,0.5200,-0.9477,0.023148
0.8400,0.5200,-0.9076,0.023867
0.8400,0.5200,-0.8569,0.131497
0.8400,0.5200,-0.7961,0.250655
0.8400,0.5200,-0.7260,0.442959
0.8400,0.5200,-0.6474,0.573014
0.8400,0.5200,-0.5612,0.683450
0.8400,0.5200,-0.4684,0.701933
0.8400,0.5200,-0.3701,0.801179
0.8400,0.5200,-0.2675,0.839394
0.8400,0.5200,-0.1618,0.824615
0.8400,0.5200,-0.0541,0.714358
0.8400,0.5200,0.0541,0.229750
0.8400,0.5200,0.1618,0.118078
0.8400,0.5200,0.2675,0.193241
0.8400,0.5200,0.3701,0.103129
0.8400,0.5200,0.4684,0.044966
0.8400,0.5200,0.5612,0.041547
0.8400,0.5200,0.6474,0.039687
0.8400,0.5200,0.7260,0.037272
0.8400,0.5200,0.7961,0.035160
0.8400,0.5200,0.8569,0.034520
0.8400,0.5200,0.9076,0.031861
0.8400,0.5200,0.9477,0.032537
0.8400,0.5200,0.9766,0.031406
0.8400,0.5200,0.9941,0.030644
0.8400,0.5200,1.0000,0.028592
0.8400,0.5733,-1.0000,0.668222
0.8400,0.5733,-0.9941,0.665541
0.8400,0.5733,-0.9766,0.741005
0.8400,0.5733,-0.9477,0.774373
0.8400,0.5733,-0.9076,0.822782
0.8400,0.5733,-0.8569,0.857762
0.8400,0.5733,-0.7961,0.874536
0.8400,0.5733,-0.7260,0.899546
0.8400,0.5733,-0.6474,0.908129
0.8400,0.5733,-0.5612,0.916898
0.8400,0.5733,-0.4684,0.917627
0.8400,0.5733,-0.3701,0.908299
0.8400,0.5733,-0.2675,0.892918
0.8400,0.5733,-0.1618,0.844481
0.8400,0.5733,-0.0541,0.665848
0.8400,0.5733,0.0541,0.125444
0.8400,0.5733,0.1618,0.188256
0.8400,0.5733,0.2675,0.126935
0.8400,0.5733,0.3701,0.027949
0.8400,0.5733,0.4684,0.027161
0.8400,0.5733,0.5612,0.024947
0.8400,0.5733,0.6474,0.026706
0.8400,0.5733,0.7260,0.025506
0.8400,0.5733,0.7961,0.023837
0.8400,0.5733,0.8569,0.023255
0.8400,0.5733,0.9076,0.023925
0.8400,0.5733,0.9477,0.021159
0.8400,0.5733,0.9766,0.021268
0.8400,0.5733,0.9941,0.019928
0.8400,0.5733,1.0000,0.021007
0.8400,0.6267,-1.0000,0.950825
0.8400,0.6267,-0.9941,0.950942
0.8400,0.6267,-0.9766,0.957156
0.8400,0.6267,-0.9477,0.959845
0.8400,0.6267,-0.9076,0.958865
0.8400,0.6267,-0.8569,0.958745
0.8400,0.6267,-0.7961,0.957285
0.8400,0.6267,-0.7260,0.953288
0.8400,0.6267,-0.6474,0.948948
0.8400,0.6267,-0.5612,0.941751
0.8400,0.6267,-0.4684,0.931740
0.8400,0.6267,-0.3701,0.916326
0.8400,0.6267,-0.2675,0.888078
0.8400,0.6267,-0.1618,0.830326
0.8400,0.6267,-0.0541,0.642269
0.8400,0.6267,0.0541,0.047501
0.8400,0.6267,0.1618,0.078738
0.8400,0.6267,0.2675,0.052348
0.8400,0.6267,0.3701,0.018810
0.8400,0.6267,0.4684,0.020426
0.8400,0.6267,0.5612,0.019075
0.8400,0.6267,0.6474,0.019658
0.8400,0.6267,0.7260,0.017793
0.8400,0.6267,0.7961,0.018076
0.8400,0.6267,0.8569,0.017699
0.8400,0.6267,0.9076,0.016020
0.8400,0.6267,0.9477,0.016510
0.8400,0.6267,0.9766,0.016554
0.8400,0.6267,0.9941,0.015818
0.8400,0.6267,1.0000,0.015002
0.8400,0.6800,-1.0000,0.970347
0.8400,0.6800,-0.9941,0.969229
0.8400,0.6800,-0.9766,0.968517
0.8400,0.6800,-0.9477,0.966783
0.8400,0.6800,-0.9076,0.964727
0.8400,0.6800,-0.8569,0.961189
0.8400,0.6800,-0.7961,0.957326
0.8400,0.6800,-0.7260,0.953549
0.8400,0.6800,-0.6474,0.946573
0.8400,0.6800,-0.5612,0.938760
0.8400,0.6800,-0.4684,0.926267
0.8400,0.6800,-0.3701,0.907082
0.8400,0.6800,-0.2675,0.876375
0.8400,0.6800,-0.1618,0.814588
0.8400,0.6800,-0.0541,0.619092
0.8400,0.6800,0.0541,0.013762
0.8400,0.6800,0.1618,0.012782
0.8400,0.6800,0.2675,0.012441
0.8400,0.6800,0.3701,0.012577
0.8400,0.6800,0.4684,0.010996
0.8400,0.6800,0.5612,0.012245
0.8400,0.6800,0.6474,0.010968
0.8400,0.6800,0.7260,0.010336
0.8400,0.6800,0.7961,0.010561
0.8400,0.6800,0.8569,0.010141
0.8400,0.6800,0.9076,0.009345
0.8400,0.6800,0.9477,0.009399
0.8400,0.6800,0.9766,0.009135
0.8400,0.6800,0.9941,0.009006
0.8400,0.6800,1.0000,0.008748
0.8400,0.7333,-1.0000,0.956100
0.8400,0.7333,-0.9941,0.954772
0.8400,0.7333,-0.9766,0.954215
0.8400,0.7333,-0.9477,0.951147
0.8400,0.7333,-0.9076,0.948549
0.8400,0.7333,-0.8569,0.944896
0.8400,0.7333,-0.7961,0.939157
0.8400,0.7333,-0.7260,0.933245
0.8400,0.7333,-0.6474,0.924622
0.8400,0.7333,-0.5612,0.913063
0.8400,0.7333,-0.4684,0.897896
0.8400,0.7333,-0.3701,0.874371
0.8400,0.7333,-0.2675,0.835780
0.8400,0.7333,-0.1618,0.759106
0.8400,0.7333,-0.0541,0.540402
0.8400,0.7333,0.0541,0.006398
0.8400,0.7333,0.1618,0.006375
0.8400,0.7333,0.2675,0.006353
0.8400,0.7333,0.3701,0.006221
0.8400,0.7333,0.4684,0.006208
0.8400,0.7333,0.5612,0.006077
0.8400,0.7333,0.6474,0.005996
0.8400,0.7333,0.7260,0.005934
0.8400,0.7333,0.7961,0.005807
0.8400,0.7333,0.8569,0.005712
0.8400,0.7333,0.9076,0.005525
0.8400,0.7333,0.9477,0.005391
0.8400,0.7333,0.9766,0.005221
0.8400,0.7333,0.9941,0.005106
0.8400,0.7333,1.0000,0.004941
0.8400,0.7867,-1.0000,0.896924
0.8400,0.7867,-0.9941,0.894187
0.8400,0.7867,-0.9766,0.890210
0.8400,0.7867,-0.9477,0.886700
0.8400,0.7867,-0.9076,0.879836
0.8400,0.7867,-0.8569,0.871505
0.8400,0.7867,-0.7961,0.861903
0.8400,0.7867,-0.7260,0.847817
0.8400,0.7867,-0.6474,0.831206
0.8400,0.7867,-0.5612,0.809688
0.8400,0.7867,-0.4684,0.779443
0.8400,0.7867,-0.3701,0.737909
0.8400,0.7867,-0.2675,0.672868
0.8400,0.7867,-0.1618,0.564361
0.8400,0.7867,-0.0541,0.328840
0.8400,0.7867,0.0541,0.002495
0.8400,0.7867,0.1618,0.002468
0.8400,0.7867,0.2675,0.002408
0.8400,0.7867,0.3701,0.002356
0.8400,0.7867,0.4684,0.002287
0.8400,0.7867,0.5612,0.002221
0.8400,0.7867,0.6474,0.002157
0.8400,0.7867,0.7260,0.002103
0.8400,0.7867,0.7961,0.002047
0.8400,0.7867,0.8569,0.001970
0.8400,0.7867,0.9076,0.001903
0.8400,0.7867,0.9477,0.001845
0.8400,0.7867,0.9766,0.001740
0.8400,0.7867,0.9941,0.001668
0.8400,0.7867,1.0000,0.001602
0.8400,0.8400,-1.0000,1.003345
0.8400,0.8400,-0.9941,1.002682
0.8400,0.8400,-0.9766,1.002116
0.8400,0.8400,-0.9477,1.001810
0.8400,0.8400,-0.9076,1.001415
0.8400,0.8400,-0.8569,1.001083
0.8400,0.8400,-0.7961,1.001037
0.8400,0.8400,-0.7260,1.000904
0.8400,0.8400,-0.6474,1.001020
0.8400,0.8400,-0.5612,1.001284
0.8400,0.8400,-0.4684,1.001435
0.8400,0.8400,-0.3701,1.001402
0.8400,0.8400,-0.2675,1.001804
0.8400,0.8400,-0.1618,1.002018
0.8400,0.8400,-0.0541,1.002441
0.8400,0.8400,0.0541,1.002836
0.8400,0.8400,0.1618,1.003361
0.8400,0.8400,0.2675,1.003858
0.8400,0.8400,0.3701,1.004311
0.8400,0.8400,0.4684,1.004977
0.8400,0.8400,0.5612,1.005592
0.8400,0.8400,0.6474,1.006351
0.8400,0.8400,0.7260,1.006933
0.8400,0.8400,0.7961,1.007564
0.8400,0.8400,0.8569,1.008169
0.8400,0.8400,0.9076,1.008936
0.8400,0.8400,0.9477,1.009712
0.8400,0.8400,0.9766,1.010355
0.8400,0.8400,0.9941,1.011164
0.8400,0.8400,1.0000,1.011832
0.8933,0.2000,-1.0000,0.041456
0.8933,0.2000,-0.9941,0.042290
0.8933,0.2000,-0.9766,0.043273
0.8933,0.2000,-0.9477,0.042910
0.8933,0.2000,-0.9076,0.046970
0.8933,0.2000,-0.8569,0.045837
0.8933,0.2000,-0.7961,0.051045
0.8933,0.2000,-0.7260,0.061188
0.8933,0.2000,-0.6474,0.080520
0.8933,0.2000,-0.5612,0.145475
0.8933,0.2000,-0.4684,0.217984
0.8933,0.2000,-0.3701,0.366756
0.8933,0.2000,-0.2675,0.568518
0.8933,0.2000,-0.1618,0.671517
0.8933,0.2000,-0.0541,0.812949
0.8933,0.2000,0.0541,0.769567
0.8933,0.2000,0.1618,0.700489
0.8933,0.2000,0.2675,0.524064
0.8933,0.2000,0.3701,0.325228
0.8933,0.2000,0.4684,0.187980
0.8933,0.2000,0.5612,0.103680
0.8933,0.2000,0.6474,0.068810
0.8933,0.2000,0.7260,0.053189
0.8933,0.2000,0.7961,0.046116
0.8933,0.2000,0.8569,0.045910
0.8933,0.2000,0.9076,0.043777
0.8933,0.2000,0.9477,0.042051
0.8933,0.2000,0.9766,0.042146
0.8933,0.2000,0.9941,0.042705
0.8933,0.2000,1.0000,0.041299
0.8933,0.2533,-1.0000,0.041084
0.8933,0.2533,-0.9941,0.041483
0.8933,0.2533,-0.9766,0.041439
0.8933,0.2533,-0.9477,0.042405
0.8933,0.2533,-0.9076,0.045058
0.8933,0.2533,-0.8569,0.046063
0.8933,0.2533,-0.7961,0.049018
0.8933,0.2533,-0.7260,0.064049
0.8933,0.2533,-0.6474,0.083610
0.8933,0.2533,-0.5612,0.132010
0.8933,0.2533,-0.4684,0.213651
0.8933,0.2533,-0.3701,0.374952
0.8933,0.2533,-0.2675,0.522731
0.8933,0.2533,-0.1618,0.678977
0.8933,0.2533,-0.0541,0.769533
0.8933,0.2533,0.0541,0.738490
0.8933,0.2533,0.1618,0.683292
0.8933,0.2533,0.2675,0.464573
0.8933,0.2533,0.3701,0.366561
0.8933,0.2533,0.4684,0.176205
0.8933,0.2533,0.5612,0.110531
0.8933,0.2533,0.6474,0.064522
0.8933,0.2533,0.7260,0.052617
0.8933,0.2533,0.7961,0.045673
0.8933,0.2533,0.8569,0.046583
0.8933,0.2533,0.9076,0.043859
0.8933,0.2533,0.9477,0.043277
0.8933,0.2533,0.9766,0.042466
0.8933,0.2533,0.9941,0.040770
0.8933,0.2533,1.0000,0.041703
0.8933,0.3067,-1.0000,0.038767
0.8933,0.3067,-0.9941,0.039624
0.8933,0.3067,-0.9766,0.039079
0.8933,0.3067,-0.9477,0.040812
0.8933,0.3067,-0.9076,0.042698
0.8933,0.3067,-0.8569,0.042523
0.8933,0.3067,-0.7961,0.046695
0.8933,0.3067,-0.7260,0.051993
0.8933,0.3067,-0.6474,0.067392
0.8933,0.3067,-0.5612,0.107129
0.8933,0.3067,-0.4684,0.215346
0.8933,0.3067,-0.3701,0.362720
0.8933,0.3067,-0.2675,0.520118
0.8933,0.3067,-0.1618,0.685297
0.8933,0.3067,-0.0541,0.763472
0.8933,0.3067,0.0541,0.749842
0.8933,0.3067,0.1618,0.663725
0.8933,0.3067,0.2675,0.527430
0.8933,0.3067,0.3701,0.295114
0.8933,0.3067,0.4684,0.177380
0.8933,0.3067,0.5612,0.083589
0.8933,0.3067,0.6474,0.076164
0.8933,0.3067,0.7260,0.048452
0.8933,0.3067,0.7961,0.046064
0.8933,0.3067,0.8569,0.044518
0.8933,0.3067,0.9076,0.041375
0.8933,0.3067,0.9477,0.041867
0.8933,0.3067,0.9766,0.041055
0.8933,0.3067,0.9941,0.040463
0.8933,0.3067,1.0000,0.039642
0.8933,0.3600,-1.0000,0.040505
0.8933,0.3600,-0.9941,0.041799
0.8933,0.3600,-0.9766,0.040130
0.8933,0.3600,-0.9477,0.040609
0.8933,0.3600,-0.9076,0.042029
0.8933,0.3600,-0.8569,0.040847
0.8933,0.3600,-0.7961,0.044433
0.8933,0.3600,-0.7260,0.056623
0.8933,0.3600,-0.6474,0.070241
0.8933,0.3600,-0.5612,0.117343
0.8933,0.3600,-0.4684,0.178915
0.8933,0.3600,-0.3701,0.295306
0.8933,0.3600,-0.2675,0.486409
0.8933,0.3600,-0.1618,0.651776
0.8933,0.3600,-0.0541,0.742528
0.8933,0.3600,0.0541,0.718783
0.8933,0.3600,0.1618,0.632647
0.8933,0.3600,0.2675,0.512670
0.8933,0.3600,0.3701,0.314699
0.8933,0.3600,0.4684,0.145745
0.8933,0.3600,0.5612,0.082052
0.8933,0.3600,0.6474,0.065616
0.8933,0.3600,0.7260,0.044706
0.8933,0.3600,0.7961,0.047629
0.8933,0.3600,0.8569,0.045125
0.8933,0.3600,0.9076,0.045171
0.8933,0.3600,0.9477,0.044061
0.8933,0.3600,0.9766,0.045651
0.8933,0.3600,0.9941,0.045988
0.8933,0.3600,1.0000,0.045434
0.8933,0.4133,-1.0000,0.042324
0.8933,0.4133,-0.9941,0.042580
0.8933,0.4133,-0.9766,0.043273
0.8933,0.4133,-0.9477,0.045491
0.8933,0.4133,-0.9076,0.044972
0.8933,0.4133,-0.8569,0.046964
0.8933,0.4133,-0.7961,0.049682
0.8933,0.4133,-0.7260,0.062783
0.8933,0.4133,-0.6474,0.061853
0.8933,0.4133,-0.5612,0.097533
0.8933,0.4133,-0.4684,0.151624
0.8933,0.4133,-0.3701,0.285909
0.8933,0.4133,-0.2675,0.499482
0.8933,0.4133,-0.1618,0.649771
0.8933,0.4133,-0.0541,0.691684
0.8933,0.4133,0.0541,0.669866
0.8933,0.4133,0.1618,0.586914
0.8933,0.4133,0.2675,0.430997
0.8933,0.4133,0.3701,0.223029
0.8933,0.4133,0.4684,0.143654
0.8933,0.4133,0.5612,0.071814
0.8933,0.4133,0.6474,0.062500
0.8933,0.4133,0.7260,0.060639
0.8933,0.4133,0.7961,0.057355
0.8933,0.4133,0.8569,0.056005
0.8933,0.4133,0.9076,0.054089
0.8933,0.4133,0.9477,0.055330
0.8933,0.4133,0.9766,0.055066
0.8933,0.4133,0.9941,0.051219
0.8933,0.4133,1.0000,0.050153
0.8933,0.4667,-1.0000,0.038861
0.8933,0.4667,-0.9941,0.040213
0.8933,0.4667,-0.9766,0.041812
0.8933,0.4667,-0.9477,0.042982
0.8933,0.4667,-0.9076,0.044014
0.8933,0.4667,-0.8569,0.043257
0.8933,0.4667,-0.7961,0.044507
0.8933,0.4667,-0.7260,0.048742
0.8933,0.4667,-0.6474,0.055228
0.8933,0.4667,-0.5612,0.066187
0.8933,0.4667,-0.4684,0.164274
0.8933,0.4667,-0.3701,0.230450
0.8933,0.4667,-0.2675,0.429266
0.8933,0.4667,-0.1618,0.653490
0.8933,0.4667,-0.0541,0.726782
0.8933,0.4667,0.0541,0.584507
0.8933,0.4667,0.1618,0.512624
0.8933,0.4667,0.2675,0.298550
0.8933,0.4667,0.3701,0.117580
0.8933,0.4667,0.4684,0.086130
0.8933,0.4667,0.5612,0.071754
0.8933,0.4667,0.6474,0.067066
0.8933,0.4667,0.7260,0.061915
0.8933,0.4667,0.7961,0.057732
0.8933,0.4667,0.8569,0.056433
0.8933,0.4667,0.9076,0.053609
0.8933,0.4667,0.9477,0.051120
0.8933,0.4667,0.9766,0.050012
0.8933,0.4667,0.9941,0.046852
0.8933,0.4667,1.0000,0.046297
0.8933,0.5200,-1.0000,0.032751
0.8933,0.5200,-0.9941,0.031012
0.8933,0.5200,-0.9766,0.032776
0.8933,0.5200,-0.9477,0.032558
0.8933,0.5200,-0.9076,0.034396
0.8933,0.5200,-0.8569,0.034584
0.8933,0.5200,-0.7961,0.144293
0.8933,0.5200,-0.7260,0.036930
0.8933,0.5200,-0.6474,0.189102
0.8933,0.5200,-0.5612,0.302068
0.8933,0.5200,-0.4684,0.470117
0.8933,0.5200,-0.3701,0.566333
0.8933,0.5200,-0.2675,0.699251
0.8933,0.5200,-0.1618,0.772030
0.8933,0.5200,-0.0541,0.750810
0.8933,0.5200,0.0541,0.410783
0.8933,0.5200,0.1618,0.334866
0.8933,0.5200,0.2675,0.253974
0.8933,0.5200,0.3701,0.128913
0.8933,0.5200,0.4684,0.062265
0.8933,0.5200,0.5612,0.054362
0.8933,0.5200,0.6474,0.051435
0.8933,0.5200,0.7260,0.047976
0.8933,0.5200,0.7961,0.045259
0.8933,0.5200,0.8569,0.042781
0.8933,0.5200,0.9076,0.039929
0.8933,0.5200,0.9477,0.039114
0.8933,0.5200,0.9766,0.038327
0.8933,0.5200,0.9941,0.038073
0.8933,0.5200,1.0000,0.037261
0.8933,0.5733,-1.0000,0.020319
0.8933,0.5733,-0.9941,0.368832
0.8933,0.5733,-0.9766,0.301844
0.8933,0.5733,-0.9477,0.459443
0.8933,0.5733,-0.9076,0.512419
0.8933,0.5733,-0.8569,0.527132
0.8933,0.5733,-0.7961,0.637983
0.8933,0.5733,-0.7260,0.734040
0.8933,0.5733,-0.6474,0.711421
0.8933,0.5733,-0.5612,0.797776
0.8933,0.5733,-0.4684,0.852878
0.8933,0.5733,-0.3701,0.853971
0.8933,0.5733,-0.2675,0.877133
0.8933,0.5733,-0.1618,0.840634
0.8933,0.5733,-0.0541,0.692729
0.8933,0.5733,0.0541,0.174620
0.8933,0.5733,0.1618,0.223729
0.8933,0.5733,0.2675,0.144421
0.8933,0.5733,0.3701,0.134463
0.8933,0.5733,0.4684,0.038124
0.8933,0.5733,0.5612,0.035624
0.8933,0.5733,0.6474,0.032695
0.8933,0.5733,0.7260,0.032514
0.8933,0.5733,0.7961,0.029804
0.8933,0.5733,0.8569,0.030184
0.8933,0.5733,0.9076,0.028341
0.8933,0.5733,0.9477,0.027793
0.8933,0.5733,0.9766,0.027649
0.8933,0.5733,0.9941,0.026906
0.8933,0.5733,1.0000,0.027243
0.8933,0.6267,-1.0000,0.870778
0.8933,0.6267,-0.9941,0.881872
0.8933,0.6267,-0.9766,0.884651
0.8933,0.6267,-0.9477,0.911910
0.8933,0.6267,-0.9076,0.929861
0.8933,0.6267,-0.8569,0.932253
0.8933,0.6267,-0.7961,0.938554
0.8933,0.6267,-0.7260,0.936400
0.8933,0.6267,-0.6474,0.937710
0.8933,0.6267,-0.5612,0.936154
0.8933,0.6267,-0.4684,0.928752
0.8933,0.6267,-0.3701,0.914232
0.8933,0.6267,-0.2675,0.890555
0.8933,0.6267,-0.1618,0.837118
0.8933,0.6267,-0.0541,0.653234
0.8933,0.6267,0.0541,0.080822
0.8933,0.6267,0.1618,0.152618
0.8933,0.6267,0.2675,0.089969
0.8933,0.6267,0.3701,0.072021
0.8933,0.6267,0.4684,0.024515
0.8933,0.6267,0.5612,0.024431
0.8933,0.6267,0.6474,0.023311
0.8933,0.6267,0.7260,0.023154
0.8933,0.6267,0.7961,0.020934
0.8933,0.6267,0.8569,0.023698
0.8933,0.6267,0.9076,0.021822
0.8933,0.6267,0.9477,0.022017
0.8933,0.6267,0.9766,0.022135
0.8933,0.6267,0.9941,0.020625
0.8933,0.6267,1.0000,0.019220
0.8933,0.6800,-1.0000,0.965602
0.8933,0.6800,-0.9941,0.966873
0.8933,0.6800,-0.9766,0.967183
0.8933,0.6800,-0.9477,0.966754
0.8933,0.6800,-0.9076,0.964887
0.8933,0.6800,-0.8569,0.962749
0.8933,0.6800,-0.7961,0.959447
0.8933,0.6800,-0.7260,0.956082
0.8933,0.6800,-0.6474,0.950241
0.8933,0.6800,-0.5612,0.942639
0.8933,0.6800,-0.4684,0.931689
0.8933,0.6800,-0.3701,0.914746
0.8933,0.6800,-0.2675,0.887672
0.8933,0.6800,-0.1618,0.829640
0.8933,0.6800,-0.0541,0.641054
0.8933,0.6800,0.0541,0.018261
0.8933,0.6800,0.1618,0.018191
0.8933,0.6800,0.2675,0.019448
0.8933,0.6800,0.3701,0.019766
0.8933,0.6800,0.4684,0.018655
0.8933,0.6800,0.5612,0.017367
0.8933,0.6800,0.6474,0.018133
0.8933,0.6800,0.7260,0.017398
0.8933,0.6800,0.7961,0.016312
0.8933,0.6800,0.8569,0.015961
0.8933,0.6800,0.9076,0.016524
0.8933,0.6800,0.9477,0.015453
0.8933,0.6800,0.9766,0.015317
0.8933,0.6800,0.9941,0.014884
0.8933,0.6800,1.0000,0.014313
0.8933,0.7333,-1.0000,0.970119
0.8933,0.7333,-0.9941,0.969108
0.8933,0.7333,-0.9766,0.967082
0.8933,0.7333,-0.9477,0.964954
0.8933,0.7333,-0.9076,0.962839
0.8933,0.7333,-0.8569,0.960246
0.8933,0.7333,-0.7961,0.956329
0.8933,0.7333,-0.7260,0.950918
0.8933,0.7333,-0.6474,0.943918
0.8933,0.7333,-0.5612,0.935315
0.8933,0.7333,-0.4684,0.922996
0.8933,0.7333,-0.3701,0.904135
0.8933,0.7333,-0.2675,0.871727
0.8933,0.7333,-0.1618,0.809077
0.8933,0.7333,-0.0541,0.610087
0.8933,0.7333,0.0541,0.011926
0.8933,0.7333,0.1618,0.011564
0.8933,0.7333,0.2675,0.011233
0.8933,0.7333,0.3701,0.011129
0.8933,0.7333,0.4684,0.010334
0.8933,0.7333,0.5612,0.010405
0.8933,0.7333,0.6474,0.010233
0.8933,0.7333,0.7260,0.010025
0.8933,0.7333,0.7961,0.091679
0.8933,0.7333,0.8569,0.009270
0.8933,0.7333,0.9076,0.009049
0.8933,0.7333,0.9477,0.008820
0.8933,0.7333,0.9766,0.008567
0.8933,0.7333,0.9941,0.008538
0.8933,0.7333,1.0000,0.008240
0.8933,0.7867,-1.0000,0.950493
0.8933,0.7867,-0.9941,0.949716
0.8933,0.7867,-0.9766,0.947442
0.8933,0.7867,-0.9477,0.945404
0.8933,0.7867,-0.9076,0.941931
0.8933,0.7867,-0.8569,0.937737
0.8933,0.7867,-0.7961,0.932980
0.8933,0.7867,-0.7260,0.925509
0.8933,0.7867,-0.6474,0.917563
0.8933,0.7867,-0.5612,0.904743
0.8933,0.7867,-0.4684,0.887635
0.8933,0.7867,-0.3701,0.861378
0.8933,0.7867,-0.2675,0.822353
0.8933,0.7867,-0.1618,0.743185
0.8933,0.7867,-0.0541,0.516386
0.8933,0.7867,0.0541,0.005842
0.8933,0.7867,0.1618,0.005864
0.8933,0.7867,0.2675,0.005737
0.8933,0.7867,0.3701,0.005685
0.8933,0.7867,0.4684,0.005598
0.8933,0.7867,0.5612,0.005501
0.8933,0.7867,0.6474,0.005410
0.8933,0.7867,0.7260,0.005296
0.8933,0.7867,0.7961,0.005157
0.8933,0.7867,0.8569,0.005012
0.8933,0.7867,0.9076,0.004898
0.8933,0.7867,0.9477,0.004709
0.8933,0.7867,0.9766,0.004587
0.8933,0.7867,0.9941,0.004366
0.8933,0.7867,1.0000,0.004240
0.8933,0.8400,-1.0000,0.888485
0.8933,0.8400,-0.9941,0.885663
0.8933,0.8400,-0.9766,0.880887
0.8933,0.8400,-0.9477,0.876428
0.8933,0.8400,-0.9076,0.868173
0.8933,0.8400,-0.8569,0.859379
0.8933,0.8400,-0.7961,0.847624
0.8933,0.8400,-0.7260,0.834485
0.8933,0.8400,-0.6474,0.817484
0.8933,0.8400,-0.5612,0.794046
0.8933,0.8400,-0.4684,0.762597
0.8933,0.8400,-0.3701,0.716295
0.8933,0.8400,-0.2675,0.649891
0.8933,0.8400,-0.1618,0.539710
0.8933,0.8400,-0.0541,0.302798
0.8933,0.8400,0.0541,0.002218
0.8933,0.8400,0.1618,0.002176
0.8933,0.8400,0.2675,0.002149
0.8933,0.8400,0.3701,0.002111
0.8933,0.8400,0.4684,0.002049
0.8933,0.8400,0.5612,0.002013
0.8933,0.8400,0.6474,0.001959
0.8933,0.8400,0.7260,0.001883
0.8933,0.8400,0.7961,0.001843
0.8933,0.8400,0.8569,0.001785
0.8933,0.8400,0.9076,0.001717
0.8933,0.8400,0.9477,0.001635
0.8933,0.8400,0.9766,0.001584
0.8933,0.8400,0.9941,0.001518
0.8933,0.8400,1.0000,0.001446
0.8933,0.8933,-1.0000,1.002705
0.8933,0.8933,-0.9941,1.002115
0.8933,0.8933,-0.9766,1.001651
0.8933,0.8933,-0.9477,1.001250
0.8933,0.8933,-0.9076,1.001039
0.8933,0.8933,-0.8569,1.000636
0.8933,0.8933,-0.7961,1.000614
0.8933,0.8933,-0.7260,1.000878
0.8933,0.8933,-0.6474,1.000993
0.8933,0.8933,-0.5612,1.001333
0.8933,0.8933,-0.4684,1.001589
0.8933,0.8933,-0.3701,1.001747
0.8933,0.8933,-0.2675,1.002080
0.8933,0.8933,-0.1618,1.002512
0.8933,0.8933,-0.0541,1.002972
0.8933,0.8933,0.0541,1.003442
0.8933,0.8933,0.1618,1.004000
0.8933,0.8933,0.2675,1.004410
0.8933,0.8933,0.3701,1.005065
0.8933,0.8933,0.4684,1.005474
0.8933,0.8933,0.5612,1.006319
0.8933,0.8933,0.6474,1.006886
0.8933,0.8933,0.7260,1.007461
0.8933,0.8933,0.7961,1.008058
0.8933,0.8933,0.8569,1.008569
0.8933,0.8933,0.9076,1.009188
0.8933,0.8933,0.9477,1.009949
0.8933,0.8933,0.9766,1.010555
0.8933,0.8933,0.9941,1.011389
0.8933,0.8933,1.0000,1.012046
0.9467,0.2000,-1.0000,0.043153
0.9467,0.2000,-0.9941,0.044148
0.9467,0.2000,-0.9766,0.043320
0.9467,0.2000,-0.9477,0.044942
0.9467,0.2000,-0.9076,0.047730
0.9467,0.2000,-0.8569,0.051885
0.9467,0.2000,-0.7961,0.054411
0.9467,0.2000,-0.7260,0.061094
0.9467,0.2000,-0.6474,0.081540
0.9467,0.2000,-0.5612,0.141566
0.9467,0.2000,-0.4684,0.250038
0.9467,0.2000,-0.3701,0.354880
0.9467,0.2000,-0.2675,0.546142
0.9467,0.2000,-0.1618,0.712209
0.9467,0.2000,-0.0541,0.820581
0.9467,0.2000,0.0541,0.768575
0.9467,0.2000,0.1618,0.728683
0.9467,0.2000,0.2675,0.573930
0.9467,0.2000,0.3701,0.363990
0.9467,0.2000,0.4684,0.198393
0.9467,0.2000,0.5612,0.136794
0.9467,0.2000,0.6474,0.066535
0.9467,0.2000,0.7260,0.053744
0.9467,0.2000,0.7961,0.048954
0.9467,0.2000,0.8569,0.045819
0.9467,0.2000,0.9076,0.044827
0.9467,0.2000,0.9477,0.044413
0.9467,0.2000,0.9766,0.043203
0.9467,0.2000,0.9941,0.041967
0.9467,0.2000,1.0000,0.041151
0.9467,0.2533,-1.0000,0.041563
0.9467,0.2533,-0.9941,0.041672
0.9467,0.2533,-0.9766,0.041651
0.9467,0.2533,-0.9477,0.043529
0.9467,0.2533,-0.9076,0.045532
0.9467,0.2533,-0.8569,0.046942
0.9467,0.2533,-0.7961,0.051840
0.9467,0.2533,-0.7260,0.065289
0.9467,0.2533,-0.6474,0.080410
0.9467,0.2533,-0.5612,0.139807
0.9467,0.2533,-0.4684,0.209861
0.9467,0.2533,-0.3701,0.368756
0.9467,0.2533,-0.2675,0.525822
0.9467,0.2533,-0.1618,0.684286
0.9467,0.2533,-0.0541,0.781424
0.9467,0.2533,0.0541,0.773942
0.9467,0.2533,0.1618,0.707667
0.9467,0.2533,0.2675,0.554207
0.9467,0.2533,0.3701,0.302835
0.9467,0.2533,0.4684,0.208727
0.9467,0.2533,0.5612,0.102455
0.9467,0.2533,0.6474,0.067435
0.9467,0.2533,0.7260,0.053746
0.9467,0.2533,0.7961,0.051466
0.9467,0.2533,0.8569,0.045596
0.9467,0.2533,0.9076,0.043660
0.9467,0.2533,0.9477,0.043458
0.9467,0.2533,0.9766,0.042497
0.9467,0.2533,0.9941,0.041832
0.9467,0.2533,1.0000,0.041495
0.9467,0.3067,-1.0000,0.041007
0.9467,0.3067,-0.9941,0.041389
0.9467,0.3067,-0.9766,0.041648
0.9467,0.3067,-0.9477,0.042809
0.9467,0.3067,-0.9076,0.044765
0.9467,0.3067,-0.8569,0.045611
0.9467,0.3067,-0.7961,0.049397
0.9467,0.3067,-0.7260,0.054843
0.9467,0.3067,-0.6474,0.082441
0.9467,0.3067,-0.5612,0.141261
0.9467,0.3067,-0.4684,0.206477
0.9467,0.3067,-0.3701,0.339533
0.9467,0.3067,-0.2675,0.505590
0.9467,0.3067,-0.1618,0.706695
0.9467,0.3067,-0.0541,0.742047
0.9467,0.3067,0.0541,0.743227
0.9467,0.3067,0.1618,0.681878
0.9467,0.3067,0.2675,0.492247
0.9467,0.3067,0.3701,0.345836
0.9467,0.3067,0.4684,0.171785
0.9467,0.3067,0.5612,0.103357
0.9467,0.3067,0.6474,0.076533
0.9467,0.3067,0.7260,0.053694
0.9467,0.3067,0.7961,0.045032
0.9467,0.3067,0.8569,0.045032
0.9467,0.3067,0.9076,0.043329
0.9467,0.3067,0.9477,0.043311
0.9467,0.3067,0.9766,0.041353
0.9467,0.3067,0.9941,0.040006
0.9467,0.3067,1.0000,0.042630
0.9467,0.3600,-1.0000,0.039504
0.9467,0.3600,-0.9941,0.041192
0.9467,0.3600,-0.9766,0.039979
0.9467,0.3600,-0.9477,0.041203
0.9467,0.3600,-0.9076,0.041416
0.9467,0.3600,-0.8569,0.042118
0.9467,0.3600,-0.7961,0.046550
0.9467,0.3600,-0.7260,0.046575
0.9467,0.3600,-0.6474,0.112274
0.9467,0.3600,-0.5612,0.120167
0.9467,0.3600,-0.4684,0.227926
0.9467,0.3600,-0.3701,0.378269
0.9467,0.3600,-0.2675,0.546280
0.9467,0.3600,-0.1618,0.662619
0.9467,0.3600,-0.0541,0.755587
0.9467,0.3600,0.0541,0.718207
0.9467,0.3600,0.1618,0.678367
0.9467,0.3600,0.2675,0.490282
0.9467,0.3600,0.3701,0.294852
0.9467,0.3600,0.4684,0.169403
0.9467,0.3600,0.5612,0.083061
0.9467,0.3600,0.6474,0.056829
0.9467,0.3600,0.7260,0.046470
0.9467,0.3600,0.7961,0.046728
0.9467,0.3600,0.8569,0.043062
0.9467,0.3600,0.9076,0.043390
0.9467,0.3600,0.9477,0.042623
0.9467,0.3600,0.9766,0.041498
0.9467,0.3600,0.9941,0.043819
0.9467,0.3600,1.0000,0.041138
0.9467,0.4133,-1.0000,0.043118
0.9467,0.4133,-0.9941,0.045784
0.9467,0.4133,-0.9766,0.044109
0.9467,0.4133,-0.9477,0.044387
0.9467,0.4133,-0.9076,0.045178
0.9467,0.4133,-0.8569,0.044722
0.9467,0.4133,-0.7961,0.046600
0.9467,0.4133,-0.7260,0.061181
0.9467,0.4133,-0.6474,0.064953
0.9467,0.4133,-0.5612,0.111513
0.9467,0.4133,-0.4684,0.188400
0.9467,0.4133,-0.3701,0.303035
0.9467,0.4133,-0.2675,0.521710
0.9467,0.4133,-0.1618,0.676771
0.9467,0.4133,-0.0541,0.715199
0.9467,0.4133,0.0541,0.705099
0.9467,0.4133,0.1618,0.671768
0.9467,0.4133,0.2675,0.498642
0.9467,0.4133,0.3701,0.239158
0.9467,0.4133,0.4684,0.136676
0.9467,0.4133,0.5612,0.085076
0.9467,0.4133,0.6474,0.060859
0.9467,0.4133,0.7260,0.055713
0.9467,0.4133,0.7961,0.054703
0.9467,0.4133,0.8569,0.055537
0.9467,0.4133,0.9076,0.051771
0.9467,0.4133,0.9477,0.052346
0.9467,0.4133,0.9766,0.052683
0.9467,0.4133,0.9941,0.050709
0.9467,0.4133,1.0000,0.050257
0.9467,0.4667,-1.0000,0.043600
0.9467,0.4667,-0.9941,0.044230
0.9467,0.4667,-0.9766,0.045995
0.9467,0.4667,-0.9477,0.046096
0.9467,0.4667,-0.9076,0.045617
0.9467,0.4667,-0.8569,0.048882
0.9467,0.4667,-0.7961,0.051689
0.9467,0.4667,-0.7260,0.054650
0.9467,0.4667,-0.6474,0.065879
0.9467,0.4667,-0.5612,0.086340
0.9467,0.4667,-0.4684,0.142550
0.9467,0.4667,-0.3701,0.300937
0.9467,0.4667,-0.2675,0.472790
0.9467,0.4667,-0.1618,0.617167
0.9467,0.4667,-0.0541,0.703670
0.9467,0.4667,0.0541,0.661061
0.9467,0.4667,0.1618,0.578926
0.9467,0.4667,0.2675,0.379531
0.9467,0.4667,0.3701,0.175781
0.9467,0.4667,0.4684,0.098049
0.9467,0.4667,0.5612,0.073855
0.9467,0.4667,0.6474,0.067480
0.9467,0.4667,0.7260,0.064192
0.9467,0.4667,0.7961,0.062266
0.9467,0.4667,0.8569,0.057166
0.9467,0.4667,0.9076,0.056174
0.9467,0.4667,0.9477,0.053482
0.9467,0.4667,0.9766,0.054491
0.9467,0.4667,0.9941,0.051725
0.9467,0.4667,1.0000,0.050438
0.9467,0.5200,-1.0000,0.038107
0.9467,0.5200,-0.9941,0.036853
0.9467,0.5200,-0.9766,0.039604
0.9467,0.5200,-0.9477,0.040021
0.9467,0.5200,-0.9076,0.041070
0.9467,0.5200,-0.8569,0.042212
0.9467,0.5200,-0.7961,0.043326
0.9467,0.5200,-0.7260,0.048023
0.9467,0.5200,-0.6474,0.050422
0.9467,0.5200,-0.5612,0.051162
0.9467,0.5200,-0.4684,0.162148
0.9467,0.5200,-0.3701,0.288566
0.9467,0.5200,-0.2675,0.549177
0.9467,0.5200,-0.1618,0.682115
0.9467,0.5200,-0.0541,0.721071
0.9467,0.5200,0.0541,0.539271
0.9467,0.5200,0.1618,0.454184
0.9467,0.5200,0.2675,0.262428
0.9467,0.5200,0.3701,0.096759
0.9467,0.5200,0.4684,0.078192
0.9467,0.5200,0.5612,0.069250
0.9467,0.5200,0.6474,0.062097
0.9467,0.5200,0.7260,0.058376
0.9467,0.5200,0.7961,0.054020
0.9467,0.5200,0.8569,0.051465
0.9467,0.5200,0.9076,0.048341
0.9467,0.5200,0.9477,0.047045
0.9467,0.5200,0.9766,0.046223
0.9467,0.5200,0.9941,0.044483
0.9467,0.5200,1.0000,0.042096
0.9467,0.5733,-1.0000,0.028587
0.9467,0.5733,-0.9941,0.027804
0.9467,0.5733,-0.9766,0.028912
0.9467,0.5733,-0.9477,0.028623
0.9467,0.5733,-0.9076,0.029143
0.9467,0.5733,-0.8569,0.139999
0.9467,0.5733,-0.7961,0.265372
0.9467,0.5733,-0.7260,0.338616
0.9467,0.5733,-0.6474,0.399109
0.9467,0.5733,-0.5612,0.509513
0.9467,0.5733,-0.4684,0.616591
0.9467,0.5733,-0.3701,0.674055
0.9467,0.5733,-0.2675,0.784868
0.9467,0.5733,-0.1618,0.796565
0.9467,0.5733,-0.0541,0.715968
0.9467,0.5733,0.0541,0.353918
0.9467,0.5733,0.1618,0.192092
0.9467,0.5733,0.2675,0.107620
0.9467,0.5733,0.3701,0.156348
0.9467,0.5733,0.4684,0.050310
0.9467,0.5733,0.5612,0.047051
0.9467,0.5733,0.6474,0.045521
0.9467,0.5733,0.7260,0.040742
0.9467,0.5733,0.7961,0.039828
0.9467,0.5733,0.8569,0.037723
0.9467,0.5733,0.9076,0.036587
0.9467,0.5733,0.9477,0.036218
0.9467,0.5733,0.9766,0.034567
0.9467,0.5733,0.9941,0.033847
0.9467,0.5733,1.0000,0.032669
0.9467,0.6267,-1.0000,0.631548
0.9467,0.6267,-0.9941,0.623348
0.9467,0.6267,-0.9766,0.698694
0.9467,0.6267,-0.9477,0.746172
0.9467,0.6267,-0.9076,0.771000
0.9467,0.6267,-0.8569,0.811069
0.9467,0.6267,-0.7961,0.820354
0.9467,0.6267,-0.7260,0.864160
0.9467,0.6267,-0.6474,0.881669
0.9467,0.6267,-0.5612,0.899712
0.9467,0.6267,-0.4684,0.906782
0.9467,0.6267,-0.3701,0.903062
0.9467,0.6267,-0.2675,0.881033
0.9467,0.6267,-0.1618,0.837592
0.9467,0.6267,-0.0541,0.667906
0.9467,0.6267,0.0541,0.101400
0.9467,0.6267,0.1618,0.156749
0.9467,0.6267,0.2675,0.185976
0.9467,0.6267,0.3701,0.162418
0.9467,0.6267,0.4684,0.029793
0.9467,0.6267,0.5612,0.030084
0.9467,0.6267,0.6474,0.029514
0.9467,0.6267,0.7260,0.026775
0.9467,0.6267,0.7961,0.027341
0.9467,0.6267,0.8569,0.026392
0.9467,0.6267,0.9076,0.026215
0.9467,0.6267,0.9477,0.027020
0.9467,0.6267,0.9766,0.026216
0.9467,0.6267,0.9941,0.025164
0.9467,0.6267,1.0000,0.023436
0.9467,0.6800,-1.0000,0.935569
0.9467,0.6800,-0.9941,0.949415
0.9467,0.6800,-0.9766,0.951586
0.9467,0.6800,-0.9477,0.957499
0.9467,0.6800,-0.9076,0.957789
0.9467,0.6800,-0.8569,0.953759
0.9467,0.6800,-0.7961,0.952564
0.9467,0.6800,-0.7260,0.952141
0.9467,0.6800,-0.6474,0.947443
0.9467,0.6800,-0.5612,0.940932
0.9467,0.6800,-0.4684,0.930552
0.9467,0.6800,-0.3701,0.914391
0.9467,0.6800,-0.2675,0.887693
0.9467,0.6800,-0.1618,0.834462
0.9467,0.6800,-0.0541,0.651382
0.9467,0.6800,0.0541,0.052329
0.9467,0.6800,0.1618,0.101747
0.9467,0.6800,0.2675,0.024366
0.9467,0.6800,0.3701,0.024883
0.9467,0.6800,0.4684,0.021646
0.9467,0.6800,0.5612,0.023610
0.9467,0.6800,0.6474,0.022292
0.9467,0.6800,0.7260,0.022673
0.9467,0.6800,0.7961,0.021818
0.9467,0.6800,0.8569,0.020591
0.9467,0.6800,0.9076,0.021988
0.9467,0.6800,0.9477,0.020774
0.9467,0.6800,0.9766,0.021482
0.9467,0.6800,0.9941,0.020172
0.9467,0.6800,1.0000,0.019678
0.9467,0.7333,-1.0000,0.971055
0.9467,0.7333,-0.9941,0.970466
0.9467,0.7333,-0.9766,0.968772
0.9467,0.7333,-0.9477,0.967720
0.9467,0.7333,-0.9076,0.966209
0.9467,0.7333,-0.8569,0.963962
0.9467,0.7333,-0.7961,0.960246
0.9467,0.7333,-0.7260,0.955327
0.9467,0.7333,-0.6474,0.950085
0.9467,0.7333,-0.5612,0.942132
0.9467,0.7333,-0.4684,0.930714
0.9467,0.7333,-0.3701,0.914168
0.9467,0.7333,-0.2675,0.885449
0.9467,0.7333,-0.1618,0.827205
0.9467,0.7333,-0.0541,0.636498
0.9467,0.7333,0.0541,0.025741
0.9467,0.7333,0.1618,0.038134
0.9467,0.7333,0.2675,0.048391
0.9467,0.7333,0.3701,0.061186
0.9467,0.7333,0.4684,0.070671
0.9467,0.7333,0.5612,0.016413
0.9467,0.7333,0.6474,0.016059
0.9467,0.7333,0.7260,0.016441
0.9467,0.7333,0.7961,0.015387
0.9467,0.7333,0.8569,0.015635
0.9467,0.7333,0.9076,0.014050
0.9467,0.7333,0.9477,0.013993
0.9467,0.7333,0.9766,0.012849
0.9467,0.7333,0.9941,0.012958
0.9467,0.7333,1.0000,0.012816
0.9467,0.7867,-1.0000,0.968316
0.9467,0.7867,-0.9941,0.967170
0.9467,0.7867,-0.9766,0.965194
0.9467,0.7867,-0.9477,0.963763
0.9467,0.7867,-0.9076,0.961292
0.9467,0.7867,-0.8569,0.957941
0.9467,0.7867,-0.7961,0.953523
0.9467,0.7867,-0.7260,0.948664
0.9467,0.7867,-0.6474,0.941750
0.9467,0.7867,-0.5612,0.932645
0.9467,0.7867,-0.4684,0.919382
0.9467,0.7867,-0.3701,0.899956
0.9467,0.7867,-0.2675,0.867657
0.9467,0.7867,-0.1618,0.801571
0.9467,0.7867,-0.0541,0.598615
0.9467,0.7867,0.0541,0.010627
0.9467,0.7867,0.1618,0.010077
0.9467,0.7867,0.2675,0.010054
0.9467,0.7867,0.3701,0.009641
0.9467,0.7867,0.4684,0.009926
0.9467,0.7867,0.5612,0.009665
0.9467,0.7867,0.6474,0.009147
0.9467,0.7867,0.7260,0.009415
0.9467,0.7867,0.7961,0.008835
0.9467,0.7867,0.8569,0.008474
0.9467,0.7867,0.9076,0.008340
0.9467,0.7867,0.9477,0.008081
0.9467,0.7867,0.9766,0.008029
0.9467,0.7867,0.9941,0.007784
0.9467,0.7867,1.0000,0.007378
0.9467,0.8400,-1.0000,0.942481
0.9467,0.8400,-0.9941,0.941416
0.9467,0.8400,-0.9766,0.939548
0.9467,0.8400,-0.9477,0.936360
0.9467,0.8400,-0.9076,0.933029
0.9467,0.8400,-0.8569,0.929139
0.9467,0.8400,-0.7961,0.922478
0.9467,0.8400,-0.7260,0.916047
0.9467,0.8400,-0.6474,0.905890
0.9467,0.8400,-0.5612,0.892067
0.9467,0.8400,-0.4684,0.874729
0.9467,0.8400,-0.3701,0.847451
0.9467,0.8400,-0.2675,0.804762
0.9467,0.8400,-0.1618,0.719553
0.9467,0.8400,-0.0541,0.488358
0.9467,0.8400,0.0541,0.005221
0.9467,0.8400,0.1618,0.005105
0.9467,0.8400,0.2675,0.005051
0.9467,0.8400,0.3701,0.005018
0.9467,0.8400,0.4684,0.004978
0.9467,0.8400,0.5612,0.004868
0.9467,0.8400,0.6474,0.004749
0.9467,0.8400,0.7260,0.004568
0.9467,0.8400,0.7961,0.004414
0.9467,0.8400,0.8569,0.004289
0.9467,0.8400,0.9076,0.004103
0.9467,0.8400,0.9477,0.003958
0.9467,0.8400,0.9766,0.003802
0.9467,0.8400,0.9941,0.003642
0.9467,0.8400,1.0000,0.003507
0.9467,0.8933,-1.0000,0.882369
0.9467,0.8933,-0.9941,0.878666
0.9467,0.8933,-0.9766,0.874145
0.9467,0.8933,-0.9477,0.868071
0.9467,0.8933,-0.9076,0.860512
0.9467,0.8933,-0.8569,0.851725
0.9467,0.8933,-0.7961,0.840161
0.9467,0.8933,-0.7260,0.824001
0.9467,0.8933,-0.6474,0.806423
0.9467,0.8933,-0.5612,0.783551
0.9467,0.8933,-0.4684,0.748558
0.9467,0.8933,-0.3701,0.702870
0.9467,0.8933,-0.2675,0.634147
0.9467,0.8933,-0.1618,0.520984
0.9467,0.8933,-0.0541,0.288281
0.9467,0.8933,0.0541,0.002066
0.9467,0.8933,0.1618,0.002038
0.9467,0.8933,0.2675,0.001982
0.9467,0.8933,0.3701,0.001952
0.9467,0.8933,0.4684,0.001897
0.9467,0.8933,0.5612,0.001863
0.9467,0.8933,0.6474,0.001827
0.9467,0.8933,0.7260,0.001775
0.9467,0.8933,0.7961,0.001720
0.9467,0.8933,0.8569,0.001638
0.9467,0.8933,0.9076,0.001585
0.9467,0.8933,0.9477,0.001535
0.9467,0.8933,0.9766,0.001474
0.9467,0.8933,0.9941,0.001417
0.9467,0.8933,1.0000,0.001349
0.9467,0.9467,-1.0000,0.993268
0.9467,0.9467,-0.9941,0.992872
0.9467,0.9467,-0.9766,0.992151
0.9467,0.9467,-0.9477,0.991952
0.9467,0.9467,-0.9076,0.991701
0.9467,0.9467,-0.8569,0.991334
0.9467,0.9467,-0.7961,0.991165
0.9467,0.9467,-0.7260,0.991437
0.9467,0.9467,-0.6474,0.991608
0.9467,0.9467,-0.5612,0.991781
0.9467,0.9467,-0.4684,0.992257
0.9467,0.9467,-0.3701,0.992400
0.9467,0.9467,-0.2675,0.992848
0.9467,0.9467,-0.1618,0.993358
0.9467,0.9467,-0.0541,0.993679
0.9467,0.9467,0.0541,0.994268
0.9467,0.9467,0.1618,0.994749
0.9467,0.9467,0.2675,0.995470
0.9467,0.9467,0.3701,0.995962
0.9467,0.9467,0.4684,0.996691
0.9467,0.9467,0.5612,0.997441
0.9467,0.9467,0.6474,0.998240
0.9467,0.9467,0.7260,0.998571
0.9467,0.9467,0.7961,0.999415
0.9467,0.9467,0.8569,1.000183
0.9467,0.9467,0.9076,1.000701
0.9467,0.9467,0.9477,1.001522
0.9467,0.9467,0.9766,1.002330
0.9467,0.9467,0.9941,1.003281
0.9467,0.9467,1.0000,1.003903
1.0000,0.2000,-1.0000,0.042489
1.0000,0.2000,-0.9941,0.042836
1.0000,0.2000,-0.9766,0.044650
1.0000,0.2000,-0.9477,0.046035
1.0000,0.2000,-0.9076,0.048068
1.0000,0.2000,-0.8569,0.047695
1.0000,0.2000,-0.7961,0.052782
1.0000,0.2000,-0.7260,0.068933
1.0000,0.2000,-0.6474,0.090986
1.0000,0.2000,-0.5612,0.129344
1.0000,0.2000,-0.4684,0.227050
1.0000,0.2000,-0.3701,0.311611
1.0000,0.2000,-0.2675,0.570147
1.0000,0.2000,-0.1618,0.729008
1.0000,0.2000,-0.0541,0.819478
1.0000,0.2000,0.0541,0.781405
1.0000,0.2000,0.1618,0.711082
1.0000,0.2000,0.2675,0.576424
1.0000,0.2000,0.3701,0.332401
1.0000,0.2000,0.4684,0.215936
1.0000,0.2000,0.5612,0.112585
1.0000,0.2000,0.6474,0.080764
1.0000,0.2000,0.7260,0.052379
1.0000,0.2000,0.7961,0.048921
1.0000,0.2000,0.8569,0.048003
1.0000,0.2000,0.9076,0.044548
1.0000,0.2000,0.9477,0.043947
1.0000,0.2000,0.9766,0.044375
1.0000,0.2000,0.9941,0.042934
1.0000,0.2000,1.0000,0.042313
1.0000,0.2533,-1.0000,0.041374
1.0000,0.2533,-0.9941,0.044684
1.0000,0.2533,-0.9766,0.043167
1.0000,0.2533,-0.9477,0.044159
1.0000,0.2533,-0.9076,0.045912
1.0000,0.2533,-0.8569,0.047249
1.0000,0.2533,-0.7961,0.055399
1.0000,0.2533,-0.7260,0.063442
1.0000,0.2533,-0.6474,0.093299
1.0000,0.2533,-0.5612,0.143204
1.0000,0.2533,-0.4684,0.213116
1.0000,0.2533,-0.3701,0.350362
1.0000,0.2533,-0.2675,0.585449
1.0000,0.2533,-0.1618,0.702971
1.0000,0.2533,-0.0541,0.836431
1.0000,0.2533,0.0541,0.780655
1.0000,0.2533,0.1618,0.728529
1.0000,0.2533,0.2675,0.572136
1.0000,0.2533,0.3701,0.330788
1.0000,0.2533,0.4684,0.190407
1.0000,0.2533,0.5612,0.113879
1.0000,0.2533,0.6474,0.068169
1.0000,0.2533,0.7260,0.054501
1.0000,0.2533,0.7961,0.048743
1.0000,0.2533,0.8569,0.046185
1.0000,0.2533,0.9076,0.044919
1.0000,0.2533,0.9477,0.043508
1.0000,0.2533,0.9766,0.043803
1.0000,0.2533,0.9941,0.041654
1.0000,0.2533,1.0000,0.042364
1.0000,0.3067,-1.0000,0.040260
1.0000,0.3067,-0.9941,0.042360
1.0000,0.3067,-0.9766,0.041872
1.0000,0.3067,-0.9477,0.042707
1.0000,0.3067,-0.9076,0.043951
1.0000,0.3067,-0.8569,0.045334
1.0000,0.3067,-0.7961,0.051987
1.0000,0.3067,-0.7260,0.063402
1.0000,0.3067,-0.6474,0.088626
1.0000,0.3067,-0.5612,0.128961
1.0000,0.3067,-0.4684,0.217588
1.0000,0.3067,-0.3701,0.351352
1.0000,0.3067,-0.2675,0.541590
1.0000,0.3067,-0.1618,0.692601
1.0000,0.3067,-0.0541,0.803269
1.0000,0.3067,0.0541,0.742452
1.0000,0.3067,0.1618,0.711977
1.0000,0.3067,0.2675,0.499789
1.0000,0.3067,0.3701,0.356914
1.0000,0.3067,0.4684,0.188461
1.0000,0.3067,0.5612,0.091381
1.0000,0.3067,0.6474,0.064358
1.0000,0.3067,0.7260,0.052178
1.0000,0.3067,0.7961,0.046562
1.0000,0.3067,0.8569,0.046730
1.0000,0.3067,0.9076,0.043717
1.0000,0.3067,0.9477,0.044033
1.0000,0.3067,0.9766,0.042837
1.0000,0.3067,0.9941,0.042004
1.0000,0.3067,1.0000,0.041570
1.0000,0.3600,-1.0000,0.039873
1.0000,0.3600,-0.9941,0.040246
1.0000,0.3600,-0.9766,0.041757
1.0000,0.3600,-0.9477,0.042727
1.0000,0.3600,-0.9076,0.042694
1.0000,0.3600,-0.8569,0.046329
1.0000,0.3600,-0.7961,0.045705
1.0000,0.3600,-0.7260,0.059199
1.0000,0.3600,-0.6474,0.080822
1.0000,0.3600,-0.5612,0.130860
1.0000,0.3600,-0.4684,0.210710
1.0000,0.3600,-0.3701,0.369111
1.0000,0.3600,-0.2675,0.533611
1.0000,0.3600,-0.1618,0.661903
1.0000,0.3600,-0.0541,0.758151
1.0000,0.3600,0.0541,0.714948
1.0000,0.3600,0.1618,0.672451
1.0000,0.3600,0.2675,0.483346
1.0000,0.3600,0.3701,0.338352
1.0000,0.3600,0.4684,0.195359
1.0000,0.3600,0.5612,0.101026
1.0000,0.3600,0.6474,0.060391
1.0000,0.3600,0.7260,0.051629
1.0000,0.3600,0.7961,0.046892
1.0000,0.3600,0.8569,0.045207
1.0000,0.3600,0.9076,0.042225
1.0000,0.3600,0.9477,0.042054
1.0000,0.3600,0.9766,0.041181
1.0000,0.3600,0.9941,0.041427
1.0000,0.3600,1.0000,0.041256
1.0000,0.4133,-1.0000,0.042684
1.0000,0.4133,-0.9941,0.042865
1.0000,0.4133,-0.9766,0.044414
1.0000,0.4133,-0.9477,0.041297
1.0000,0.4133,-0.9076,0.042296
1.0000,0.4133,-0.8569,0.043039
1.0000,0.4133,-0.7961,0.044819
1.0000,0.4133,-0.7260,0.052553
1.0000,0.4133,-0.6474,0.073175
1.0000,0.4133,-0.5612,0.108426
1.0000,0.4133,-0.4684,0.200239
1.0000,0.4133,-0.3701,0.362095
1.0000,0.4133,-0.2675,0.521422
1.0000,0.4133,-0.1618,0.674648
1.0000,0.4133,-0.0541,0.751669
1.0000,0.4133,0.0541,0.702066
1.0000,0.4133,0.1618,0.644687
1.0000,0.4133,0.2675,0.559225
1.0000,0.4133,0.3701,0.277526
1.0000,0.4133,0.4684,0.161931
1.0000,0.4133,0.5612,0.083666
1.0000,0.4133,0.6474,0.067005
1.0000,0.4133,0.7260,0.049536
1.0000,0.4133,0.7961,0.048935
1.0000,0.4133,0.8569,0.046906
1.0000,0.4133,0.9076,0.046319
1.0000,0.4133,0.9477,0.048668
1.0000,0.4133,0.9766,0.047571
1.0000,0.4133,0.9941,0.048453
1.0000,0.4133,1.0000,0.047077
1.0000,0.4667,-1.0000,0.045004
1.0000,0.4667,-0.9941,0.045644
1.0000,0.4667,-0.9766,0.046761
1.0000,0.4667,-0.9477,0.047155
1.0000,0.4667,-0.9076,0.047731
1.0000,0.4667,-0.8569,0.047989
1.0000,0.4667,-0.7961,0.050033
1.0000,0.4667,-0.7260,0.057381
1.0000,0.4667,-0.6474,0.084994
1.0000,0.4667,-0.5612,0.114957
1.0000,0.4667,-0.4684,0.144892
1.0000,0.4667,-0.3701,0.312762
1.0000,0.4667,-0.2675,0.459252
1.0000,0.4667,-0.1618,0.668783
1.0000,0.4667,-0.0541,0.722119
1.0000,0.4667,0.0541,0.690579
1.0000,0.4667,0.1618,0.652765
1.0000,0.4667,0.2675,0.414050
1.0000,0.4667,0.3701,0.242406
1.0000,0.4667,0.4684,0.123055
1.0000,0.4667,0.5612,0.078957
1.0000,0.4667,0.6474,0.062320
1.0000,0.4667,0.7260,0.061768
1.0000,0.4667,0.7961,0.060350
1.0000,0.4667,0.8569,0.056676
1.0000,0.4667,0.9076,0.057644
1.0000,0.4667,0.9477,0.055384
1.0000,0.4667,0.9766,0.054029
1.0000,0.4667,0.9941,0.051899
1.0000,0.4667,1.0000,0.051304
1.0000,0.5200,-1.0000,0.042229
1.0000,0.5200,-0.9941,0.041606
1.0000,0.5200,-0.9766,0.043498
1.0000,0.5200,-0.9477,0.044623
1.0000,0.5200,-0.9076,0.047081
1.0000,0.5200,-0.8569,0.047224
1.0000,0.5200,-0.7961,0.047621
1.0000,0.5200,-0.7260,0.053171
1.0000,0.5200,-0.6474,0.080869
1.0000,0.5200,-0.5612,0.095617
1.0000,0.5200,-0.4684,0.111725
1.0000,0.5200,-0.3701,0.261440
1.0000,0.5200,-0.2675,0.426152
1.0000,0.5200,-0.1618,0.642475
1.0000,0.5200,-0.0541,0.697353
1.0000,0.5200,0.0541,0.610298
1.0000,0.5200,0.1618,0.553800
1.0000,0.5200,0.2675,0.329166
1.0000,0.5200,0.3701,0.160722
1.0000,0.5200,0.4684,0.085603
1.0000,0.5200,0.5612,0.072823
1.0000,0.5200,0.6474,0.067388
1.0000,0.5200,0.7260,0.064269
1.0000,0.5200,0.7961,0.060908
1.0000,0.5200,0.8569,0.058374
1.0000,0.5200,0.9076,0.057253
1.0000,0.5200,0.9477,0.053399
1.0000,0.5200,0.9766,0.050599
1.0000,0.5200,0.9941,0.049151
1.0000,0.5200,1.0000,0.047364
1.0000,0.5733,-1.0000,0.036045
1.0000,0.5733,-0.9941,0.034595
1.0000,0.5733,-0.9766,0.036866
1.0000,0.5733,-0.9477,0.037561
1.0000,0.5733,-0.9076,0.037675
1.0000,0.5733,-0.8569,0.038782
1.0000,0.5733,-0.7961,0.039425
1.0000,0.5733,-0.7260,0.043568
1.0000,0.5733,-0.6474,0.205603
1.0000,0.5733,-0.5612,0.288790
1.0000,0.5733,-0.4684,0.230612
1.0000,0.5733,-0.3701,0.545070
1.0000,0.5733,-0.2675,0.577326
1.0000,0.5733,-0.1618,0.736340
1.0000,0.5733,-0.0541,0.712587
1.0000,0.5733,0.0541,0.418452
1.0000,0.5733,0.1618,0.353501
1.0000,0.5733,0.2675,0.217064
1.0000,0.5733,0.3701,0.087776
1.0000,0.5733,0.4684,0.066603
1.0000,0.5733,0.5612,0.060660
1.0000,0.5733,0.6474,0.055849
1.0000,0.5733,0.7260,0.050461
1.0000,0.5733,0.7961,0.047338
1.0000,0.5733,0.8569,0.045867
1.0000,0.5733,0.9076,0.044854
1.0000,0.5733,0.9477,0.042793
1.0000,0.5733,0.9766,0.039310
1.0000,0.5733,0.9941,0.039161
1.0000,0.5733,1.0000,0.035880
1.0000,0.6267,-1.0000,0.260252
1.0000,0.6267,-0.9941,0.252342
1.0000,0.6267,-0.9766,0.311038
1.0000,0.6267,-0.9477,0.232473
1.0000,0.6267,-0.9076,0.455897
1.0000,0.6267,-0.8569,0.457630
1.0000,0.6267,-0.7961,0.509216
1.0000,0.6267,-0.7260,0.587147
1.0000,0.6267,-0.6474,0.701550
1.0000,0.6267,-0.5612,0.728248
1.0000,0.6267,-0.4684,0.785458
1.0000,0.6267,-0.3701,0.809761
1.0000,0.6267,-0.2675,0.846658
1.0000,0.6267,-0.1618,0.826309
1.0000,0.6267,-0.0541,0.697549
1.0000,0.6267,0.0541,0.210659
1.0000,0.6267,0.1618,0.246234
1.0000,0.6267,0.2675,0.161709
1.0000,0.6267,0.3701,0.043678
1.0000,0.6267,0.4684,0.040790
1.0000,0.6267,0.5612,0.038134
1.0000,0.6267,0.6474,0.035376
1.0000,0.6267,0.7260,0.035025
1.0000,0.6267,0.7961,0.033623
1.0000,0.6267,0.8569,0.033142
1.0000,0.6267,0.9076,0.033311
1.0000,0.6267,0.9477,0.031186
1.0000,0.6267,0.9766,0.032187
1.0000,0.6267,0.9941,0.029823
1.0000,0.6267,1.0000,0.030345
1.0000,0.6800,-1.0000,0.832967
1.0000,0.6800,-0.9941,0.862013
1.0000,0.6800,-0.9766,0.879981
1.0000,0.6800,-0.9477,0.899263
1.0000,0.6800,-0.9076,0.916655
1.0000,0.6800,-0.8569,0.923131
1.0000,0.6800,-0.7961,0.926725
1.0000,0.6800,-0.7260,0.929944
1.0000,0.6800,-0.6474,0.929959
1.0000,0.6800,-0.5612,0.930635
1.0000,0.6800,-0.4684,0.921714
1.0000,0.6800,-0.3701,0.913606
1.0000,0.6800,-0.2675,0.887179
1.0000,0.6800,-0.1618,0.839746
1.0000,0.6800,-0.0541,0.661906
1.0000,0.6800,0.0541,0.114793
1.0000,0.6800,0.1618,0.163284
1.0000,0.6800,0.2675,0.126636
1.0000,0.6800,0.3701,0.077784
1.0000,0.6800,0.4684,0.087463
1.0000,0.6800,0.5612,0.026666
1.0000,0.6800,0.6474,0.025920
1.0000,0.6800,0.7260,0.026072
1.0000,0.6800,0.7961,0.024434
1.0000,0.6800,0.8569,0.024630
1.0000,0.6800,0.9076,0.023871
1.0000,0.6800,0.9477,0.025357
1.0000,0.6800,0.9766,0.021965
1.0000,0.6800,0.9941,0.020628
1.0000,0.6800,1.0000,0.021774
1.0000,0.7333,-1.0000,0.963705
1.0000,0.7333,-0.9941,0.964605
1.0000,0.7333,-0.9766,0.965259
1.0000,0.7333,-0.9477,0.964031
1.0000,0.7333,-0.9076,0.962684
1.0000,0.7333,-0.8569,0.961830
1.0000,0.7333,-0.7961,0.958510
1.0000,0.7333,-0.7260,0.955827
1.0000,0.7333,-0.6474,0.950521
1.0000,0.7333,-0.5612,0.943694
1.0000,0.7333,-0.4684,0.932571
1.0000,0.7333,-0.3701,0.915498
1.0000,0.7333,-0.2675,0.890262
1.0000,0.7333,-0.1618,0.834298
1.0000,0.7333,-0.0541,0.648375
1.0000,0.7333,0.0541,0.050013
1.0000,0.7333,0.1618,0.043846
1.0000,0.7333,0.2675,0.021279
1.0000,0.7333,0.3701,0.022897
1.0000,0.7333,0.4684,0.022577
1.0000,0.7333,0.5612,0.021071
1.0000,0.7333,0.6474,0.022303
1.0000,0.7333,0.7260,0.020434
1.0000,0.7333,0.7961,0.020853
1.0000,0.7333,0.8569,0.020359
1.0000,0.7333,0.9076,0.020085
1.0000,0.7333,0.9477,0.018971
1.0000,0.7333,0.9766,0.018299
1.0000,0.7333,0.9941,0.018369
1.0000,0.7333,1.0000,0.016944
1.0000,0.7867,-1.0000,0.971953
1.0000,0.7867,-0.9941,0.971195
1.0000,0.7867,-0.9766,0.969623
1.0000,0.7867,-0.9477,0.968184
1.0000,0.7867,-0.9076,0.966301
1.0000,0.7867,-0.8569,0.962876
1.0000,0.7867,-0.7961,0.959845
1.0000,0.7867,-0.7260,0.955501
1.0000,0.7867,-0.6474,0.948478
1.0000,0.7867,-0.5612,0.941244
1.0000,0.7867,-0.4684,0.929367
1.0000,0.7867,-0.3701,0.912255
1.0000,0.7867,-0.2675,0.881838
1.0000,0.7867,-0.1618,0.822225
1.0000,0.7867,-0.0541,0.629054
1.0000,0.7867,0.0541,0.023706
1.0000,0.7867,0.1618,0.016203
1.0000,0.7867,0.2675,0.015984
1.0000,0.7867,0.3701,0.016029
1.0000,0.7867,0.4684,0.016206
1.0000,0.7867,0.5612,0.015444
1.0000,0.7867,0.6474,0.088131
1.0000,0.7867,0.7260,0.096417
1.0000,0.7867,0.7961,0.105114
1.0000,0.7867,0.8569,0.112381
1.0000,0.7867,0.9076,0.013548
1.0000,0.7867,0.9477,0.013138
1.0000,0.7867,0.9766,0.012731
1.0000,0.7867,0.9941,0.011890
1.0000,0.7867,1.0000,0.011138
1.0000,0.8400,-1.0000,0.966047
1.0000,0.8400,-0.9941,0.964571
1.0000,0.8400,-0.9766,0.963378
1.0000,0.8400,-0.9477,0.961450
1.0000,0.8400,-0.9076,0.958370
1.0000,0.8400,-0.8569,0.954833
1.0000,0.8400,-0.7961,0.950668
1.0000,0.8400,-0.7260,0.945545
1.0000,0.8400,-0.6474,0.938003
1.0000,0.8400,-0.5612,0.928491
1.0000,0.8400,-0.4684,0.915282
1.0000,0.8400,-0.3701,0.894227
1.0000,0.8400,-0.2675,0.859918
1.0000,0.8400,-0.1618,0.790935
1.0000,0.8400,-0.0541,0.581743
1.0000,0.8400,0.0541,0.009290
1.0000,0.8400,0.1618,0.009321
1.0000,0.8400,0.2675,0.008601
1.0000,0.8400,0.3701,0.008656
1.0000,0.8400,0.4684,0.008556
1.0000,0.8400,0.5612,0.008504
1.0000,0.8400,0.6474,0.008212
1.0000,0.8400,0.7260,0.007914
1.0000,0.8400,0.7961,0.007811
1.0000,0.8400,0.8569,0.007794
1.0000,0.8400,0.9076,0.007677
1.0000,0.8400,0.9477,0.007350
1.0000,0.8400,0.9766,0.007039
1.0000,0.8400,0.9941,0.006758
1.0000,0.8400,1.0000,0.006732
1.0000,0.8933,-1.0000,0.932295
1.0000,0.8933,-0.9941,0.931760
1.0000,0.8933,-0.9766,0.929859
1.0000,0.8933,-0.9477,0.926599
1.0000,0.8933,-0.9076,0.923208
1.0000,0.8933,-0.8569,0.918723
1.0000,0.8933,-0.7961,0.911207
1.0000,0.8933,-0.7260,0.905025
1.0000,0.8933,-0.6474,0.892577
1.0000,0.8933,-0.5612,0.878871
1.0000,0.8933,-0.4684,0.858668
1.0000,0.8933,-0.3701,0.829093
1.0000,0.8933,-0.2675,0.780486
1.0000,0.8933,-0.1618,0.690000
1.0000,0.8933,-0.0541,0.453289
1.0000,0.8933,0.0541,0.004564
1.0000,0.8933,0.1618,0.004502
1.0000,0.8933,0.2675,0.004425
1.0000,0.8933,0.3701,0.004311
1.0000,0.8933,0.4684,0.004226
1.0000,0.8933,0.5612,0.004103
1.0000,0.8933,0.6474,0.004049
1.0000,0.8933,0.7260,0.003884
1.0000,0.8933,0.7961,0.003778
1.0000,0.8933,0.8569,0.003629
1.0000,0.8933,0.9076,0.003464
1.0000,0.8933,0.9477,0.003333
1.0000,0.8933,0.9766,0.003165
1.0000,0.8933,0.9941,0.002984
1.0000,0.8933,1.0000,0.002838
1.0000,0.9467,-1.0000,0.876302
1.0000,0.9467,-0.9941,0.873562
1.0000,0.9467,-0.9766,0.868594
1.0000,0.9467,-0.9477,0.862286
1.0000,0.9467,-0.9076,0.853859
1.0000,0.9467,-0.8569,0.845155
1.0000,0.9467,-0.7961,0.832167
1.0000,0.9467,-0.7260,0.817019
1.0000,0.9467,-0.6474,0.798520
1.0000,0.9467,-0.5612,0.774381
1.0000,0.9467,-0.4684,0.738116
1.0000,0.9467,-0.3701,0.690253
1.0000,0.9467,-0.2675,0.621849
1.0000,0.9467,-0.1618,0.507597
1.0000,0.9467,-0.0541,0.276588
1.0000,0.9467,0.0541,0.001948
1.0000,0.9467,0.1618,0.001928
1.0000,0.9467,0.2675,0.001886
1.0000,0.9467,0.3701,0.001840
1.0000,0.9467,0.4684,0.001807
1.0000,0.9467,0.5612,0.001758
1.0000,0.9467,0.6474,0.001731
1.0000,0.9467,0.7260,0.001675
1.0000,0.9467,0.7961,0.001616
1.0000,0.9467,0.8569,0.001556
1.0000,0.9467,0.9076,0.001500
1.0000,0.9467,0.9477,0.001454
1.0000,0.9467,0.9766,0.001396
1.0000,0.9467,0.9941,0.001345
1.0000,0.9467,1.0000,0.001285
1.0000,1.0000,-1.0000,0.963270
1.0000,1.0000,-0.9941,0.962882
1.0000,1.0000,-0.9766,0.962177
1.0000,1.0000,-0.9477,0.961848
1.0000,1.0000,-0.9076,0.961294
1.0000,1.0000,-0.8569,0.961301
1.0000,1.0000,-0.7961,0.960894
1.0000,1.0000,-0.7260,0.961108
1.0000,1.0000,-0.6474,0.961587
1.0000,1.0000,-0.5612,0.961941
1.0000,1.0000,-0.4684,0.962003
1.0000,1.0000,-0.3701,0.962336
1.0000,1.0000,-0.2675,0.962951
1.0000,1.0000,-0.1618,0.963396
1.0000,1.0000,-0.0541,0.964070
1.0000,1.0000,0.0541,0.964751
1.0000,1.0000,0.1618,0.965393
1.0000,1.0000,0.2675,0.965970
1.0000,1.0000,0.3701,0.966744
1.0000,1.0000,0.4684,0.967446
1.0000,1.0000,0.5612,0.968477
1.0000,1.0000,0.6474,0.969329
1.0000,1.0000,0.7260,0.970040
1.0000,1.0000,0.7961,0.970716
1.0000,1.0000,0.8569,0.971661
1.0000,1.0000,0.9076,0.972202
1.0000,1.0000,0.9477,0.973272
1.0000,1.0000,0.9766,0.974419
1.0000,1.0000,0.9941,0.975449
1.0000,1.0000,1.0000,0.976211
