alpha,beta,rho,fitted_exponent
0.2000,0.2000,-1.0000,0.417196
0.2000,0.2000,-0.9941,0.565904
0.2000,0.2000,-0.9766,0.609723
0.2000,0.2000,-0.9477,0.606590
0.2000,0.2000,-0.9076,0.631268
0.2000,0.2000,-0.8569,0.530839
0.2000,0.2000,-0.7961,0.498131
0.2000,0.2000,-0.7260,0.561855
0.2000,0.2000,-0.6474,0.527800
0.2000,0.2000,-0.5612,0.378205
0.2000,0.2000,-0.4684,0.295516
0.2000,0.2000,-0.3701,0.396186
0.2000,0.2000,-0.2675,0.325463
0.2000,0.2000,-0.1618,0.325062
0.2000,0.2000,-0.0541,0.300725
0.2000,0.2000,0.0541,0.296348
0.2000,0.2000,0.1618,0.287219
0.2000,0.2000,0.2675,0.287331
0.2000,0.2000,0.3701,0.283912
0.2000,0.2000,0.4684,0.277012
0.2000,0.2000,0.5612,0.272307
0.2000,0.2000,0.6474,0.281158
0.2000,0.2000,0.7260,0.277396
0.2000,0.2000,0.7961,0.279195
0.2000,0.2000,0.8569,0.277630
0.2000,0.2000,0.9076,0.273648
0.2000,0.2000,0.9477,0.275329
0.2000,0.2000,0.9766,0.276354
0.2000,0.2000,0.9941,0.286805
0.2000,0.2000,1.0000,0.279941
0.2533,0.2000,-1.0000,1.187982
0.2533,0.2000,-0.9941,1.216902
0.2533,0.2000,-0.9766,1.242077
0.2533,0.2000,-0.9477,1.277971
0.2533,0.2000,-0.9076,1.320081
0.2533,0.2000,-0.8569,1.381933
0.2533,0.2000,-0.7961,1.480741
0.2533,0.2000,-0.7260,1.654940
0.2533,0.2000,-0.6474,1.875231
0.2533,0.2000,-0.5612,1.864362
0.2533,0.2000,-0.4684,1.784914
0.2533,0.2000,-0.3701,1.578688
0.2533,0.2000,-0.2675,0.976697
0.2533,0.2000,-0.1618,0.073065
0.2533,0.2000,-0.0541,0.241954
0.2533,0.2000,0.0541,0.333288
0.2533,0.2000,0.1618,0.384974
0.2533,0.2000,0.2675,0.449817
0.2533,0.2000,0.3701,0.555661
0.2533,0.2000,0.4684,0.533111
0.2533,0.2000,0.5612,0.521134
0.2533,0.2000,0.6474,0.551408
0.2533,0.2000,0.7260,0.537488
0.2533,0.2000,0.7961,0.593951
0.2533,0.2000,0.8569,0.624380
0.2533,0.2000,0.9076,0.647573
0.2533,0.2000,0.9477,0.584074
0.2533,0.2000,0.9766,0.624640
0.2533,0.2000,0.9941,0.675845
0.2533,0.2000,1.0000,0.688997
0.2533,0.2533,-1.0000,0.411322
0.2533,0.2533,-0.9941,0.562127
0.2533,0.2533,-0.9766,0.627076
0.2533,0.2533,-0.9477,0.641936
0.2533,0.2533,-0.9076,0.604557
0.2533,0.2533,-0.8569,0.664554
0.2533,0.2533,-0.7961,0.591439
0.2533,0.2533,-0.7260,0.526349
0.2533,0.2533,-0.6474,0.580566
0.2533,0.2533,-0.5612,0.593580
0.2533,0.2533,-0.4684,0.509772
0.2533,0.2533,-0.3701,0.492498
0.2533,0.2533,-0.2675,0.549374
0.2533,0.2533,-0.1618,0.504353
0.2533,0.2533,-0.0541,0.504988
0.2533,0.2533,0.0541,0.455918
0.2533,0.2533,0.1618,0.342499
0.2533,0.2533,0.2675,0.462661
0.2533,0.2533,0.3701,0.336179
0.2533,0.2533,0.4684,0.326307
0.2533,0.2533,0.5612,0.345642
0.2533,0.2533,0.6474,0.325929
0.2533,0.2533,0.7260,0.321142
0.2533,0.2533,0.7961,0.323382
0.2533,0.2533,0.8569,0.322557
0.2533,0.2533,0.9076,0.322807
0.2533,0.2533,0.9477,0.326224
0.2533,0.2533,0.9766,0.322499
0.2533,0.2533,0.9941,0.325611
0.2533,0.2533,1.0000,0.476208
0.3067,0.2000,-1.0000,1.063455
0.3067,0.2000,-0.9941,1.074259
0.3067,0.2000,-0.9766,1.079207
0.3067,0.2000,-0.9477,1.088987
0.3067,0.2000,-0.9076,1.100131
0.3067,0.2000,-0.8569,1.110019
0.3067,0.2000,-0.7961,1.124456
0.3067,0.2000,-0.7260,1.139708
0.3067,0.2000,-0.6474,1.162629
0.3067,0.2000,-0.5612,1.194986
0.3067,0.2000,-0.4684,1.245809
0.3067,0.2000,-0.3701,1.345414
0.3067,0.2000,-0.2675,1.667596
0.3067,0.2000,-0.1618,1.646816
0.3067,0.2000,-0.0541,0.970533
0.3067,0.2000,0.0541,0.318352
0.3067,0.2000,0.1618,0.517101
0.3067,0.2000,0.2675,0.561091
0.3067,0.2000,0.3701,0.632304
0.3067,0.2000,0.4684,0.665340
0.3067,0.2000,0.5612,0.670482
0.3067,0.2000,0.6474,0.642520
0.3067,0.2000,0.7260,0.706229
0.3067,0.2000,0.7961,0.731575
0.3067,0.2000,0.8569,0.726382
0.3067,0.2000,0.9076,0.743421
0.3067,0.2000,0.9477,0.757363
0.3067,0.2000,0.9766,0.764446
0.3067,0.2000,0.9941,0.767954
0.3067,0.2000,1.0000,0.776900
0.3067,0.2533,-1.0000,1.153481
0.3067,0.2533,-0.9941,1.170594
0.3067,0.2533,-0.9766,1.190882
0.3067,0.2533,-0.9477,1.210661
0.3067,0.2533,-0.9076,1.243982
0.3067,0.2533,-0.8569,1.274556
0.3067,0.2533,-0.7961,1.317776
0.3067,0.2533,-0.7260,1.383116
0.3067,0.2533,-0.6474,1.487293
0.3067,0.2533,-0.5612,1.718681
0.3067,0.2533,-0.4684,1.804297
0.3067,0.2533,-0.3701,1.884015
0.3067,0.2533,-0.2675,1.613877
0.3067,0.2533,-0.1618,1.207326
0.3067,0.2533,-0.0541,0.048666
0.3067,0.2533,0.0541,0.266214
0.3067,0.2533,0.1618,0.352843
0.3067,0.2533,0.2675,0.440140
0.3067,0.2533,0.3701,0.435224
0.3067,0.2533,0.4684,0.439795
0.3067,0.2533,0.5612,0.558068
0.3067,0.2533,0.6474,0.622241
0.3067,0.2533,0.7260,0.656537
0.3067,0.2533,0.7961,0.679272
0.3067,0.2533,0.8569,0.699900
0.3067,0.2533,0.9076,0.644747
0.3067,0.2533,0.9477,0.607213
0.3067,0.2533,0.9766,0.619196
0.3067,0.2533,0.9941,0.684564
0.3067,0.2533,1.0000,0.637897
0.3067,0.3067,-1.0000,0.456980
0.3067,0.3067,-0.9941,0.583607
0.3067,0.3067,-0.9766,0.582747
0.3067,0.3067,-0.9477,0.629370
0.3067,0.3067,-0.9076,0.651711
0.3067,0.3067,-0.8569,0.660974
0.3067,0.3067,-0.7961,0.640850
0.3067,0.3067,-0.7260,0.551627
0.3067,0.3067,-0.6474,0.619128
0.3067,0.3067,-0.5612,0.579144
0.3067,0.3067,-0.4684,0.624494
0.3067,0.3067,-0.3701,0.594795
0.3067,0.3067,-0.2675,0.526983
0.3067,0.3067,-0.1618,0.530370
0.3067,0.3067,-0.0541,0.568465
0.3067,0.3067,0.0541,0.445128
0.3067,0.3067,0.1618,0.511563
0.3067,0.3067,0.2675,0.462274
0.3067,0.3067,0.3701,0.404833
0.3067,0.3067,0.4684,0.392384
0.3067,0.3067,0.5612,0.394798
0.3067,0.3067,0.6474,0.482538
0.3067,0.3067,0.7260,0.484938
0.3067,0.3067,0.7961,0.486398
0.3067,0.3067,0.8569,0.375749
0.3067,0.3067,0.9076,0.377874
0.3067,0.3067,0.9477,0.558810
0.3067,0.3067,0.9766,0.554292
0.3067,0.3067,0.9941,0.500812
0.3067,0.3067,1.0000,0.485399
0.3600,0.2000,-1.0000,1.019326
0.3600,0.2000,-0.9941,1.022189
0.3600,0.2000,-0.9766,1.024302
0.3600,0.2000,-0.9477,1.027832
0.3600,0.2000,-0.9076,1.029165
0.3600,0.2000,-0.8569,1.034752
0.3600,0.2000,-0.7961,1.039421
0.3600,0.2000,-0.7260,1.043197
0.3600,0.2000,-0.6474,1.049513
0.3600,0.2000,-0.5612,1.057315
0.3600,0.2000,-0.4684,1.068277
0.3600,0.2000,-0.3701,1.087276
0.3600,0.2000,-0.2675,1.121077
0.3600,0.2000,-0.1618,1.222087
0.3600,0.2000,-0.0541,1.345399
0.3600,0.2000,0.0541,0.415296
0.3600,0.2000,0.1618,0.642115
0.3600,0.2000,0.2675,0.703151
0.3600,0.2000,0.3701,0.783169
0.3600,0.2000,0.4684,0.818126
0.3600,0.2000,0.5612,0.843286
0.3600,0.2000,0.6474,0.838518
0.3600,0.2000,0.7260,0.862353
0.3600,0.2000,0.7961,0.878481
0.3600,0.2000,0.8569,0.873504
0.3600,0.2000,0.9076,0.875088
0.3600,0.2000,0.9477,0.893994
0.3600,0.2000,0.9766,0.898953
0.3600,0.2000,0.9941,0.908557
0.3600,0.2000,1.0000,0.918076
0.3600,0.2533,-1.0000,1.040143
0.3600,0.2533,-0.9941,1.043271
0.3600,0.2533,-0.9766,1.048170
0.3600,0.2533,-0.9477,1.051692
0.3600,0.2533,-0.9076,1.058243
0.3600,0.2533,-0.8569,1.065540
0.3600,0.2533,-0.7961,1.071487
0.3600,0.2533,-0.7260,1.081027
0.3600,0.2533,-0.6474,1.092441
0.3600,0.2533,-0.5612,1.106370
0.3600,0.2533,-0.4684,1.130915
0.3600,0.2533,-0.3701,1.171773
0.3600,0.2533,-0.2675,1.255932
0.3600,0.2533,-0.1618,1.571100
0.3600,0.2533,-0.0541,1.175606
0.3600,0.2533,0.0541,0.336888
0.3600,0.2533,0.1618,0.562599
0.3600,0.2533,0.2675,0.639561
0.3600,0.2533,0.3701,0.665798
0.3600,0.2533,0.4684,0.728450
0.3600,0.2533,0.5612,0.712947
0.3600,0.2533,0.6474,0.749718
0.3600,0.2533,0.7260,0.774150
0.3600,0.2533,0.7961,0.794430
0.3600,0.2533,0.8569,0.809787
0.3600,0.2533,0.9076,0.808111
0.3600,0.2533,0.9477,0.804172
0.3600,0.2533,0.9766,0.812906
0.3600,0.2533,0.9941,0.832927
0.3600,0.2533,1.0000,0.840182
0.3600,0.3067,-1.0000,1.108941
0.3600,0.3067,-0.9941,1.120150
0.3600,0.3067,-0.9766,1.129138
0.3600,0.3067,-0.9477,1.142644
0.3600,0.3067,-0.9076,1.159112
0.3600,0.3067,-0.8569,1.178692
0.3600,0.3067,-0.7961,1.199887
0.3600,0.3067,-0.7260,1.230383
0.3600,0.3067,-0.6474,1.277048
0.3600,0.3067,-0.5612,1.343864
0.3600,0.3067,-0.4684,1.474531
0.3600,0.3067,-0.3701,1.716297
0.3600,0.3067,-0.2675,1.657576
0.3600,0.3067,-0.1618,1.468515
0.3600,0.3067,-0.0541,0.564837
0.3600,0.3067,0.0541,0.210938
0.3600,0.3067,0.1618,0.380792
0.3600,0.3067,0.2675,0.442126
0.3600,0.3067,0.3701,0.503095
0.3600,0.3067,0.4684,0.559475
0.3600,0.3067,0.5612,0.599733
0.3600,0.3067,0.6474,0.633701
0.3600,0.3067,0.7260,0.690912
0.3600,0.3067,0.7961,0.713992
0.3600,0.3067,0.8569,0.752198
0.3600,0.3067,0.9076,0.767511
0.3600,0.3067,0.9477,0.755224
0.3600,0.3067,0.9766,0.771305
0.3600,0.3067,0.9941,0.784651
0.3600,0.3067,1.0000,0.772759
0.3600,0.3600,-1.0000,0.505460
0.3600,0.3600,-0.9941,0.556303
0.3600,0.3600,-0.9766,0.607005
0.3600,0.3600,-0.9477,0.639983
0.3600,0.3600,-0.9076,0.695653
0.3600,0.3600,-0.8569,0.635977
0.3600,0.3600,-0.7961,0.582945
0.3600,0.3600,-0.7260,0.568248
0.3600,0.3600,-0.6474,0.637019
0.3600,0.3600,-0.5612,0.593780
0.3600,0.3600,-0.4684,0.582014
0.3600,0.3600,-0.3701,0.689004
0.3600,0.3600,-0.2675,0.542750
0.3600,0.3600,-0.1618,0.547918
0.3600,0.3600,-0.0541,0.552001
0.3600,0.3600,0.0541,0.509797
0.3600,0.3600,0.1618,0.540459
0.3600,0.3600,0.2675,0.462868
0.3600,0.3600,0.3701,0.462523
0.3600,0.3600,0.4684,0.536731
0.3600,0.3600,0.5612,0.572244
0.3600,0.3600,0.6474,0.551976
0.3600,0.3600,0.7260,0.507512
0.3600,0.3600,0.7961,0.562363
0.3600,0.3600,0.8569,0.490592
0.3600,0.3600,0.9076,0.567433
0.3600,0.3600,0.9477,0.590616
0.3600,0.3600,0.9766,0.544995
0.3600,0.3600,0.9941,0.589178
0.3600,0.3600,1.0000,0.605401
0.4133,0.2000,-1.0000,1.007414
0.4133,0.2000,-0.9941,1.007652
0.4133,0.2000,-0.9766,1.008880
0.4133,0.2000,-0.9477,1.010782
0.4133,0.2000,-0.9076,1.012105
0.4133,0.2000,-0.8569,1.013654
0.4133,0.2000,-0.7961,1.015647
0.4133,0.2000,-0.7260,1.017304
0.4133,0.2000,-0.6474,1.019642
0.4133,0.2000,-0.5612,1.022725
0.4133,0.2000,-0.4684,1.026876
0.4133,0.2000,-0.3701,1.032290
0.4133,0.2000,-0.2675,1.044903
0.4133,0.2000,-0.1618,1.072397
0.4133,0.2000,-0.0541,1.266986
0.4133,0.2000,0.0541,0.535716
0.4133,0.2000,0.1618,0.755040
0.4133,0.2000,0.2675,0.799276
0.4133,0.2000,0.3701,0.855451
0.4133,0.2000,0.4684,0.871062
0.4133,0.2000,0.5612,0.886784
0.4133,0.2000,0.6474,0.889174
0.4133,0.2000,0.7260,0.907481
0.4133,0.2000,0.7961,0.902513
0.4133,0.2000,0.8569,0.907131
0.4133,0.2000,0.9076,0.919346
0.4133,0.2000,0.9477,0.915632
0.4133,0.2000,0.9766,0.913234
0.4133,0.2000,0.9941,0.919100
0.4133,0.2000,1.0000,0.920759
0.4133,0.2533,-1.0000,1.011536
0.4133,0.2533,-0.9941,1.013255
0.4133,0.2533,-0.9766,1.015383
0.4133,0.2533,-0.9477,1.016720
0.4133,0.2533,-0.9076,1.019228
0.4133,0.2533,-0.8569,1.021693
0.4133,0.2533,-0.7961,1.024075
0.4133,0.2533,-0.7260,1.025858
0.4133,0.2533,-0.6474,1.029799
0.4133,0.2533,-0.5612,1.033499
0.4133,0.2533,-0.4684,1.039574
0.4133,0.2533,-0.3701,1.049643
0.4133,0.2533,-0.2675,1.068036
0.4133,0.2533,-0.1618,1.113557
0.4133,0.2533,-0.0541,1.324684
0.4133,0.2533,0.0541,0.466188
0.4133,0.2533,0.1618,0.686391
0.4133,0.2533,0.2675,0.762883
0.4133,0.2533,0.3701,0.800885
0.4133,0.2533,0.4684,0.844341
0.4133,0.2533,0.5612,0.854816
0.4133,0.2533,0.6474,0.850005
0.4133,0.2533,0.7260,0.874235
0.4133,0.2533,0.7961,0.872503
0.4133,0.2533,0.8569,0.891125
0.4133,0.2533,0.9076,0.893261
0.4133,0.2533,0.9477,0.886623
0.4133,0.2533,0.9766,0.900050
0.4133,0.2533,0.9941,0.911142
0.4133,0.2533,1.0000,0.912830
0.4133,0.3067,-1.0000,1.022837
0.4133,0.3067,-0.9941,1.026157
0.4133,0.3067,-0.9766,1.028459
0.4133,0.3067,-0.9477,1.031722
0.4133,0.3067,-0.9076,1.034537
0.4133,0.3067,-0.8569,1.038602
0.4133,0.3067,-0.7961,1.042095
0.4133,0.3067,-0.7260,1.047664
0.4133,0.3067,-0.6474,1.052676
0.4133,0.3067,-0.5612,1.060317
0.4133,0.3067,-0.4684,1.074076
0.4133,0.3067,-0.3701,1.092836
0.4133,0.3067,-0.2675,1.130485
0.4133,0.3067,-0.1618,1.243166
0.4133,0.3067,-0.0541,1.293203
0.4133,0.3067,0.0541,0.381848
0.4133,0.3067,0.1618,0.599922
0.4133,0.3067,0.2675,0.683546
0.4133,0.3067,0.3701,0.700736
0.4133,0.3067,0.4684,0.748219
0.4133,0.3067,0.5612,0.742989
0.4133,0.3067,0.6474,0.799244
0.4133,0.3067,0.7260,0.829073
0.4133,0.3067,0.7961,0.834218
0.4133,0.3067,0.8569,0.847104
0.4133,0.3067,0.9076,0.849595
0.4133,0.3067,0.9477,0.868210
0.4133,0.3067,0.9766,0.865480
0.4133,0.3067,0.9941,0.864910
0.4133,0.3067,1.0000,0.867170
0.4133,0.3600,-1.0000,1.067975
0.4133,0.3600,-0.9941,1.073944
0.4133,0.3600,-0.9766,1.082692
0.4133,0.3600,-0.9477,1.088574
0.4133,0.3600,-0.9076,1.097153
0.4133,0.3600,-0.8569,1.109129
0.4133,0.3600,-0.7961,1.120556
0.4133,0.3600,-0.7260,1.136054
0.4133,0.3600,-0.6474,1.158725
0.4133,0.3600,-0.5612,1.187754
0.4133,0.3600,-0.4684,1.235470
0.4133,0.3600,-0.3701,1.328631
0.4133,0.3600,-0.2675,1.576492
0.4133,0.3600,-0.1618,1.500889
0.4133,0.3600,-0.0541,0.919905
0.4133,0.3600,0.0541,0.221282
0.4133,0.3600,0.1618,0.351142
0.4133,0.3600,0.2675,0.468777
0.4133,0.3600,0.3701,0.563440
0.4133,0.3600,0.4684,0.636753
0.4133,0.3600,0.5612,0.651855
0.4133,0.3600,0.6474,0.685369
0.4133,0.3600,0.7260,0.669013
0.4133,0.3600,0.7961,0.698401
0.4133,0.3600,0.8569,0.691327
0.4133,0.3600,0.9076,0.707800
0.4133,0.3600,0.9477,0.742783
0.4133,0.3600,0.9766,0.736108
0.4133,0.3600,0.9941,0.720385
0.4133,0.3600,1.0000,0.774398
0.4133,0.4133,-1.0000,0.555784
0.4133,0.4133,-0.9941,0.611633
0.4133,0.4133,-0.9766,0.645029
0.4133,0.4133,-0.9477,0.650823
0.4133,0.4133,-0.9076,0.665018
0.4133,0.4133,-0.8569,0.606671
0.4133,0.4133,-0.7961,0.639501
0.4133,0.4133,-0.7260,0.671116
0.4133,0.4133,-0.6474,0.590713
0.4133,0.4133,-0.5612,0.600489
0.4133,0.4133,-0.4684,0.659467
0.4133,0.4133,-0.3701,0.598823
0.4133,0.4133,-0.2675,0.583224
0.4133,0.4133,-0.1618,0.554391
0.4133,0.4133,-0.0541,0.551476
0.4133,0.4133,0.0541,0.597971
0.4133,0.4133,0.1618,0.650485
0.4133,0.4133,0.2675,0.563971
0.4133,0.4133,0.3701,0.585947
0.4133,0.4133,0.4684,0.573184
0.4133,0.4133,0.5612,0.615577
0.4133,0.4133,0.6474,0.591070
0.4133,0.4133,0.7260,0.598826
0.4133,0.4133,0.7961,0.603815
0.4133,0.4133,0.8569,0.577163
0.4133,0.4133,0.9076,0.601117
0.4133,0.4133,0.9477,0.619192
0.4133,0.4133,0.9766,0.588249
0.4133,0.4133,0.9941,0.591311
0.4133,0.4133,1.0000,0.601055
0.4667,0.2000,-1.0000,1.002408
0.4667,0.2000,-0.9941,1.002457
0.4667,0.2000,-0.9766,1.002757
0.4667,0.2000,-0.9477,1.002859
0.4667,0.2000,-0.9076,1.004918
0.4667,0.2000,-0.8569,1.006337
0.4667,0.2000,-0.7961,1.007251
0.4667,0.2000,-0.7260,1.008051
0.4667,0.2000,-0.6474,1.009222
0.4667,0.2000,-0.5612,1.010629
0.4667,0.2000,-0.4684,1.012078
0.4667,0.2000,-0.3701,1.014894
0.4667,0.2000,-0.2675,1.020506
0.4667,0.2000,-0.1618,1.031212
0.4667,0.2000,-0.0541,1.097919
0.4667,0.2000,0.0541,0.586344
0.4667,0.2000,0.1618,0.802355
0.4667,0.2000,0.2675,0.837426
0.4667,0.2000,0.3701,0.871229
0.4667,0.2000,0.4684,0.900276
0.4667,0.2000,0.5612,0.909138
0.4667,0.2000,0.6474,0.911021
0.4667,0.2000,0.7260,0.918793
0.4667,0.2000,0.7961,0.925015
0.4667,0.2000,0.8569,0.914614
0.4667,0.2000,0.9076,0.931093
0.4667,0.2000,0.9477,0.940449
0.4667,0.2000,0.9766,0.932882
0.4667,0.2000,0.9941,0.947140
0.4667,0.2000,1.0000,0.936424
0.4667,0.2533,-1.0000,1.004324
0.4667,0.2533,-0.9941,1.005155
0.4667,0.2533,-0.9766,1.005445
0.4667,0.2533,-0.9477,1.006768
0.4667,0.2533,-0.9076,1.008134
0.4667,0.2533,-0.8569,1.008974
0.4667,0.2533,-0.7961,1.010579
0.4667,0.2533,-0.7260,1.010887
0.4667,0.2533,-0.6474,1.012468
0.4667,0.2533,-0.5612,1.013867
0.4667,0.2533,-0.4684,1.016870
0.4667,0.2533,-0.3701,1.020418
0.4667,0.2533,-0.2675,1.027423
0.4667,0.2533,-0.1618,1.044791
0.4667,0.2533,-0.0541,1.138920
0.4667,0.2533,0.0541,0.552897
0.4667,0.2533,0.1618,0.763602
0.4667,0.2533,0.2675,0.811044
0.4667,0.2533,0.3701,0.846444
0.4667,0.2533,0.4684,0.877358
0.4667,0.2533,0.5612,0.886530
0.4667,0.2533,0.6474,0.897827
0.4667,0.2533,0.7260,0.910648
0.4667,0.2533,0.7961,0.919019
0.4667,0.2533,0.8569,0.927318
0.4667,0.2533,0.9076,0.933266
0.4667,0.2533,0.9477,0.931186
0.4667,0.2533,0.9766,0.935440
0.4667,0.2533,0.9941,0.932452
0.4667,0.2533,1.0000,0.937182
0.4667,0.3067,-1.0000,1.006685
0.4667,0.3067,-0.9941,1.008180
0.4667,0.3067,-0.9766,1.009824
0.4667,0.3067,-0.9477,1.010872
0.4667,0.3067,-0.9076,1.012598
0.4667,0.3067,-0.8569,1.013620
0.4667,0.3067,-0.7961,1.015425
0.4667,0.3067,-0.7260,1.016524
0.4667,0.3067,-0.6474,1.018773
0.4667,0.3067,-0.5612,1.021343
0.4667,0.3067,-0.4684,1.025060
0.4667,0.3067,-0.3701,1.031191
0.4667,0.3067,-0.2675,1.041896
0.4667,0.3067,-0.1618,1.068118
0.4667,0.3067,-0.0541,1.240969
0.4667,0.3067,0.0541,0.487585
0.4667,0.3067,0.1618,0.696593
0.4667,0.3067,0.2675,0.780839
0.4667,0.3067,0.3701,0.813443
0.4667,0.3067,0.4684,0.828697
0.4667,0.3067,0.5612,0.854889
0.4667,0.3067,0.6474,0.885520
0.4667,0.3067,0.7260,0.887250
0.4667,0.3067,0.7961,0.892322
0.4667,0.3067,0.8569,0.893014
0.4667,0.3067,0.9076,0.914083
0.4667,0.3067,0.9477,0.915898
0.4667,0.3067,0.9766,0.926106
0.4667,0.3067,0.9941,0.925736
0.4667,0.3067,1.0000,0.924036
0.4667,0.3600,-1.0000,1.014628
0.4667,0.3600,-0.9941,1.015992
0.4667,0.3600,-0.9766,1.017509
0.4667,0.3600,-0.9477,1.019543
0.4667,0.3600,-0.9076,1.021493
0.4667,0.3600,-0.8569,1.024064
0.4667,0.3600,-0.7961,1.026454
0.4667,0.3600,-0.7260,1.028932
0.4667,0.3600,-0.6474,1.032652
0.4667,0.3600,-0.5612,1.037665
0.4667,0.3600,-0.4684,1.045223
0.4667,0.3600,-0.3701,1.056173
0.4667,0.3600,-0.2675,1.074750
0.4667,0.3600,-0.1618,1.128938
0.4667,0.3600,-0.0541,1.254081
0.4667,0.3600,0.0541,0.381231
0.4667,0.3600,0.1618,0.599939
0.4667,0.3600,0.2675,0.669758
0.4667,0.3600,0.3701,0.726174
0.4667,0.3600,0.4684,0.777085
0.4667,0.3600,0.5612,0.797956
0.4667,0.3600,0.6474,0.800421
0.4667,0.3600,0.7260,0.828789
0.4667,0.3600,0.7961,0.847311
0.4667,0.3600,0.8569,0.850760
0.4667,0.3600,0.9076,0.861268
0.4667,0.3600,0.9477,0.870037
0.4667,0.3600,0.9766,0.888029
0.4667,0.3600,0.9941,0.879233
0.4667,0.3600,1.0000,0.909161
0.4667,0.4133,-1.0000,1.040329
0.4667,0.4133,-0.9941,1.044522
0.4667,0.4133,-0.9766,1.049780
0.4667,0.4133,-0.9477,1.051826
0.4667,0.4133,-0.9076,1.060056
0.4667,0.4133,-0.8569,1.064697
0.4667,0.4133,-0.7961,1.072131
0.4667,0.4133,-0.7260,1.080638
0.4667,0.4133,-0.6474,1.093678
0.4667,0.4133,-0.5612,1.107252
0.4667,0.4133,-0.4684,1.131318
0.4667,0.4133,-0.3701,1.173331
0.4667,0.4133,-0.2675,1.257257
0.4667,0.4133,-0.1618,1.435731
0.4667,0.4133,-0.0541,1.070272
0.4667,0.4133,0.0541,0.188547
0.4667,0.4133,0.1618,0.360591
0.4667,0.4133,0.2675,0.467331
0.4667,0.4133,0.3701,0.582990
0.4667,0.4133,0.4684,0.634882
0.4667,0.4133,0.5612,0.634439
0.4667,0.4133,0.6474,0.684984
0.4667,0.4133,0.7260,0.710597
0.4667,0.4133,0.7961,0.731413
0.4667,0.4133,0.8569,0.749370
0.4667,0.4133,0.9076,0.760422
0.4667,0.4133,0.9477,0.756439
0.4667,0.4133,0.9766,0.767771
0.4667,0.4133,0.9941,0.758421
0.4667,0.4133,1.0000,0.774191
0.4667,0.4667,-1.0000,0.661841
0.4667,0.4667,-0.9941,0.676607
0.4667,0.4667,-0.9766,0.673572
0.4667,0.4667,-0.9477,0.666600
0.4667,0.4667,-0.9076,0.694616
0.4667,0.4667,-0.8569,0.678660
0.4667,0.4667,-0.7961,0.684719
0.4667,0.4667,-0.7260,0.680912
0.4667,0.4667,-0.6474,0.672339
0.4667,0.4667,-0.5612,0.672704
0.4667,0.4667,-0.4684,0.638243
0.4667,0.4667,-0.3701,0.656298
0.4667,0.4667,-0.2675,0.601488
0.4667,0.4667,-0.1618,0.582655
0.4667,0.4667,-0.0541,0.593893
0.4667,0.4667,0.0541,0.579169
0.4667,0.4667,0.1618,0.629701
0.4667,0.4667,0.2675,0.643604
0.4667,0.4667,0.3701,0.599483
0.4667,0.4667,0.4684,0.634156
0.4667,0.4667,0.5612,0.624024
0.4667,0.4667,0.6474,0.613792
0.4667,0.4667,0.7260,0.618254
0.4667,0.4667,0.7961,0.591438
0.4667,0.4667,0.8569,0.611711
0.4667,0.4667,0.9076,0.611828
0.4667,0.4667,0.9477,0.641201
0.4667,0.4667,0.9766,0.607841
0.4667,0.4667,0.9941,0.595204
0.4667,0.4667,1.0000,0.581434
0.5200,0.2000,-1.0000,0.995519
0.5200,0.2000,-0.9941,0.999709
0.5200,0.2000,-0.9766,1.000277
0.5200,0.2000,-0.9477,1.001238
0.5200,0.2000,-0.9076,1.002443
0.5200,0.2000,-0.8569,1.002491
0.5200,0.2000,-0.7961,1.003758
0.5200,0.2000,-0.7260,1.002207
0.5200,0.2000,-0.6474,1.004156
0.5200,0.2000,-0.5612,1.005074
0.5200,0.2000,-0.4684,1.005938
0.5200,0.2000,-0.3701,1.007284
0.5200,0.2000,-0.2675,1.009955
0.5200,0.2000,-0.1618,1.014958
0.5200,0.2000,-0.0541,1.039082
0.5200,0.2000,0.0541,0.638626
0.5200,0.2000,0.1618,0.799958
0.5200,0.2000,0.2675,0.859973
0.5200,0.2000,0.3701,0.880306
0.5200,0.2000,0.4684,0.897058
0.5200,0.2000,0.5612,0.918678
0.5200,0.2000,0.6474,0.926373
0.5200,0.2000,0.7260,0.933461
0.5200,0.2000,0.7961,0.932085
0.5200,0.2000,0.8569,0.940014
0.5200,0.2000,0.9076,0.935381
0.5200,0.2000,0.9477,0.941642
0.5200,0.2000,0.9766,0.919109
0.5200,0.2000,0.9941,0.933418
0.5200,0.2000,1.0000,0.906380
0.5200,0.2533,-1.0000,1.000493
0.5200,0.2533,-0.9941,1.001613
0.5200,0.2533,-0.9766,1.002137
0.5200,0.2533,-0.9477,1.002968
0.5200,0.2533,-0.9076,1.003719
0.5200,0.2533,-0.8569,1.004400
0.5200,0.2533,-0.7961,1.004760
0.5200,0.2533,-0.7260,1.005250
0.5200,0.2533,-0.6474,1.006107
0.5200,0.2533,-0.5612,1.006634
0.5200,0.2533,-0.4684,1.007512
0.5200,0.2533,-0.3701,1.009549
0.5200,0.2533,-0.2675,1.012618
0.5200,0.2533,-0.1618,1.020294
0.5200,0.2533,-0.0541,1.055941
0.5200,0.2533,0.0541,0.599561
0.5200,0.2533,0.1618,0.792253
0.5200,0.2533,0.2675,0.841190
0.5200,0.2533,0.3701,0.874303
0.5200,0.2533,0.4684,0.904582
0.5200,0.2533,0.5612,0.926625
0.5200,0.2533,0.6474,0.928254
0.5200,0.2533,0.7260,0.929811
0.5200,0.2533,0.7961,0.929428
0.5200,0.2533,0.8569,0.930981
0.5200,0.2533,0.9076,0.935669
0.5200,0.2533,0.9477,0.941859
0.5200,0.2533,0.9766,0.941568
0.5200,0.2533,0.9941,0.936946
0.5200,0.2533,1.0000,0.954985
0.5200,0.3067,-1.0000,1.002048
0.5200,0.3067,-0.9941,1.003035
0.5200,0.3067,-0.9766,1.004026
0.5200,0.3067,-0.9477,1.004223
0.5200,0.3067,-0.9076,1.005439
0.5200,0.3067,-0.8569,1.006525
0.5200,0.3067,-0.7961,1.006661
0.5200,0.3067,-0.7260,1.007258
0.5200,0.3067,-0.6474,1.008310
0.5200,0.3067,-0.5612,1.009274
0.5200,0.3067,-0.4684,1.010739
0.5200,0.3067,-0.3701,1.013347
0.5200,0.3067,-0.2675,1.018277
0.5200,0.3067,-0.1618,1.028578
0.5200,0.3067,-0.0541,1.079991
0.5200,0.3067,0.0541,0.558030
0.5200,0.3067,0.1618,0.769685
0.5200,0.3067,0.2675,0.834562
0.5200,0.3067,0.3701,0.856642
0.5200,0.3067,0.4684,0.854683
0.5200,0.3067,0.5612,0.893171
0.5200,0.3067,0.6474,0.899196
0.5200,0.3067,0.7260,0.905323
0.5200,0.3067,0.7961,0.919014
0.5200,0.3067,0.8569,0.925455
0.5200,0.3067,0.9076,0.931768
0.5200,0.3067,0.9477,0.939595
0.5200,0.3067,0.9766,0.945914
0.5200,0.3067,0.9941,0.940561
0.5200,0.3067,1.0000,0.938667
0.5200,0.3600,-1.0000,1.004467
0.5200,0.3600,-0.9941,1.006223
0.5200,0.3600,-0.9766,1.006569
0.5200,0.3600,-0.9477,1.006934
0.5200,0.3600,-0.9076,1.008183
0.5200,0.3600,-0.8569,1.009307
0.5200,0.3600,-0.7961,1.010114
0.5200,0.3600,-0.7260,1.010654
0.5200,0.3600,-0.6474,1.012167
0.5200,0.3600,-0.5612,1.014260
0.5200,0.3600,-0.4684,1.016068
0.5200,0.3600,-0.3701,1.020296
0.5200,0.3600,-0.2675,1.026148
0.5200,0.3600,-0.1618,1.042129
0.5200,0.3600,-0.0541,1.132984
0.5200,0.3600,0.0541,0.490547
0.5200,0.3600,0.1618,0.662779
0.5200,0.3600,0.2675,0.758387
0.5200,0.3600,0.3701,0.777539
0.5200,0.3600,0.4684,0.830135
0.5200,0.3600,0.5612,0.839095
0.5200,0.3600,0.6474,0.865947
0.5200,0.3600,0.7260,0.888120
0.5200,0.3600,0.7961,0.886812
0.5200,0.3600,0.8569,0.895706
0.5200,0.3600,0.9076,0.903317
0.5200,0.3600,0.9477,0.909188
0.5200,0.3600,0.9766,0.917916
0.5200,0.3600,0.9941,0.921332
0.5200,0.3600,1.0000,0.924130
0.5200,0.4133,-1.0000,1.009317
0.5200,0.4133,-0.9941,1.009593
0.5200,0.4133,-0.9766,1.011156
0.5200,0.4133,-0.9477,1.012649
0.5200,0.4133,-0.9076,1.014516
0.5200,0.4133,-0.8569,1.015669
0.5200,0.4133,-0.7961,1.016981
0.5200,0.4133,-0.7260,1.018732
0.5200,0.4133,-0.6474,1.021609
0.5200,0.4133,-0.5612,1.024293
0.5200,0.4133,-0.4684,1.028588
0.5200,0.4133,-0.3701,1.035831
0.5200,0.4133,-0.2675,1.047229
0.5200,0.4133,-0.1618,1.076725
0.5200,0.4133,-0.0541,1.240745
0.5200,0.4133,0.0541,0.341080
0.5200,0.4133,0.1618,0.541885
0.5200,0.4133,0.2675,0.681706
0.5200,0.4133,0.3701,0.725947
0.5200,0.4133,0.4684,0.769988
0.5200,0.4133,0.5612,0.786027
0.5200,0.4133,0.6474,0.812697
0.5200,0.4133,0.7260,0.808898
0.5200,0.4133,0.7961,0.837983
0.5200,0.4133,0.8569,0.850568
0.5200,0.4133,0.9076,0.860236
0.5200,0.4133,0.9477,0.855706
0.5200,0.4133,0.9766,0.871809
0.5200,0.4133,0.9941,0.897569
0.5200,0.4133,1.0000,0.895075
0.5200,0.4667,-1.0000,1.024247
0.5200,0.4667,-0.9941,1.026729
0.5200,0.4667,-0.9766,1.029116
0.5200,0.4667,-0.9477,1.033300
0.5200,0.4667,-0.9076,1.037061
0.5200,0.4667,-0.8569,1.040462
0.5200,0.4667,-0.7961,1.044048
0.5200,0.4667,-0.7260,1.049148
0.5200,0.4667,-0.6474,1.057124
0.5200,0.4667,-0.5612,1.065017
0.5200,0.4667,-0.4684,1.077607
0.5200,0.4667,-0.3701,1.099696
0.5200,0.4667,-0.2675,1.141200
0.5200,0.4667,-0.1618,1.261931
0.5200,0.4667,-0.0541,1.122278
0.5200,0.4667,0.0541,0.223062
0.5200,0.4667,0.1618,0.402746
0.5200,0.4667,0.2675,0.471272
0.5200,0.4667,0.3701,0.540963
0.5200,0.4667,0.4684,0.593519
0.5200,0.4667,0.5612,0.634287
0.5200,0.4667,0.6474,0.664867
0.5200,0.4667,0.7260,0.666333
0.5200,0.4667,0.7961,0.661467
0.5200,0.4667,0.8569,0.678525
0.5200,0.4667,0.9076,0.695400
0.5200,0.4667,0.9477,0.734838
0.5200,0.4667,0.9766,0.744380
0.5200,0.4667,0.9941,0.767336
0.5200,0.4667,1.0000,0.770178
0.5200,0.5200,-1.0000,0.731946
0.5200,0.5200,-0.9941,0.723326
0.5200,0.5200,-0.9766,0.720960
0.5200,0.5200,-0.9477,0.694597
0.5200,0.5200,-0.9076,0.718052
0.5200,0.5200,-0.8569,0.694511
0.5200,0.5200,-0.7961,0.653678
0.5200,0.5200,-0.7260,0.662318
0.5200,0.5200,-0.6474,0.656901
0.5200,0.5200,-0.5612,0.660942
0.5200,0.5200,-0.4684,0.645204
0.5200,0.5200,-0.3701,0.636933
0.5200,0.5200,-0.2675,0.622972
0.5200,0.5200,-0.1618,0.617726
0.5200,0.5200,-0.0541,0.650902
0.5200,0.5200,0.0541,0.646114
0.5200,0.5200,0.1618,0.631940
0.5200,0.5200,0.2675,0.630880
0.5200,0.5200,0.3701,0.625750
0.5200,0.5200,0.4684,0.620881
0.5200,0.5200,0.5612,0.618958
0.5200,0.5200,0.6474,0.640716
0.5200,0.5200,0.7260,0.645230
0.5200,0.5200,0.7961,0.647374
0.5200,0.5200,0.8569,0.621009
0.5200,0.5200,0.9076,0.615667
0.5200,0.5200,0.9477,0.619613
0.5200,0.5200,0.9766,0.630443
0.5200,0.5200,0.9941,0.645953
0.5200,0.5200,1.0000,0.622025
0.5733,0.2000,-1.0000,0.998170
0.5733,0.2000,-0.9941,0.991787
0.5733,0.2000,-0.9766,0.997986
0.5733,0.2000,-0.9477,0.998032
0.5733,0.2000,-0.9076,1.000163
0.5733,0.2000,-0.8569,0.999977
0.5733,0.2000,-0.7961,1.000868
0.5733,0.2000,-0.7260,1.000361
0.5733,0.2000,-0.6474,1.002251
0.5733,0.2000,-0.5612,1.001902
0.5733,0.2000,-0.4684,1.001998
0.5733,0.2000,-0.3701,1.003239
0.5733,0.2000,-0.2675,1.004003
0.5733,0.2000,-0.1618,1.005296
0.5733,0.2000,-0.0541,1.010285
0.5733,0.2000,0.0541,0.661758
0.5733,0.2000,0.1618,0.831317
0.5733,0.2000,0.2675,0.874384
0.5733,0.2000,0.3701,0.887143
0.5733,0.2000,0.4684,0.890133
0.5733,0.2000,0.5612,0.915442
0.5733,0.2000,0.6474,0.914898
0.5733,0.2000,0.7260,0.934637
0.5733,0.2000,0.7961,0.949237
0.5733,0.2000,0.8569,0.889456
0.5733,0.2000,0.9076,0.879556
0.5733,0.2000,0.9477,0.912524
0.5733,0.2000,0.9766,0.941876
0.5733,0.2000,0.9941,0.902420
0.5733,0.2000,1.0000,0.917664
0.5733,0.2533,-1.0000,0.999394
0.5733,0.2533,-0.9941,0.998929
0.5733,0.2533,-0.9766,1.000749
0.5733,0.2533,-0.9477,1.001180
0.5733,0.2533,-0.9076,1.001578
0.5733,0.2533,-0.8569,1.002105
0.5733,0.2533,-0.7961,1.001510
0.5733,0.2533,-0.7260,1.002519
0.5733,0.2533,-0.6474,1.002475
0.5733,0.2533,-0.5612,1.003281
0.5733,0.2533,-0.4684,1.003381
0.5733,0.2533,-0.3701,1.004253
0.5733,0.2533,-0.2675,1.005728
0.5733,0.2533,-0.1618,1.007904
0.5733,0.2533,-0.0541,1.016573
0.5733,0.2533,0.0541,0.620986
0.5733,0.2533,0.1618,0.794666
0.5733,0.2533,0.2675,0.831850
0.5733,0.2533,0.3701,0.877591
0.5733,0.2533,0.4684,0.909607
0.5733,0.2533,0.5612,0.921869
0.5733,0.2533,0.6474,0.934186
0.5733,0.2533,0.7260,0.944747
0.5733,0.2533,0.7961,0.948596
0.5733,0.2533,0.8569,0.951529
0.5733,0.2533,0.9076,0.949439
0.5733,0.2533,0.9477,0.951481
0.5733,0.2533,0.9766,0.950047
0.5733,0.2533,0.9941,0.952027
0.5733,0.2533,1.0000,0.959652
0.5733,0.3067,-1.0000,1.000402
0.5733,0.3067,-0.9941,1.000779
0.5733,0.3067,-0.9766,1.001517
0.5733,0.3067,-0.9477,1.001859
0.5733,0.3067,-0.9076,1.002408
0.5733,0.3067,-0.8569,1.002690
0.5733,0.3067,-0.7961,1.003391
0.5733,0.3067,-0.7260,1.003375
0.5733,0.3067,-0.6474,1.003783
0.5733,0.3067,-0.5612,1.004316
0.5733,0.3067,-0.4684,1.004942
0.5733,0.3067,-0.3701,1.006306
0.5733,0.3067,-0.2675,1.008217
0.5733,0.3067,-0.1618,1.011619
0.5733,0.3067,-0.0541,1.029152
0.5733,0.3067,0.0541,0.581535
0.5733,0.3067,0.1618,0.788469
0.5733,0.3067,0.2675,0.846809
0.5733,0.3067,0.3701,0.890284
0.5733,0.3067,0.4684,0.902263
0.5733,0.3067,0.5612,0.913382
0.5733,0.3067,0.6474,0.919696
0.5733,0.3067,0.7260,0.932689
0.5733,0.3067,0.7961,0.933927
0.5733,0.3067,0.8569,0.938865
0.5733,0.3067,0.9076,0.944430
0.5733,0.3067,0.9477,0.949589
0.5733,0.3067,0.9766,0.954791
0.5733,0.3067,0.9941,0.954921
0.5733,0.3067,1.0000,0.962206
0.5733,0.3600,-1.0000,1.001553
0.5733,0.3600,-0.9941,1.002152
0.5733,0.3600,-0.9766,1.002616
0.5733,0.3600,-0.9477,1.003082
0.5733,0.3600,-0.9076,1.003483
0.5733,0.3600,-0.8569,1.004310
0.5733,0.3600,-0.7961,1.004708
0.5733,0.3600,-0.7260,1.004835
0.5733,0.3600,-0.6474,1.005535
0.5733,0.3600,-0.5612,1.006105
0.5733,0.3600,-0.4684,1.007108
0.5733,0.3600,-0.3701,1.008734
0.5733,0.3600,-0.2675,1.011776
0.5733,0.3600,-0.1618,1.017810
0.5733,0.3600,-0.0541,1.045829
0.5733,0.3600,0.0541,0.552266
0.5733,0.3600,0.1618,0.731363
0.5733,0.3600,0.2675,0.808548
0.5733,0.3600,0.3701,0.852376
0.5733,0.3600,0.4684,0.871578
0.5733,0.3600,0.5612,0.890944
0.5733,0.3600,0.6474,0.887943
0.5733,0.3600,0.7260,0.900544
0.5733,0.3600,0.7961,0.909925
0.5733,0.3600,0.8569,0.917949
0.5733,0.3600,0.9076,0.922846
0.5733,0.3600,0.9477,0.928305
0.5733,0.3600,0.9766,0.941826
0.5733,0.3600,0.9941,0.948798
0.5733,0.3600,1.0000,0.951059
0.5733,0.4133,-1.0000,1.003343
0.5733,0.4133,-0.9941,1.003579
0.5733,0.4133,-0.9766,1.004134
0.5733,0.4133,-0.9477,1.004687
0.5733,0.4133,-0.9076,1.005632
0.5733,0.4133,-0.8569,1.006515
0.5733,0.4133,-0.7961,1.006494
0.5733,0.4133,-0.7260,1.007515
0.5733,0.4133,-0.6474,1.008625
0.5733,0.4133,-0.5612,1.009432
0.5733,0.4133,-0.4684,1.010946
0.5733,0.4133,-0.3701,1.013330
0.5733,0.4133,-0.2675,1.016878
0.5733,0.4133,-0.1618,1.026607
0.5733,0.4133,-0.0541,1.079729
0.5733,0.4133,0.0541,0.443018
0.5733,0.4133,0.1618,0.646077
0.5733,0.4133,0.2675,0.716858
0.5733,0.4133,0.3701,0.766108
0.5733,0.4133,0.4684,0.813195
0.5733,0.4133,0.5612,0.853891
0.5733,0.4133,0.6474,0.872162
0.5733,0.4133,0.7260,0.872671
0.5733,0.4133,0.7961,0.883910
0.5733,0.4133,0.8569,0.886002
0.5733,0.4133,0.9076,0.886500
0.5733,0.4133,0.9477,0.910434
0.5733,0.4133,0.9766,0.910174
0.5733,0.4133,0.9941,0.914966
0.5733,0.4133,1.0000,0.926513
0.5733,0.4667,-1.0000,1.005580
0.5733,0.4667,-0.9941,1.006399
0.5733,0.4667,-0.9766,1.007263
0.5733,0.4667,-0.9477,1.008775
0.5733,0.4667,-0.9076,1.009632
0.5733,0.4667,-0.8569,1.010417
0.5733,0.4667,-0.7961,1.011801
0.5733,0.4667,-0.7260,1.012784
0.5733,0.4667,-0.6474,1.014463
0.5733,0.4667,-0.5612,1.016137
0.5733,0.4667,-0.4684,1.018868
0.5733,0.4667,-0.3701,1.023839
0.5733,0.4667,-0.2675,1.030544
0.5733,0.4667,-0.1618,1.048376
0.5733,0.4667,-0.0541,1.152232
0.5733,0.4667,0.0541,0.351619
0.5733,0.4667,0.1618,0.556287
0.5733,0.4667,0.2675,0.618487
0.5733,0.4667,0.3701,0.682027
0.5733,0.4667,0.4684,0.727481
0.5733,0.4667,0.5612,0.774894
0.5733,0.4667,0.6474,0.808106
0.5733,0.4667,0.7260,0.825408
0.5733,0.4667,0.7961,0.831510
0.5733,0.4667,0.8569,0.844301
0.5733,0.4667,0.9076,0.854858
0.5733,0.4667,0.9477,0.862162
0.5733,0.4667,0.9766,0.867791
0.5733,0.4667,0.9941,0.888121
0.5733,0.4667,1.0000,0.891125
0.5733,0.5200,-1.0000,1.014712
0.5733,0.5200,-0.9941,1.016894
0.5733,0.5200,-0.9766,1.018965
0.5733,0.5200,-0.9477,1.020253
0.5733,0.5200,-0.9076,1.022989
0.5733,0.5200,-0.8569,1.025356
0.5733,0.5200,-0.7961,1.027859
0.5733,0.5200,-0.7260,1.031781
0.5733,0.5200,-0.6474,1.036601
0.5733,0.5200,-0.5612,1.040709
0.5733,0.5200,-0.4684,1.049131
0.5733,0.5200,-0.3701,1.060473
0.5733,0.5200,-0.2675,1.083245
0.5733,0.5200,-0.1618,1.143100
0.5733,0.5200,-0.0541,1.118216
0.5733,0.5200,0.0541,0.192088
0.5733,0.5200,0.1618,0.378453
0.5733,0.5200,0.2675,0.409149
0.5733,0.5200,0.3701,0.457451
0.5733,0.5200,0.4684,0.511315
0.5733,0.5200,0.5612,0.516248
0.5733,0.5200,0.6474,0.545484
0.5733,0.5200,0.7260,0.571586
0.5733,0.5200,0.7961,0.594345
0.5733,0.5200,0.8569,0.612136
0.5733,0.5200,0.9076,0.626025
0.5733,0.5200,0.9477,0.694079
0.5733,0.5200,0.9766,0.734096
0.5733,0.5200,0.9941,0.763042
0.5733,0.5200,1.0000,0.798367
0.5733,0.5733,-1.0000,0.762285
0.5733,0.5733,-0.9941,0.765846
0.5733,0.5733,-0.9766,0.735562
0.5733,0.5733,-0.9477,0.725801
0.5733,0.5733,-0.9076,0.717917
0.5733,0.5733,-0.8569,0.718231
0.5733,0.5733,-0.7961,0.695058
0.5733,0.5733,-0.7260,0.689634
0.5733,0.5733,-0.6474,0.677774
0.5733,0.5733,-0.5612,0.696011
0.5733,0.5733,-0.4684,0.670426
0.5733,0.5733,-0.3701,0.677031
0.5733,0.5733,-0.2675,0.680603
0.5733,0.5733,-0.1618,0.673510
0.5733,0.5733,-0.0541,0.668108
0.5733,0.5733,0.0541,0.669495
0.5733,0.5733,0.1618,0.692959
0.5733,0.5733,0.2675,0.681759
0.5733,0.5733,0.3701,0.671339
0.5733,0.5733,0.4684,0.664475
0.5733,0.5733,0.5612,0.661433
0.5733,0.5733,0.6474,0.666003
0.5733,0.5733,0.7260,0.667641
0.5733,0.5733,0.7961,0.669432
0.5733,0.5733,0.8569,0.674057
0.5733,0.5733,0.9076,0.682230
0.5733,0.5733,0.9477,0.694916
0.5733,0.5733,0.9766,0.683338
0.5733,0.5733,0.9941,0.684987
0.5733,0.5733,1.0000,0.669162
0.6267,0.2000,-1.0000,0.981245
0.6267,0.2000,-0.9941,0.990712
0.6267,0.2000,-0.9766,0.994489
0.6267,0.2000,-0.9477,0.995415
0.6267,0.2000,-0.9076,0.998494
0.6267,0.2000,-0.8569,0.998132
0.6267,0.2000,-0.7961,0.998019
0.6267,0.2000,-0.7260,0.997504
0.6267,0.2000,-0.6474,0.999036
0.6267,0.2000,-0.5612,0.999111
0.6267,0.2000,-0.4684,0.999116
0.6267,0.2000,-0.3701,1.000574
0.6267,0.2000,-0.2675,0.999377
0.6267,0.2000,-0.1618,0.999552
0.6267,0.2000,-0.0541,0.998565
0.6267,0.2000,0.0541,0.660183
0.6267,0.2000,0.1618,0.818975
0.6267,0.2000,0.2675,0.870967
0.6267,0.2000,0.3701,0.892002
0.6267,0.2000,0.4684,0.912384
0.6267,0.2000,0.5612,0.921854
0.6267,0.2000,0.6474,0.904220
0.6267,0.2000,0.7260,0.926185
0.6267,0.2000,0.7961,0.911502
0.6267,0.2000,0.8569,0.931540
0.6267,0.2000,0.9076,0.879838
0.6267,0.2000,0.9477,0.930989
0.6267,0.2000,0.9766,0.911315
0.6267,0.2000,0.9941,0.896735
0.6267,0.2000,1.0000,0.831142
0.6267,0.2533,-1.0000,0.998971
0.6267,0.2533,-0.9941,0.999628
0.6267,0.2533,-0.9766,0.999618
0.6267,0.2533,-0.9477,0.999512
0.6267,0.2533,-0.9076,1.000387
0.6267,0.2533,-0.8569,1.000204
0.6267,0.2533,-0.7961,1.000078
0.6267,0.2533,-0.7260,1.000831
0.6267,0.2533,-0.6474,1.001043
0.6267,0.2533,-0.5612,1.000870
0.6267,0.2533,-0.4684,1.001125
0.6267,0.2533,-0.3701,1.001560
0.6267,0.2533,-0.2675,1.001244
0.6267,0.2533,-0.1618,1.000646
0.6267,0.2533,-0.0541,1.000075
0.6267,0.2533,0.0541,0.631965
0.6267,0.2533,0.1618,0.819110
0.6267,0.2533,0.2675,0.876317
0.6267,0.2533,0.3701,0.888756
0.6267,0.2533,0.4684,0.907980
0.6267,0.2533,0.5612,0.924739
0.6267,0.2533,0.6474,0.934600
0.6267,0.2533,0.7260,0.948012
0.6267,0.2533,0.7961,0.952600
0.6267,0.2533,0.8569,0.955782
0.6267,0.2533,0.9076,0.959230
0.6267,0.2533,0.9477,0.961864
0.6267,0.2533,0.9766,0.961378
0.6267,0.2533,0.9941,0.960046
0.6267,0.2533,1.0000,0.958225
0.6267,0.3067,-1.0000,0.999484
0.6267,0.3067,-0.9941,0.999951
0.6267,0.3067,-0.9766,1.000269
0.6267,0.3067,-0.9477,1.000645
0.6267,0.3067,-0.9076,1.000902
0.6267,0.3067,-0.8569,1.001136
0.6267,0.3067,-0.7961,1.001382
0.6267,0.3067,-0.7260,1.001267
0.6267,0.3067,-0.6474,1.001712
0.6267,0.3067,-0.5612,1.001718
0.6267,0.3067,-0.4684,1.002003
0.6267,0.3067,-0.3701,1.002576
0.6267,0.3067,-0.2675,1.003113
0.6267,0.3067,-0.1618,1.002984
0.6267,0.3067,-0.0541,1.004886
0.6267,0.3067,0.0541,0.620928
0.6267,0.3067,0.1618,0.802251
0.6267,0.3067,0.2675,0.843551
0.6267,0.3067,0.3701,0.886519
0.6267,0.3067,0.4684,0.911436
0.6267,0.3067,0.5612,0.928812
0.6267,0.3067,0.6474,0.938998
0.6267,0.3067,0.7260,0.935274
0.6267,0.3067,0.7961,0.944528
0.6267,0.3067,0.8569,0.951448
0.6267,0.3067,0.9076,0.954005
0.6267,0.3067,0.9477,0.957611
0.6267,0.3067,0.9766,0.960018
0.6267,0.3067,0.9941,0.961874
0.6267,0.3067,1.0000,0.956874
0.6267,0.3600,-1.0000,1.000152
0.6267,0.3600,-0.9941,1.000511
0.6267,0.3600,-0.9766,1.000773
0.6267,0.3600,-0.9477,1.001140
0.6267,0.3600,-0.9076,1.001413
0.6267,0.3600,-0.8569,1.001776
0.6267,0.3600,-0.7961,1.001839
0.6267,0.3600,-0.7260,1.002083
0.6267,0.3600,-0.6474,1.002249
0.6267,0.3600,-0.5612,1.002885
0.6267,0.3600,-0.4684,1.003187
0.6267,0.3600,-0.3701,1.003666
0.6267,0.3600,-0.2675,1.004635
0.6267,0.3600,-0.1618,1.006149
0.6267,0.3600,-0.0541,1.013680
0.6267,0.3600,0.0541,0.600989
0.6267,0.3600,0.1618,0.767848
0.6267,0.3600,0.2675,0.842253
0.6267,0.3600,0.3701,0.880567
0.6267,0.3600,0.4684,0.892874
0.6267,0.3600,0.5612,0.901995
0.6267,0.3600,0.6474,0.908381
0.6267,0.3600,0.7260,0.915029
0.6267,0.3600,0.7961,0.923493
0.6267,0.3600,0.8569,0.930167
0.6267,0.3600,0.9076,0.938910
0.6267,0.3600,0.9477,0.943123
0.6267,0.3600,0.9766,0.952672
0.6267,0.3600,0.9941,0.955769
0.6267,0.3600,1.0000,0.959192
0.6267,0.4133,-1.0000,1.001155
0.6267,0.4133,-0.9941,1.001139
0.6267,0.4133,-0.9766,1.001586
0.6267,0.4133,-0.9477,1.001925
0.6267,0.4133,-0.9076,1.002641
0.6267,0.4133,-0.8569,1.002817
0.6267,0.4133,-0.7961,1.002992
0.6267,0.4133,-0.7260,1.003487
0.6267,0.4133,-0.6474,1.003641
0.6267,0.4133,-0.5612,1.003778
0.6267,0.4133,-0.4684,1.004816
0.6267,0.4133,-0.3701,1.005696
0.6267,0.4133,-0.2675,1.007261
0.6267,0.4133,-0.1618,1.010700
0.6267,0.4133,-0.0541,1.026244
0.6267,0.4133,0.0541,0.513611
0.6267,0.4133,0.1618,0.724747
0.6267,0.4133,0.2675,0.792609
0.6267,0.4133,0.3701,0.828602
0.6267,0.4133,0.4684,0.846539
0.6267,0.4133,0.5612,0.863177
0.6267,0.4133,0.6474,0.880895
0.6267,0.4133,0.7260,0.887800
0.6267,0.4133,0.7961,0.897303
0.6267,0.4133,0.8569,0.898958
0.6267,0.4133,0.9076,0.906226
0.6267,0.4133,0.9477,0.916209
0.6267,0.4133,0.9766,0.929455
0.6267,0.4133,0.9941,0.936454
0.6267,0.4133,1.0000,0.944962
0.6267,0.4667,-1.0000,1.002057
0.6267,0.4667,-0.9941,1.002474
0.6267,0.4667,-0.9766,1.002360
0.6267,0.4667,-0.9477,1.003427
0.6267,0.4667,-0.9076,1.003848
0.6267,0.4667,-0.8569,1.004153
0.6267,0.4667,-0.7961,1.004416
0.6267,0.4667,-0.7260,1.005153
0.6267,0.4667,-0.6474,1.005929
0.6267,0.4667,-0.5612,1.006082
0.6267,0.4667,-0.4684,1.007355
0.6267,0.4667,-0.3701,1.008493
0.6267,0.4667,-0.2675,1.012130
0.6267,0.4667,-0.1618,1.017292
0.6267,0.4667,-0.0541,1.045241
0.6267,0.4667,0.0541,0.403566
0.6267,0.4667,0.1618,0.634067
0.6267,0.4667,0.2675,0.736806
0.6267,0.4667,0.3701,0.782242
0.6267,0.4667,0.4684,0.810362
0.6267,0.4667,0.5612,0.843825
0.6267,0.4667,0.6474,0.838041
0.6267,0.4667,0.7260,0.853478
0.6267,0.4667,0.7961,0.865916
0.6267,0.4667,0.8569,0.876433
0.6267,0.4667,0.9076,0.885157
0.6267,0.4667,0.9477,0.892330
0.6267,0.4667,0.9766,0.909067
0.6267,0.4667,0.9941,0.911794
0.6267,0.4667,1.0000,0.914235
0.6267,0.5200,-1.0000,1.003410
0.6267,0.5200,-0.9941,1.003860
0.6267,0.5200,-0.9766,1.004941
0.6267,0.5200,-0.9477,1.005852
0.6267,0.5200,-0.9076,1.006296
0.6267,0.5200,-0.8569,1.006599
0.6267,0.5200,-0.7961,1.007983
0.6267,0.5200,-0.7260,1.008916
0.6267,0.5200,-0.6474,1.009841
0.6267,0.5200,-0.5612,1.010686
0.6267,0.5200,-0.4684,1.013047
0.6267,0.5200,-0.3701,1.014873
0.6267,0.5200,-0.2675,1.019782
0.6267,0.5200,-0.1618,1.030383
0.6267,0.5200,-0.0541,1.085826
0.6267,0.5200,0.0541,0.304825
0.6267,0.5200,0.1618,0.500440
0.6267,0.5200,0.2675,0.638443
0.6267,0.5200,0.3701,0.689094
0.6267,0.5200,0.4684,0.736710
0.6267,0.5200,0.5612,0.720560
0.6267,0.5200,0.6474,0.745265
0.6267,0.5200,0.7260,0.780796
0.6267,0.5200,0.7961,0.798820
0.6267,0.5200,0.8569,0.834539
0.6267,0.5200,0.9076,0.854495
0.6267,0.5200,0.9477,0.869815
0.6267,0.5200,0.9766,0.870628
0.6267,0.5200,0.9941,0.865918
0.6267,0.5200,1.0000,0.879345
0.6267,0.5733,-1.0000,1.008012
0.6267,0.5733,-0.9941,1.010063
0.6267,0.5733,-0.9766,1.011296
0.6267,0.5733,-0.9477,1.013007
0.6267,0.5733,-0.9076,1.012893
0.6267,0.5733,-0.8569,1.016366
0.6267,0.5733,-0.7961,1.016905
0.6267,0.5733,-0.7260,1.019815
0.6267,0.5733,-0.6474,1.022392
0.6267,0.5733,-0.5612,1.026270
0.6267,0.5733,-0.4684,1.030609
0.6267,0.5733,-0.3701,1.037368
0.6267,0.5733,-0.2675,1.051308
0.6267,0.5733,-0.1618,1.076986
0.6267,0.5733,-0.0541,1.062574
0.6267,0.5733,0.0541,0.138864
0.6267,0.5733,0.1618,0.263696
0.6267,0.5733,0.2675,0.350659
0.6267,0.5733,0.3701,0.413208
0.6267,0.5733,0.4684,0.376453
0.6267,0.5733,0.5612,0.416463
0.6267,0.5733,0.6474,0.446087
0.6267,0.5733,0.7260,0.473902
0.6267,0.5733,0.7961,0.542137
0.6267,0.5733,0.8569,0.590114
0.6267,0.5733,0.9076,0.610125
0.6267,0.5733,0.9477,0.660844
0.6267,0.5733,0.9766,0.636457
0.6267,0.5733,0.9941,0.678639
0.6267,0.5733,1.0000,0.768201
0.6267,0.6267,-1.0000,0.790733
0.6267,0.6267,-0.9941,0.768987
0.6267,0.6267,-0.9766,0.762951
0.6267,0.6267,-0.9477,0.756859
0.6267,0.6267,-0.9076,0.751697
0.6267,0.6267,-0.8569,0.743520
0.6267,0.6267,-0.7961,0.739217
0.6267,0.6267,-0.7260,0.733676
0.6267,0.6267,-0.6474,0.726246
0.6267,0.6267,-0.5612,0.723419
0.6267,0.6267,-0.4684,0.736282
0.6267,0.6267,-0.3701,0.722140
0.6267,0.6267,-0.2675,0.732292
0.6267,0.6267,-0.1618,0.727428
0.6267,0.6267,-0.0541,0.721041
0.6267,0.6267,0.0541,0.718427
0.6267,0.6267,0.1618,0.718594
0.6267,0.6267,0.2675,0.719796
0.6267,0.6267,0.3701,0.722100
0.6267,0.6267,0.4684,0.713658
0.6267,0.6267,0.5612,0.716291
0.6267,0.6267,0.6474,0.715298
0.6267,0.6267,0.7260,0.727346
0.6267,0.6267,0.7961,0.717855
0.6267,0.6267,0.8569,0.724729
0.6267,0.6267,0.9076,0.721833
0.6267,0.6267,0.9477,0.722620
0.6267,0.6267,0.9766,0.724990
0.6267,0.6267,0.9941,0.736495
0.6267,0.6267,1.0000,0.735975
0.6800,0.2000,-1.0000,0.980121
0.6800,0.2000,-0.9941,0.981024
0.6800,0.2000,-0.9766,0.988612
0.6800,0.2000,-0.9477,0.989912
0.6800,0.2000,-0.9076,0.990268
0.6800,0.2000,-0.8569,0.995948
0.6800,0.2000,-0.7961,0.993458
0.6800,0.2000,-0.7260,0.998134
0.6800,0.2000,-0.6474,0.998325
0.6800,0.2000,-0.5612,0.998019
0.6800,0.2000,-0.4684,0.998758
0.6800,0.2000,-0.3701,0.995349
0.6800,0.2000,-0.2675,0.998152
0.6800,0.2000,-0.1618,0.996640
0.6800,0.2000,-0.0541,0.989519
0.6800,0.2000,0.0541,0.640023
0.6800,0.2000,0.1618,0.834910
0.6800,0.2000,0.2675,0.880411
0.6800,0.2000,0.3701,0.884990
0.6800,0.2000,0.4684,0.887538
0.6800,0.2000,0.5612,0.873146
0.6800,0.2000,0.6474,0.917635
0.6800,0.2000,0.7260,0.936506
0.6800,0.2000,0.7961,0.878387
0.6800,0.2000,0.8569,0.830191
0.6800,0.2000,0.9076,0.873685
0.6800,0.2000,0.9477,0.784394
0.6800,0.2000,0.9766,0.893605
0.6800,0.2000,0.9941,0.869401
0.6800,0.2000,1.0000,0.884468
0.6800,0.2533,-1.0000,0.998123
0.6800,0.2533,-0.9941,0.998676
0.6800,0.2533,-0.9766,0.998847
0.6800,0.2533,-0.9477,0.999138
0.6800,0.2533,-0.9076,0.999367
0.6800,0.2533,-0.8569,0.999739
0.6800,0.2533,-0.7961,0.999829
0.6800,0.2533,-0.7260,1.000175
0.6800,0.2533,-0.6474,1.000227
0.6800,0.2533,-0.5612,0.999711
0.6800,0.2533,-0.4684,0.999580
0.6800,0.2533,-0.3701,0.999352
0.6800,0.2533,-0.2675,0.998758
0.6800,0.2533,-0.1618,0.997005
0.6800,0.2533,-0.0541,0.989384
0.6800,0.2533,0.0541,0.636600
0.6800,0.2533,0.1618,0.813065
0.6800,0.2533,0.2675,0.880186
0.6800,0.2533,0.3701,0.909655
0.6800,0.2533,0.4684,0.921747
0.6800,0.2533,0.5612,0.936409
0.6800,0.2533,0.6474,0.942718
0.6800,0.2533,0.7260,0.942679
0.6800,0.2533,0.7961,0.948539
0.6800,0.2533,0.8569,0.948285
0.6800,0.2533,0.9076,0.943988
0.6800,0.2533,0.9477,0.951208
0.6800,0.2533,0.9766,0.939465
0.6800,0.2533,0.9941,0.937412
0.6800,0.2533,1.0000,0.944357
0.6800,0.3067,-1.0000,0.999032
0.6800,0.3067,-0.9941,0.999183
0.6800,0.3067,-0.9766,0.999382
0.6800,0.3067,-0.9477,0.999565
0.6800,0.3067,-0.9076,0.999917
0.6800,0.3067,-0.8569,1.000136
0.6800,0.3067,-0.7961,1.000198
0.6800,0.3067,-0.7260,0.999990
0.6800,0.3067,-0.6474,1.000149
0.6800,0.3067,-0.5612,1.000290
0.6800,0.3067,-0.4684,1.000391
0.6800,0.3067,-0.3701,1.000161
0.6800,0.3067,-0.2675,0.999587
0.6800,0.3067,-0.1618,0.998940
0.6800,0.3067,-0.0541,0.994491
0.6800,0.3067,0.0541,0.634975
0.6800,0.3067,0.1618,0.817553
0.6800,0.3067,0.2675,0.877889
0.6800,0.3067,0.3701,0.897489
0.6800,0.3067,0.4684,0.911195
0.6800,0.3067,0.5612,0.926472
0.6800,0.3067,0.6474,0.935177
0.6800,0.3067,0.7260,0.948629
0.6800,0.3067,0.7961,0.950541
0.6800,0.3067,0.8569,0.954751
0.6800,0.3067,0.9076,0.958603
0.6800,0.3067,0.9477,0.960714
0.6800,0.3067,0.9766,0.963913
0.6800,0.3067,0.9941,0.964627
0.6800,0.3067,1.0000,0.965247
0.6800,0.3600,-1.0000,0.999385
0.6800,0.3600,-0.9941,0.999665
0.6800,0.3600,-0.9766,0.999988
0.6800,0.3600,-0.9477,1.000156
0.6800,0.3600,-0.9076,1.000549
0.6800,0.3600,-0.8569,1.000468
0.6800,0.3600,-0.7961,1.000610
0.6800,0.3600,-0.7260,1.000775
0.6800,0.3600,-0.6474,1.000987
0.6800,0.3600,-0.5612,1.001079
0.6800,0.3600,-0.4684,1.000853
0.6800,0.3600,-0.3701,1.000926
0.6800,0.3600,-0.2675,1.000507
0.6800,0.3600,-0.1618,1.000285
0.6800,0.3600,-0.0541,0.996847
0.6800,0.3600,0.0541,0.605665
0.6800,0.3600,0.1618,0.788232
0.6800,0.3600,0.2675,0.847910
0.6800,0.3600,0.3701,0.881643
0.6800,0.3600,0.4684,0.908063
0.6800,0.3600,0.5612,0.922932
0.6800,0.3600,0.6474,0.933315
0.6800,0.3600,0.7260,0.935762
0.6800,0.3600,0.7961,0.942220
0.6800,0.3600,0.8569,0.944934
0.6800,0.3600,0.9076,0.951451
0.6800,0.3600,0.9477,0.953438
0.6800,0.3600,0.9766,0.962645
0.6800,0.3600,0.9941,0.964861
0.6800,0.3600,1.0000,0.967668
0.6800,0.4133,-1.0000,0.999911
0.6800,0.4133,-0.9941,0.999927
0.6800,0.4133,-0.9766,1.000214
0.6800,0.4133,-0.9477,1.000375
0.6800,0.4133,-0.9076,1.000731
0.6800,0.4133,-0.8569,1.001085
0.6800,0.4133,-0.7961,1.001191
0.6800,0.4133,-0.7260,1.001482
0.6800,0.4133,-0.6474,1.001600
0.6800,0.4133,-0.5612,1.001705
0.6800,0.4133,-0.4684,1.001866
0.6800,0.4133,-0.3701,1.002327
0.6800,0.4133,-0.2675,1.002178
0.6800,0.4133,-0.1618,1.001165
0.6800,0.4133,-0.0541,1.002404
0.6800,0.4133,0.0541,0.563971
0.6800,0.4133,0.1618,0.759651
0.6800,0.4133,0.2675,0.830809
0.6800,0.4133,0.3701,0.845345
0.6800,0.4133,0.4684,0.873873
0.6800,0.4133,0.5612,0.877082
0.6800,0.4133,0.6474,0.893770
0.6800,0.4133,0.7260,0.905839
0.6800,0.4133,0.7961,0.918885
0.6800,0.4133,0.8569,0.926160
0.6800,0.4133,0.9076,0.931756
0.6800,0.4133,0.9477,0.941956
0.6800,0.4133,0.9766,0.947319
0.6800,0.4133,0.9941,0.944521
0.6800,0.4133,1.0000,0.951950
0.6800,0.4667,-1.0000,1.000042
0.6800,0.4667,-0.9941,1.000515
0.6800,0.4667,-0.9766,1.000759
0.6800,0.4667,-0.9477,1.001275
0.6800,0.4667,-0.9076,1.001540
0.6800,0.4667,-0.8569,1.001871
0.6800,0.4667,-0.7961,1.001874
0.6800,0.4667,-0.7260,1.002094
0.6800,0.4667,-0.6474,1.002623
0.6800,0.4667,-0.5612,1.002529
0.6800,0.4667,-0.4684,1.002618
0.6800,0.4667,-0.3701,1.003575
0.6800,0.4667,-0.2675,1.004062
0.6800,0.4667,-0.1618,1.005032
0.6800,0.4667,-0.0541,1.009778
0.6800,0.4667,0.0541,0.474704
0.6800,0.4667,0.1618,0.680113
0.6800,0.4667,0.2675,0.759559
0.6800,0.4667,0.3701,0.817164
0.6800,0.4667,0.4684,0.844255
0.6800,0.4667,0.5612,0.866097
0.6800,0.4667,0.6474,0.870407
0.6800,0.4667,0.7260,0.883502
0.6800,0.4667,0.7961,0.894176
0.6800,0.4667,0.8569,0.897331
0.6800,0.4667,0.9076,0.909467
0.6800,0.4667,0.9477,0.923692
0.6800,0.4667,0.9766,0.923912
0.6800,0.4667,0.9941,0.920752
0.6800,0.4667,1.0000,0.932799
0.6800,0.5200,-1.0000,1.000793
0.6800,0.5200,-0.9941,1.001075
0.6800,0.5200,-0.9766,1.001745
0.6800,0.5200,-0.9477,1.002260
0.6800,0.5200,-0.9076,1.002536
0.6800,0.5200,-0.8569,1.002484
0.6800,0.5200,-0.7961,1.002957
0.6800,0.5200,-0.7260,1.003576
0.6800,0.5200,-0.6474,1.003498
0.6800,0.5200,-0.5612,1.004179
0.6800,0.5200,-0.4684,1.004988
0.6800,0.5200,-0.3701,1.005529
0.6800,0.5200,-0.2675,1.006705
0.6800,0.5200,-0.1618,1.009031
0.6800,0.5200,-0.0541,1.021370
0.6800,0.5200,0.0541,0.422494
0.6800,0.5200,0.1618,0.628447
0.6800,0.5200,0.2675,0.730708
0.6800,0.5200,0.3701,0.755185
0.6800,0.5200,0.4684,0.770536
0.6800,0.5200,0.5612,0.798713
0.6800,0.5200,0.6474,0.820467
0.6800,0.5200,0.7260,0.846094
0.6800,0.5200,0.7961,0.860037
0.6800,0.5200,0.8569,0.877175
0.6800,0.5200,0.9076,0.885691
0.6800,0.5200,0.9477,0.887372
0.6800,0.5200,0.9766,0.892949
0.6800,0.5200,0.9941,0.909479
0.6800,0.5200,1.0000,0.921126
0.6800,0.5733,-1.0000,1.001255
0.6800,0.5733,-0.9941,1.002590
0.6800,0.5733,-0.9766,1.003118
0.6800,0.5733,-0.9477,1.003578
0.6800,0.5733,-0.9076,1.003598
0.6800,0.5733,-0.8569,1.004437
0.6800,0.5733,-0.7961,1.005258
0.6800,0.5733,-0.7260,1.005854
0.6800,0.5733,-0.6474,1.006093
0.6800,0.5733,-0.5612,1.007085
0.6800,0.5733,-0.4684,1.008305
0.6800,0.5733,-0.3701,1.009728
0.6800,0.5733,-0.2675,1.011484
0.6800,0.5733,-0.1618,1.016985
0.6800,0.5733,-0.0541,1.039801
0.6800,0.5733,0.0541,0.318870
0.6800,0.5733,0.1618,0.512881
0.6800,0.5733,0.2675,0.612530
0.6800,0.5733,0.3701,0.677862
0.6800,0.5733,0.4684,0.720298
0.6800,0.5733,0.5612,0.720025
0.6800,0.5733,0.6474,0.747389
0.6800,0.5733,0.7260,0.770757
0.6800,0.5733,0.7961,0.801497
0.6800,0.5733,0.8569,0.826044
0.6800,0.5733,0.9076,0.825858
0.6800,0.5733,0.9477,0.855512
0.6800,0.5733,0.9766,0.877611
0.6800,0.5733,0.9941,0.876859
0.6800,0.5733,1.0000,0.878802
0.6800,0.6267,-1.0000,1.004490
0.6800,0.6267,-0.9941,1.005540
0.6800,0.6267,-0.9766,1.005295
0.6800,0.6267,-0.9477,1.007028
0.6800,0.6267,-0.9076,1.009633
0.6800,0.6267,-0.8569,1.009019
0.6800,0.6267,-0.7961,1.011249
0.6800,0.6267,-0.7260,1.012819
0.6800,0.6267,-0.6474,1.014762
0.6800,0.6267,-0.5612,1.016008
0.6800,0.6267,-0.4684,1.018168
0.6800,0.6267,-0.3701,1.020534
0.6800,0.6267,-0.2675,1.024083
0.6800,0.6267,-0.1618,1.038918
0.6800,0.6267,-0.0541,1.034885
0.6800,0.6267,0.0541,0.121018
0.6800,0.6267,0.1618,0.201708
0.6800,0.6267,0.2675,0.273904
0.6800,0.6267,0.3701,0.329101
0.6800,0.6267,0.4684,0.375435
0.6800,0.6267,0.5612,0.459458
0.6800,0.6267,0.6474,0.488329
0.6800,0.6267,0.7260,0.514883
0.6800,0.6267,0.7961,0.486769
0.6800,0.6267,0.8569,0.499910
0.6800,0.6267,0.9076,0.507401
0.6800,0.6267,0.9477,0.562393
0.6800,0.6267,0.9766,0.606565
0.6800,0.6267,0.9941,0.659452
0.6800,0.6267,1.0000,0.665748
0.6800,0.6800,-1.0000,0.833499
0.6800,0.6800,-0.9941,0.818137
0.6800,0.6800,-0.9766,0.816003
0.6800,0.6800,-0.9477,0.808943
0.6800,0.6800,-0.9076,0.804497
0.6800,0.6800,-0.8569,0.795784
0.6800,0.6800,-0.7961,0.792167
0.6800,0.6800,-0.7260,0.795933
0.6800,0.6800,-0.6474,0.786793
0.6800,0.6800,-0.5612,0.785425
0.6800,0.6800,-0.4684,0.786178
0.6800,0.6800,-0.3701,0.784685
0.6800,0.6800,-0.2675,0.783725
0.6800,0.6800,-0.1618,0.783515
0.6800,0.6800,-0.0541,0.779834
0.6800,0.6800,0.0541,0.775736
0.6800,0.6800,0.1618,0.773705
0.6800,0.6800,0.2675,0.770895
0.6800,0.6800,0.3701,0.771663
0.6800,0.6800,0.4684,0.773571
0.6800,0.6800,0.5612,0.776174
0.6800,0.6800,0.6474,0.771967
0.6800,0.6800,0.7260,0.774510
0.6800,0.6800,0.7961,0.770500
0.6800,0.6800,0.8569,0.771814
0.6800,0.6800,0.9076,0.774242
0.6800,0.6800,0.9477,0.781180
0.6800,0.6800,0.9766,0.785391
0.6800,0.6800,0.9941,0.786552
0.6800,0.6800,1.0000,0.787859
0.7333,0.2000,-1.0000,0.985994
0.7333,0.2000,-0.9941,0.975386
0.7333,0.2000,-0.9766,0.986156
0.7333,0.2000,-0.9477,0.988631
0.7333,0.2000,-0.9076,0.990520
0.7333,0.2000,-0.8569,0.995240
0.7333,0.2000,-0.7961,0.997721
0.7333,0.2000,-0.7260,0.992091
0.7333,0.2000,-0.6474,0.995689
0.7333,0.2000,-0.5612,0.996613
0.7333,0.2000,-0.4684,0.996327
0.7333,0.2000,-0.3701,0.994659
0.7333,0.2000,-0.2675,0.995269
0.7333,0.2000,-0.1618,0.993151
0.7333,0.2000,-0.0541,0.982541
0.7333,0.2000,0.0541,0.648966
0.7333,0.2000,0.1618,0.820733
0.7333,0.2000,0.2675,0.874640
0.7333,0.2000,0.3701,0.879780
0.7333,0.2000,0.4684,0.901643
0.7333,0.2000,0.5612,0.896033
0.7333,0.2000,0.6474,0.917036
0.7333,0.2000,0.7260,0.874380
0.7333,0.2000,0.7961,0.887487
0.7333,0.2000,0.8569,0.911132
0.7333,0.2000,0.9076,0.904087
0.7333,0.2000,0.9477,0.784736
0.7333,0.2000,0.9766,0.846072
0.7333,0.2000,0.9941,0.762091
0.7333,0.2000,1.0000,0.802655
0.7333,0.2533,-1.0000,0.995384
0.7333,0.2533,-0.9941,0.998204
0.7333,0.2533,-0.9766,0.998222
0.7333,0.2533,-0.9477,0.998539
0.7333,0.2533,-0.9076,0.996850
0.7333,0.2533,-0.8569,0.996967
0.7333,0.2533,-0.7961,0.998903
0.7333,0.2533,-0.7260,0.999263
0.7333,0.2533,-0.6474,0.998668
0.7333,0.2533,-0.5612,0.998613
0.7333,0.2533,-0.4684,0.998773
0.7333,0.2533,-0.3701,0.998066
0.7333,0.2533,-0.2675,0.997289
0.7333,0.2533,-0.1618,0.995014
0.7333,0.2533,-0.0541,0.984190
0.7333,0.2533,0.0541,0.657241
0.7333,0.2533,0.1618,0.839454
0.7333,0.2533,0.2675,0.878649
0.7333,0.2533,0.3701,0.900533
0.7333,0.2533,0.4684,0.923370
0.7333,0.2533,0.5612,0.928575
0.7333,0.2533,0.6474,0.937667
0.7333,0.2533,0.7260,0.926271
0.7333,0.2533,0.7961,0.926340
0.7333,0.2533,0.8569,0.952024
0.7333,0.2533,0.9076,0.936144
0.7333,0.2533,0.9477,0.929893
0.7333,0.2533,0.9766,0.958808
0.7333,0.2533,0.9941,0.938892
0.7333,0.2533,1.0000,0.943483
0.7333,0.3067,-1.0000,0.998538
0.7333,0.3067,-0.9941,0.998581
0.7333,0.3067,-0.9766,0.998832
0.7333,0.3067,-0.9477,0.999024
0.7333,0.3067,-0.9076,0.999074
0.7333,0.3067,-0.8569,0.999420
0.7333,0.3067,-0.7961,0.999636
0.7333,0.3067,-0.7260,0.999847
0.7333,0.3067,-0.6474,0.999243
0.7333,0.3067,-0.5612,0.999237
0.7333,0.3067,-0.4684,0.998827
0.7333,0.3067,-0.3701,0.998535
0.7333,0.3067,-0.2675,0.998006
0.7333,0.3067,-0.1618,0.996098
0.7333,0.3067,-0.0541,0.983195
0.7333,0.3067,0.0541,0.653096
0.7333,0.3067,0.1618,0.824840
0.7333,0.3067,0.2675,0.880073
0.7333,0.3067,0.3701,0.908707
0.7333,0.3067,0.4684,0.928357
0.7333,0.3067,0.5612,0.931647
0.7333,0.3067,0.6474,0.937037
0.7333,0.3067,0.7260,0.940492
0.7333,0.3067,0.7961,0.944167
0.7333,0.3067,0.8569,0.948872
0.7333,0.3067,0.9076,0.953356
0.7333,0.3067,0.9477,0.956332
0.7333,0.3067,0.9766,0.959259
0.7333,0.3067,0.9941,0.959602
0.7333,0.3067,1.0000,0.961056
0.7333,0.3600,-1.0000,0.999020
0.7333,0.3600,-0.9941,0.998712
0.7333,0.3600,-0.9766,0.999248
0.7333,0.3600,-0.9477,0.999294
0.7333,0.3600,-0.9076,0.999698
0.7333,0.3600,-0.8569,0.999718
0.7333,0.3600,-0.7961,0.999793
0.7333,0.3600,-0.7260,0.999704
0.7333,0.3600,-0.6474,0.999752
0.7333,0.3600,-0.5612,0.999753
0.7333,0.3600,-0.4684,0.999451
0.7333,0.3600,-0.3701,0.999019
0.7333,0.3600,-0.2675,0.998363
0.7333,0.3600,-0.1618,0.997138
0.7333,0.3600,-0.0541,0.987725
0.7333,0.3600,0.0541,0.620380
0.7333,0.3600,0.1618,0.801624
0.7333,0.3600,0.2675,0.874673
0.7333,0.3600,0.3701,0.898612
0.7333,0.3600,0.4684,0.910816
0.7333,0.3600,0.5612,0.920008
0.7333,0.3600,0.6474,0.928404
0.7333,0.3600,0.7260,0.939398
0.7333,0.3600,0.7961,0.947736
0.7333,0.3600,0.8569,0.950362
0.7333,0.3600,0.9076,0.954628
0.7333,0.3600,0.9477,0.956302
0.7333,0.3600,0.9766,0.963622
0.7333,0.3600,0.9941,0.964401
0.7333,0.3600,1.0000,0.967787
0.7333,0.4133,-1.0000,0.999358
0.7333,0.4133,-0.9941,0.999404
0.7333,0.4133,-0.9766,0.999447
0.7333,0.4133,-0.9477,0.999750
0.7333,0.4133,-0.9076,0.999784
0.7333,0.4133,-0.8569,1.000049
0.7333,0.4133,-0.7961,1.000077
0.7333,0.4133,-0.7260,1.000214
0.7333,0.4133,-0.6474,1.000343
0.7333,0.4133,-0.5612,1.000151
0.7333,0.4133,-0.4684,1.000045
0.7333,0.4133,-0.3701,0.999994
0.7333,0.4133,-0.2675,0.999241
0.7333,0.4133,-0.1618,0.998298
0.7333,0.4133,-0.0541,0.990119
0.7333,0.4133,0.0541,0.569607
0.7333,0.4133,0.1618,0.770482
0.7333,0.4133,0.2675,0.847993
0.7333,0.4133,0.3701,0.877160
0.7333,0.4133,0.4684,0.878241
0.7333,0.4133,0.5612,0.898570
0.7333,0.4133,0.6474,0.919811
0.7333,0.4133,0.7260,0.921683
0.7333,0.4133,0.7961,0.932449
0.7333,0.4133,0.8569,0.938405
0.7333,0.4133,0.9076,0.940349
0.7333,0.4133,0.9477,0.949520
0.7333,0.4133,0.9766,0.954347
0.7333,0.4133,0.9941,0.961014
0.7333,0.4133,1.0000,0.962754
0.7333,0.4667,-1.0000,0.999552
0.7333,0.4667,-0.9941,0.999551
0.7333,0.4667,-0.9766,0.999922
0.7333,0.4667,-0.9477,1.000073
0.7333,0.4667,-0.9076,1.000300
0.7333,0.4667,-0.8569,1.000799
0.7333,0.4667,-0.7961,1.000663
0.7333,0.4667,-0.7260,1.000707
0.7333,0.4667,-0.6474,1.000881
0.7333,0.4667,-0.5612,1.000700
0.7333,0.4667,-0.4684,1.000731
0.7333,0.4667,-0.3701,1.000746
0.7333,0.4667,-0.2675,1.000349
0.7333,0.4667,-0.1618,0.998867
0.7333,0.4667,-0.0541,0.992308
0.7333,0.4667,0.0541,0.547127
0.7333,0.4667,0.1618,0.736534
0.7333,0.4667,0.2675,0.788635
0.7333,0.4667,0.3701,0.823044
0.7333,0.4667,0.4684,0.847753
0.7333,0.4667,0.5612,0.869925
0.7333,0.4667,0.6474,0.878799
0.7333,0.4667,0.7260,0.885612
0.7333,0.4667,0.7961,0.901882
0.7333,0.4667,0.8569,0.904407
0.7333,0.4667,0.9076,0.915853
0.7333,0.4667,0.9477,0.909757
0.7333,0.4667,0.9766,0.924465
0.7333,0.4667,0.9941,0.935892
0.7333,0.4667,1.0000,0.942090
0.7333,0.5200,-1.0000,0.999660
0.7333,0.5200,-0.9941,1.000071
0.7333,0.5200,-0.9766,1.000279
0.7333,0.5200,-0.9477,1.000762
0.7333,0.5200,-0.9076,1.000873
0.7333,0.5200,-0.8569,1.000907
0.7333,0.5200,-0.7961,1.001061
0.7333,0.5200,-0.7260,1.001292
0.7333,0.5200,-0.6474,1.001211
0.7333,0.5200,-0.5612,1.001167
0.7333,0.5200,-0.4684,1.001635
0.7333,0.5200,-0.3701,1.001526
0.7333,0.5200,-0.2675,1.001338
0.7333,0.5200,-0.1618,1.000501
0.7333,0.5200,-0.0541,0.996812
0.7333,0.5200,0.0541,0.438927
0.7333,0.5200,0.1618,0.675557
0.7333,0.5200,0.2675,0.755138
0.7333,0.5200,0.3701,0.796383
0.7333,0.5200,0.4684,0.823341
0.7333,0.5200,0.5612,0.855402
0.7333,0.5200,0.6474,0.865800
0.7333,0.5200,0.7260,0.885427
0.7333,0.5200,0.7961,0.901555
0.7333,0.5200,0.8569,0.908878
0.7333,0.5200,0.9076,0.910684
0.7333,0.5200,0.9477,0.911614
0.7333,0.5200,0.9766,0.916217
0.7333,0.5200,0.9941,0.919567
0.7333,0.5200,1.0000,0.930676
0.7333,0.5733,-1.0000,1.000236
0.7333,0.5733,-0.9941,1.000623
0.7333,0.5733,-0.9766,1.000838
0.7333,0.5733,-0.9477,1.001144
0.7333,0.5733,-0.9076,1.001069
0.7333,0.5733,-0.8569,1.001562
0.7333,0.5733,-0.7961,1.001864
0.7333,0.5733,-0.7260,1.001939
0.7333,0.5733,-0.6474,1.002344
0.7333,0.5733,-0.5612,1.002491
0.7333,0.5733,-0.4684,1.002603
0.7333,0.5733,-0.3701,1.002578
0.7333,0.5733,-0.2675,1.002750
0.7333,0.5733,-0.1618,1.003018
0.7333,0.5733,-0.0541,1.001214
0.7333,0.5733,0.0541,0.386666
0.7333,0.5733,0.1618,0.601580
0.7333,0.5733,0.2675,0.672712
0.7333,0.5733,0.3701,0.747064
0.7333,0.5733,0.4684,0.785716
0.7333,0.5733,0.5612,0.822260
0.7333,0.5733,0.6474,0.842551
0.7333,0.5733,0.7260,0.857641
0.7333,0.5733,0.7961,0.861909
0.7333,0.5733,0.8569,0.870587
0.7333,0.5733,0.9076,0.873218
0.7333,0.5733,0.9477,0.887158
0.7333,0.5733,0.9766,0.894444
0.7333,0.5733,0.9941,0.898596
0.7333,0.5733,1.0000,0.907191
0.7333,0.6267,-1.0000,1.000318
0.7333,0.6267,-0.9941,1.000909
0.7333,0.6267,-0.9766,1.001413
0.7333,0.6267,-0.9477,1.001617
0.7333,0.6267,-0.9076,1.002274
0.7333,0.6267,-0.8569,1.002756
0.7333,0.6267,-0.7961,1.003315
0.7333,0.6267,-0.7260,1.003351
0.7333,0.6267,-0.6474,1.003536
0.7333,0.6267,-0.5612,1.003876
0.7333,0.6267,-0.4684,1.004584
0.7333,0.6267,-0.3701,1.004333
0.7333,0.6267,-0.2675,1.005128
0.7333,0.6267,-0.1618,1.006068
0.7333,0.6267,-0.0541,1.006123
0.7333,0.6267,0.0541,0.293541
0.7333,0.6267,0.1618,0.480713
0.7333,0.6267,0.2675,0.544877
0.7333,0.6267,0.3701,0.614583
0.7333,0.6267,0.4684,0.662416
0.7333,0.6267,0.5612,0.677934
0.7333,0.6267,0.6474,0.703131
0.7333,0.6267,0.7260,0.725113
0.7333,0.6267,0.7961,0.740947
0.7333,0.6267,0.8569,0.778567
0.7333,0.6267,0.9076,0.827281
0.7333,0.6267,0.9477,0.843410
0.7333,0.6267,0.9766,0.859712
0.7333,0.6267,0.9941,0.866030
0.7333,0.6267,1.0000,0.885101
0.7333,0.6800,-1.0000,1.000206
0.7333,0.6800,-0.9941,1.000680
0.7333,0.6800,-0.9766,1.002377
0.7333,0.6800,-0.9477,1.002694
0.7333,0.6800,-0.9076,1.004272
0.7333,0.6800,-0.8569,1.004891
0.7333,0.6800,-0.7961,1.005832
0.7333,0.6800,-0.7260,1.007260
0.7333,0.6800,-0.6474,1.008144
0.7333,0.6800,-0.5612,1.007935
0.7333,0.6800,-0.4684,1.008363
0.7333,0.6800,-0.3701,1.009236
0.7333,0.6800,-0.2675,1.009955
0.7333,0.6800,-0.1618,1.013590
0.7333,0.6800,-0.0541,1.017404
0.7333,0.6800,0.0541,0.117793
0.7333,0.6800,0.1618,0.224412
0.7333,0.6800,0.2675,0.301525
0.7333,0.6800,0.3701,0.318919
0.7333,0.6800,0.4684,0.410063
0.7333,0.6800,0.5612,0.448465
0.7333,0.6800,0.6474,0.479805
0.7333,0.6800,0.7260,0.502827
0.7333,0.6800,0.7961,0.521717
0.7333,0.6800,0.8569,0.580817
0.7333,0.6800,0.9076,0.589015
0.7333,0.6800,0.9477,0.593350
0.7333,0.6800,0.9766,0.593341
0.7333,0.6800,0.9941,0.559720
0.7333,0.6800,1.0000,0.607402
0.7333,0.7333,-1.0000,0.907035
0.7333,0.7333,-0.9941,0.892028
0.7333,0.7333,-0.9766,0.885251
0.7333,0.7333,-0.9477,0.869951
0.7333,0.7333,-0.9076,0.879163
0.7333,0.7333,-0.8569,0.866759
0.7333,0.7333,-0.7961,0.864333
0.7333,0.7333,-0.7260,0.862802
0.7333,0.7333,-0.6474,0.858268
0.7333,0.7333,-0.5612,0.858777
0.7333,0.7333,-0.4684,0.849218
0.7333,0.7333,-0.3701,0.846752
0.7333,0.7333,-0.2675,0.849111
0.7333,0.7333,-0.1618,0.852022
0.7333,0.7333,-0.0541,0.844188
0.7333,0.7333,0.0541,0.844419
0.7333,0.7333,0.1618,0.842589
0.7333,0.7333,0.2675,0.839514
0.7333,0.7333,0.3701,0.842182
0.7333,0.7333,0.4684,0.840556
0.7333,0.7333,0.5612,0.842308
0.7333,0.7333,0.6474,0.843686
0.7333,0.7333,0.7260,0.840319
0.7333,0.7333,0.7961,0.842016
0.7333,0.7333,0.8569,0.842900
0.7333,0.7333,0.9076,0.847226
0.7333,0.7333,0.9477,0.847210
0.7333,0.7333,0.9766,0.848572
0.7333,0.7333,0.9941,0.852161
0.7333,0.7333,1.0000,0.853847
0.7867,0.2000,-1.0000,0.979441
0.7867,0.2000,-0.9941,0.978172
0.7867,0.2000,-0.9766,0.965530
0.7867,0.2000,-0.9477,0.984588
0.7867,0.2000,-0.9076,0.988565
0.7867,0.2000,-0.8569,0.981224
0.7867,0.2000,-0.7961,0.990628
0.7867,0.2000,-0.7260,0.991610
0.7867,0.2000,-0.6474,0.988923
0.7867,0.2000,-0.5612,0.992505
0.7867,0.2000,-0.4684,0.990567
0.7867,0.2000,-0.3701,0.996397
0.7867,0.2000,-0.2675,0.991538
0.7867,0.2000,-0.1618,0.989010
0.7867,0.2000,-0.0541,0.974482
0.7867,0.2000,0.0541,0.668506
0.7867,0.2000,0.1618,0.775500
0.7867,0.2000,0.2675,0.837707
0.7867,0.2000,0.3701,0.883599
0.7867,0.2000,0.4684,0.886021
0.7867,0.2000,0.5612,0.874982
0.7867,0.2000,0.6474,0.852385
0.7867,0.2000,0.7260,0.858431
0.7867,0.2000,0.7961,0.893570
0.7867,0.2000,0.8569,0.795627
0.7867,0.2000,0.9076,0.867140
0.7867,0.2000,0.9477,0.808373
0.7867,0.2000,0.9766,0.905399
0.7867,0.2000,0.9941,0.776946
0.7867,0.2000,1.0000,0.849143
0.7867,0.2533,-1.0000,0.993038
0.7867,0.2533,-0.9941,0.996177
0.7867,0.2533,-0.9766,0.997843
0.7867,0.2533,-0.9477,0.998428
0.7867,0.2533,-0.9076,0.996108
0.7867,0.2533,-0.8569,0.995931
0.7867,0.2533,-0.7961,0.996598
0.7867,0.2533,-0.7260,0.996187
0.7867,0.2533,-0.6474,0.996875
0.7867,0.2533,-0.5612,0.998245
0.7867,0.2533,-0.4684,0.997811
0.7867,0.2533,-0.3701,0.996528
0.7867,0.2533,-0.2675,0.996020
0.7867,0.2533,-0.1618,0.992711
0.7867,0.2533,-0.0541,0.978171
0.7867,0.2533,0.0541,0.664837
0.7867,0.2533,0.1618,0.831379
0.7867,0.2533,0.2675,0.876954
0.7867,0.2533,0.3701,0.911695
0.7867,0.2533,0.4684,0.930283
0.7867,0.2533,0.5612,0.936249
0.7867,0.2533,0.6474,0.930849
0.7867,0.2533,0.7260,0.928197
0.7867,0.2533,0.7961,0.948953
0.7867,0.2533,0.8569,0.949899
0.7867,0.2533,0.9076,0.934598
0.7867,0.2533,0.9477,0.931894
0.7867,0.2533,0.9766,0.941449
0.7867,0.2533,0.9941,0.938460
0.7867,0.2533,1.0000,0.950209
0.7867,0.3067,-1.0000,0.998223
0.7867,0.3067,-0.9941,0.998422
0.7867,0.3067,-0.9766,0.998572
0.7867,0.3067,-0.9477,0.998611
0.7867,0.3067,-0.9076,0.998558
0.7867,0.3067,-0.8569,0.998686
0.7867,0.3067,-0.7961,0.999342
0.7867,0.3067,-0.7260,0.999139
0.7867,0.3067,-0.6474,0.998768
0.7867,0.3067,-0.5612,0.998422
0.7867,0.3067,-0.4684,0.997975
0.7867,0.3067,-0.3701,0.997607
0.7867,0.3067,-0.2675,0.996729
0.7867,0.3067,-0.1618,0.994006
0.7867,0.3067,-0.0541,0.978358
0.7867,0.3067,0.0541,0.665556
0.7867,0.3067,0.1618,0.832018
0.7867,0.3067,0.2675,0.889348
0.7867,0.3067,0.3701,0.919612
0.7867,0.3067,0.4684,0.931895
0.7867,0.3067,0.5612,0.938488
0.7867,0.3067,0.6474,0.940627
0.7867,0.3067,0.7260,0.946190
0.7867,0.3067,0.7961,0.947742
0.7867,0.3067,0.8569,0.949947
0.7867,0.3067,0.9076,0.954380
0.7867,0.3067,0.9477,0.957582
0.7867,0.3067,0.9766,0.955192
0.7867,0.3067,0.9941,0.960272
0.7867,0.3067,1.0000,0.962861
0.7867,0.3600,-1.0000,0.998548
0.7867,0.3600,-0.9941,0.998423
0.7867,0.3600,-0.9766,0.998851
0.7867,0.3600,-0.9477,0.999175
0.7867,0.3600,-0.9076,0.999271
0.7867,0.3600,-0.8569,0.999373
0.7867,0.3600,-0.7961,0.999232
0.7867,0.3600,-0.7260,0.999019
0.7867,0.3600,-0.6474,0.999004
0.7867,0.3600,-0.5612,0.998815
0.7867,0.3600,-0.4684,0.998308
0.7867,0.3600,-0.3701,0.997708
0.7867,0.3600,-0.2675,0.997016
0.7867,0.3600,-0.1618,0.994282
0.7867,0.3600,-0.0541,0.981055
0.7867,0.3600,0.0541,0.653102
0.7867,0.3600,0.1618,0.812162
0.7867,0.3600,0.2675,0.875551
0.7867,0.3600,0.3701,0.906675
0.7867,0.3600,0.4684,0.923525
0.7867,0.3600,0.5612,0.936659
0.7867,0.3600,0.6474,0.942418
0.7867,0.3600,0.7260,0.939414
0.7867,0.3600,0.7961,0.942979
0.7867,0.3600,0.8569,0.943554
0.7867,0.3600,0.9076,0.948333
0.7867,0.3600,0.9477,0.951886
0.7867,0.3600,0.9766,0.956311
0.7867,0.3600,0.9941,0.963338
0.7867,0.3600,1.0000,0.966487
0.7867,0.4133,-1.0000,0.998659
0.7867,0.4133,-0.9941,0.998864
0.7867,0.4133,-0.9766,0.999136
0.7867,0.4133,-0.9477,0.999313
0.7867,0.4133,-0.9076,0.999547
0.7867,0.4133,-0.8569,0.999564
0.7867,0.4133,-0.7961,0.999471
0.7867,0.4133,-0.7260,0.999472
0.7867,0.4133,-0.6474,0.999440
0.7867,0.4133,-0.5612,0.999057
0.7867,0.4133,-0.4684,0.998752
0.7867,0.4133,-0.3701,0.998543
0.7867,0.4133,-0.2675,0.997617
0.7867,0.4133,-0.1618,0.994921
0.7867,0.4133,-0.0541,0.981717
0.7867,0.4133,0.0541,0.643184
0.7867,0.4133,0.1618,0.803953
0.7867,0.4133,0.2675,0.865667
0.7867,0.4133,0.3701,0.889084
0.7867,0.4133,0.4684,0.903231
0.7867,0.4133,0.5612,0.912838
0.7867,0.4133,0.6474,0.921136
0.7867,0.4133,0.7260,0.924376
0.7867,0.4133,0.7961,0.934124
0.7867,0.4133,0.8569,0.940004
0.7867,0.4133,0.9076,0.943099
0.7867,0.4133,0.9477,0.955123
0.7867,0.4133,0.9766,0.959489
0.7867,0.4133,0.9941,0.963737
0.7867,0.4133,1.0000,0.968223
0.7867,0.4667,-1.0000,0.998904
0.7867,0.4667,-0.9941,0.999193
0.7867,0.4667,-0.9766,0.999277
0.7867,0.4667,-0.9477,0.999551
0.7867,0.4667,-0.9076,0.999763
0.7867,0.4667,-0.8569,0.999766
0.7867,0.4667,-0.7961,0.999834
0.7867,0.4667,-0.7260,0.999851
0.7867,0.4667,-0.6474,0.999686
0.7867,0.4667,-0.5612,0.999540
0.7867,0.4667,-0.4684,0.999598
0.7867,0.4667,-0.3701,0.999243
0.7867,0.4667,-0.2675,0.998193
0.7867,0.4667,-0.1618,0.995885
0.7867,0.4667,-0.0541,0.983221
0.7867,0.4667,0.0541,0.569222
0.7867,0.4667,0.1618,0.747840
0.7867,0.4667,0.2675,0.818969
0.7867,0.4667,0.3701,0.860917
0.7867,0.4667,0.4684,0.877076
0.7867,0.4667,0.5612,0.886081
0.7867,0.4667,0.6474,0.900559
0.7867,0.4667,0.7260,0.910974
0.7867,0.4667,0.7961,0.915431
0.7867,0.4667,0.8569,0.923164
0.7867,0.4667,0.9076,0.932701
0.7867,0.4667,0.9477,0.943130
0.7867,0.4667,0.9766,0.948750
0.7867,0.4667,0.9941,0.953350
0.7867,0.4667,1.0000,0.959573
0.7867,0.5200,-1.0000,0.999166
0.7867,0.5200,-0.9941,0.999254
0.7867,0.5200,-0.9766,0.999451
0.7867,0.5200,-0.9477,0.999978
0.7867,0.5200,-0.9076,1.000142
0.7867,0.5200,-0.8569,1.000138
0.7867,0.5200,-0.7961,0.999991
0.7867,0.5200,-0.7260,0.999998
0.7867,0.5200,-0.6474,1.000161
0.7867,0.5200,-0.5612,1.000059
0.7867,0.5200,-0.4684,0.999799
0.7867,0.5200,-0.3701,0.999398
0.7867,0.5200,-0.2675,0.998419
0.7867,0.5200,-0.1618,0.996323
0.7867,0.5200,-0.0541,0.984971
0.7867,0.5200,0.0541,0.495437
0.7867,0.5200,0.1618,0.693351
0.7867,0.5200,0.2675,0.751174
0.7867,0.5200,0.3701,0.792417
0.7867,0.5200,0.4684,0.817550
0.7867,0.5200,0.5612,0.859294
0.7867,0.5200,0.6474,0.875691
0.7867,0.5200,0.7260,0.894859
0.7867,0.5200,0.7961,0.899016
0.7867,0.5200,0.8569,0.911684
0.7867,0.5200,0.9076,0.917686
0.7867,0.5200,0.9477,0.913403
0.7867,0.5200,0.9766,0.922205
0.7867,0.5200,0.9941,0.932986
0.7867,0.5200,1.0000,0.936254
0.7867,0.5733,-1.0000,0.999481
0.7867,0.5733,-0.9941,0.999493
0.7867,0.5733,-0.9766,1.000004
0.7867,0.5733,-0.9477,1.000251
0.7867,0.5733,-0.9076,1.000124
0.7867,0.5733,-0.8569,1.000367
0.7867,0.5733,-0.7961,1.000299
0.7867,0.5733,-0.7260,1.000352
0.7867,0.5733,-0.6474,1.000267
0.7867,0.5733,-0.5612,1.000233
0.7867,0.5733,-0.4684,1.000290
0.7867,0.5733,-0.3701,0.999575
0.7867,0.5733,-0.2675,0.998768
0.7867,0.5733,-0.1618,0.996493
0.7867,0.5733,-0.0541,0.986098
0.7867,0.5733,0.0541,0.452756
0.7867,0.5733,0.1618,0.642962
0.7867,0.5733,0.2675,0.752888
0.7867,0.5733,0.3701,0.805849
0.7867,0.5733,0.4684,0.832183
0.7867,0.5733,0.5612,0.848745
0.7867,0.5733,0.6474,0.859131
0.7867,0.5733,0.7260,0.879903
0.7867,0.5733,0.7961,0.890549
0.7867,0.5733,0.8569,0.912396
0.7867,0.5733,0.9076,0.906145
0.7867,0.5733,0.9477,0.912231
0.7867,0.5733,0.9766,0.917175
0.7867,0.5733,0.9941,0.920645
0.7867,0.5733,1.0000,0.913843
0.7867,0.6267,-1.0000,0.999702
0.7867,0.6267,-0.9941,0.999829
0.7867,0.6267,-0.9766,1.000161
0.7867,0.6267,-0.9477,1.000012
0.7867,0.6267,-0.9076,1.000676
0.7867,0.6267,-0.8569,1.000623
0.7867,0.6267,-0.7961,1.001005
0.7867,0.6267,-0.7260,1.000849
0.7867,0.6267,-0.6474,1.000860
0.7867,0.6267,-0.5612,1.000413
0.7867,0.6267,-0.4684,1.000623
0.7867,0.6267,-0.3701,1.000309
0.7867,0.6267,-0.2675,0.999148
0.7867,0.6267,-0.1618,0.996584
0.7867,0.6267,-0.0541,0.983197
0.7867,0.6267,0.0541,0.389919
0.7867,0.6267,0.1618,0.604533
0.7867,0.6267,0.2675,0.695651
0.7867,0.6267,0.3701,0.752191
0.7867,0.6267,0.4684,0.780079
0.7867,0.6267,0.5612,0.807840
0.7867,0.6267,0.6474,0.828979
0.7867,0.6267,0.7260,0.853393
0.7867,0.6267,0.7961,0.865542
0.7867,0.6267,0.8569,0.881527
0.7867,0.6267,0.9076,0.894416
0.7867,0.6267,0.9477,0.885896
0.7867,0.6267,0.9766,0.899110
0.7867,0.6267,0.9941,0.898884
0.7867,0.6267,1.0000,0.911734
0.7867,0.6800,-1.0000,0.999736
0.7867,0.6800,-0.9941,0.999695
0.7867,0.6800,-0.9766,0.999841
0.7867,0.6800,-0.9477,0.999916
0.7867,0.6800,-0.9076,1.001050
0.7867,0.6800,-0.8569,1.001076
0.7867,0.6800,-0.7961,1.001038
0.7867,0.6800,-0.7260,1.001276
0.7867,0.6800,-0.6474,1.001313
0.7867,0.6800,-0.5612,1.001411
0.7867,0.6800,-0.4684,1.001428
0.7867,0.6800,-0.3701,1.000778
0.7867,0.6800,-0.2675,0.997248
0.7867,0.6800,-0.1618,0.995669
0.7867,0.6800,-0.0541,0.978296
0.7867,0.6800,0.0541,0.221007
0.7867,0.6800,0.1618,0.388758
0.7867,0.6800,0.2675,0.461410
0.7867,0.6800,0.3701,0.530739
0.7867,0.6800,0.4684,0.580489
0.7867,0.6800,0.5612,0.618646
0.7867,0.6800,0.6474,0.647422
0.7867,0.6800,0.7260,0.670532
0.7867,0.6800,0.7961,0.689931
0.7867,0.6800,0.8569,0.728849
0.7867,0.6800,0.9076,0.738076
0.7867,0.6800,0.9477,0.768487
0.7867,0.6800,0.9766,0.816706
0.7867,0.6800,0.9941,0.853632
0.7867,0.6800,1.0000,0.858652
0.7867,0.7333,-1.0000,0.996612
0.7867,0.7333,-0.9941,0.997860
0.7867,0.7333,-0.9766,0.999062
0.7867,0.7333,-0.9477,1.000303
0.7867,0.7333,-0.9076,1.001350
0.7867,0.7333,-0.8569,1.001321
0.7867,0.7333,-0.7961,1.001877
0.7867,0.7333,-0.7260,1.001403
0.7867,0.7333,-0.6474,1.002666
0.7867,0.7333,-0.5612,1.001707
0.7867,0.7333,-0.4684,1.000084
0.7867,0.7333,-0.3701,0.999731
0.7867,0.7333,-0.2675,0.999707
0.7867,0.7333,-0.1618,0.995396
0.7867,0.7333,-0.0541,0.978820
0.7867,0.7333,0.0541,0.110647
0.7867,0.7333,0.1618,0.215726
0.7867,0.7333,0.2675,0.289620
0.7867,0.7333,0.3701,0.251638
0.7867,0.7333,0.4684,0.289240
0.7867,0.7333,0.5612,0.320847
0.7867,0.7333,0.6474,0.347097
0.7867,0.7333,0.7260,0.292955
0.7867,0.7333,0.7961,0.305840
0.7867,0.7333,0.8569,0.459161
0.7867,0.7333,0.9076,0.568936
0.7867,0.7333,0.9477,0.668040
0.7867,0.7333,0.9766,0.619209
0.7867,0.7333,0.9941,0.617780
0.7867,0.7333,1.0000,0.581145
0.7867,0.7867,-1.0000,0.978314
0.7867,0.7867,-0.9941,0.971972
0.7867,0.7867,-0.9766,0.965539
0.7867,0.7867,-0.9477,0.962490
0.7867,0.7867,-0.9076,0.957099
0.7867,0.7867,-0.8569,0.947581
0.7867,0.7867,-0.7961,0.942174
0.7867,0.7867,-0.7260,0.939889
0.7867,0.7867,-0.6474,0.937378
0.7867,0.7867,-0.5612,0.939328
0.7867,0.7867,-0.4684,0.928612
0.7867,0.7867,-0.3701,0.933286
0.7867,0.7867,-0.2675,0.931031
0.7867,0.7867,-0.1618,0.925342
0.7867,0.7867,-0.0541,0.924796
0.7867,0.7867,0.0541,0.924779
0.7867,0.7867,0.1618,0.924983
0.7867,0.7867,0.2675,0.926292
0.7867,0.7867,0.3701,0.922483
0.7867,0.7867,0.4684,0.926342
0.7867,0.7867,0.5612,0.928477
0.7867,0.7867,0.6474,0.925936
0.7867,0.7867,0.7260,0.925054
0.7867,0.7867,0.7961,0.922215
0.7867,0.7867,0.8569,0.923097
0.7867,0.7867,0.9076,0.931875
0.7867,0.7867,0.9477,0.933391
0.7867,0.7867,0.9766,0.944278
0.7867,0.7867,0.9941,0.941577
0.7867,0.7867,1.0000,0.943753
0.8400,0.2000,-1.0000,0.966335
0.8400,0.2000,-0.9941,0.966927
0.8400,0.2000,-0.9766,0.958638
0.8400,0.2000,-0.9477,0.980495
0.8400,0.2000,-0.9076,0.979227
0.8400,0.2000,-0.8569,0.986635
0.8400,0.2000,-0.7961,0.982656
0.8400,0.2000,-0.7260,0.986175
0.8400,0.2000,-0.6474,0.980779
0.8400,0.2000,-0.5612,0.988432
0.8400,0.2000,-0.4684,0.990204
0.8400,0.2000,-0.3701,0.992773
0.8400,0.2000,-0.2675,0.987520
0.8400,0.2000,-0.1618,0.985020
0.8400,0.2000,-0.0541,0.972118
0.8400,0.2000,0.0541,0.680074
0.8400,0.2000,0.1618,0.783816
0.8400,0.2000,0.2675,0.845395
0.8400,0.2000,0.3701,0.804956
0.8400,0.2000,0.4684,0.850950
0.8400,0.2000,0.5612,0.846735
0.8400,0.2000,0.6474,0.901523
0.8400,0.2000,0.7260,0.876298
0.8400,0.2000,0.7961,0.824437
0.8400,0.2000,0.8569,0.836459
0.8400,0.2000,0.9076,0.781080
0.8400,0.2000,0.9477,0.879253
0.8400,0.2000,0.9766,0.755149
0.8400,0.2000,0.9941,0.773874
0.8400,0.2000,1.0000,0.780041
0.8400,0.2533,-1.0000,0.996001
0.8400,0.2533,-0.9941,0.990654
0.8400,0.2533,-0.9766,0.993158
0.8400,0.2533,-0.9477,0.995097
0.8400,0.2533,-0.9076,0.996257
0.8400,0.2533,-0.8569,0.993320
0.8400,0.2533,-0.7961,0.997796
0.8400,0.2533,-0.7260,0.994222
0.8400,0.2533,-0.6474,0.996971
0.8400,0.2533,-0.5612,0.997872
0.8400,0.2533,-0.4684,0.994165
0.8400,0.2533,-0.3701,0.996258
0.8400,0.2533,-0.2675,0.994888
0.8400,0.2533,-0.1618,0.991449
0.8400,0.2533,-0.0541,0.974816
0.8400,0.2533,0.0541,0.679878
0.8400,0.2533,0.1618,0.829943
0.8400,0.2533,0.2675,0.873537
0.8400,0.2533,0.3701,0.911049
0.8400,0.2533,0.4684,0.931885
0.8400,0.2533,0.5612,0.932465
0.8400,0.2533,0.6474,0.938420
0.8400,0.2533,0.7260,0.927627
0.8400,0.2533,0.7961,0.948939
0.8400,0.2533,0.8569,0.951038
0.8400,0.2533,0.9076,0.917858
0.8400,0.2533,0.9477,0.918824
0.8400,0.2533,0.9766,0.928853
0.8400,0.2533,0.9941,0.911356
0.8400,0.2533,1.0000,0.940295
0.8400,0.3067,-1.0000,0.998154
0.8400,0.3067,-0.9941,0.997704
0.8400,0.3067,-0.9766,0.997750
0.8400,0.3067,-0.9477,0.997773
0.8400,0.3067,-0.9076,0.998223
0.8400,0.3067,-0.8569,0.998468
0.8400,0.3067,-0.7961,0.998923
0.8400,0.3067,-0.7260,0.998660
0.8400,0.3067,-0.6474,0.998189
0.8400,0.3067,-0.5612,0.997775
0.8400,0.3067,-0.4684,0.996995
0.8400,0.3067,-0.3701,0.996930
0.8400,0.3067,-0.2675,0.995401
0.8400,0.3067,-0.1618,0.992292
0.8400,0.3067,-0.0541,0.974231
0.8400,0.3067,0.0541,0.663585
0.8400,0.3067,0.1618,0.838089
0.8400,0.3067,0.2675,0.885841
0.8400,0.3067,0.3701,0.922690
0.8400,0.3067,0.4684,0.933733
0.8400,0.3067,0.5612,0.935218
0.8400,0.3067,0.6474,0.941212
0.8400,0.3067,0.7260,0.946932
0.8400,0.3067,0.7961,0.947855
0.8400,0.3067,0.8569,0.950549
0.8400,0.3067,0.9076,0.948017
0.8400,0.3067,0.9477,0.950089
0.8400,0.3067,0.9766,0.934925
0.8400,0.3067,0.9941,0.962816
0.8400,0.3067,1.0000,0.961124
0.8400,0.3600,-1.0000,0.998111
0.8400,0.3600,-0.9941,0.998454
0.8400,0.3600,-0.9766,0.998383
0.8400,0.3600,-0.9477,0.998708
0.8400,0.3600,-0.9076,0.998966
0.8400,0.3600,-0.8569,0.999060
0.8400,0.3600,-0.7961,0.998973
0.8400,0.3600,-0.7260,0.998702
0.8400,0.3600,-0.6474,0.998486
0.8400,0.3600,-0.5612,0.998059
0.8400,0.3600,-0.4684,0.997594
0.8400,0.3600,-0.3701,0.997155
0.8400,0.3600,-0.2675,0.995592
0.8400,0.3600,-0.1618,0.992222
0.8400,0.3600,-0.0541,0.976572
0.8400,0.3600,0.0541,0.658052
0.8400,0.3600,0.1618,0.836238
0.8400,0.3600,0.2675,0.888282
0.8400,0.3600,0.3701,0.911172
0.8400,0.3600,0.4684,0.927589
0.8400,0.3600,0.5612,0.935626
0.8400,0.3600,0.6474,0.943264
0.8400,0.3600,0.7260,0.945529
0.8400,0.3600,0.7961,0.949489
0.8400,0.3600,0.8569,0.951713
0.8400,0.3600,0.9076,0.953156
0.8400,0.3600,0.9477,0.956304
0.8400,0.3600,0.9766,0.960670
0.8400,0.3600,0.9941,0.961536
0.8400,0.3600,1.0000,0.967499
0.8400,0.4133,-1.0000,0.998470
0.8400,0.4133,-0.9941,0.998477
0.8400,0.4133,-0.9766,0.998983
0.8400,0.4133,-0.9477,0.999093
0.8400,0.4133,-0.9076,0.999174
0.8400,0.4133,-0.8569,0.999090
0.8400,0.4133,-0.7961,0.998775
0.8400,0.4133,-0.7260,0.999031
0.8400,0.4133,-0.6474,0.998747
0.8400,0.4133,-0.5612,0.998409
0.8400,0.4133,-0.4684,0.997935
0.8400,0.4133,-0.3701,0.997652
0.8400,0.4133,-0.2675,0.996101
0.8400,0.4133,-0.1618,0.992813
0.8400,0.4133,-0.0541,0.978163
0.8400,0.4133,0.0541,0.640415
0.8400,0.4133,0.1618,0.825655
0.8400,0.4133,0.2675,0.871031
0.8400,0.4133,0.3701,0.900295
0.8400,0.4133,0.4684,0.920279
0.8400,0.4133,0.5612,0.931568
0.8400,0.4133,0.6474,0.935223
0.8400,0.4133,0.7260,0.935517
0.8400,0.4133,0.7961,0.938127
0.8400,0.4133,0.8569,0.937635
0.8400,0.4133,0.9076,0.945554
0.8400,0.4133,0.9477,0.951536
0.8400,0.4133,0.9766,0.955498
0.8400,0.4133,0.9941,0.962843
0.8400,0.4133,1.0000,0.966170
0.8400,0.4667,-1.0000,0.998563
0.8400,0.4667,-0.9941,0.998950
0.8400,0.4667,-0.9766,0.999097
0.8400,0.4667,-0.9477,0.999121
0.8400,0.4667,-0.9076,0.999260
0.8400,0.4667,-0.8569,0.999413
0.8400,0.4667,-0.7961,0.999056
0.8400,0.4667,-0.7260,0.999282
0.8400,0.4667,-0.6474,0.998933
0.8400,0.4667,-0.5612,0.998795
0.8400,0.4667,-0.4684,0.998553
0.8400,0.4667,-0.3701,0.997978
0.8400,0.4667,-0.2675,0.996805
0.8400,0.4667,-0.1618,0.993534
0.8400,0.4667,-0.0541,0.977757
0.8400,0.4667,0.0541,0.622903
0.8400,0.4667,0.1618,0.783187
0.8400,0.4667,0.2675,0.840458
0.8400,0.4667,0.3701,0.874443
0.8400,0.4667,0.4684,0.894888
0.8400,0.4667,0.5612,0.903915
0.8400,0.4667,0.6474,0.912793
0.8400,0.4667,0.7260,0.919000
0.8400,0.4667,0.7961,0.918858
0.8400,0.4667,0.8569,0.929951
0.8400,0.4667,0.9076,0.935156
0.8400,0.4667,0.9477,0.939387
0.8400,0.4667,0.9766,0.950274
0.8400,0.4667,0.9941,0.955161
0.8400,0.4667,1.0000,0.960794
0.8400,0.5200,-1.0000,0.999008
0.8400,0.5200,-0.9941,0.999068
0.8400,0.5200,-0.9766,0.999203
0.8400,0.5200,-0.9477,0.999604
0.8400,0.5200,-0.9076,0.999517
0.8400,0.5200,-0.8569,0.999485
0.8400,0.5200,-0.7961,0.999465
0.8400,0.5200,-0.7260,0.999386
0.8400,0.5200,-0.6474,0.999401
0.8400,0.5200,-0.5612,0.999227
0.8400,0.5200,-0.4684,0.998907
0.8400,0.5200,-0.3701,0.998299
0.8400,0.5200,-0.2675,0.996875
0.8400,0.5200,-0.1618,0.993655
0.8400,0.5200,-0.0541,0.978874
0.8400,0.5200,0.0541,0.539264
0.8400,0.5200,0.1618,0.728287
0.8400,0.5200,0.2675,0.803799
0.8400,0.5200,0.3701,0.835568
0.8400,0.5200,0.4684,0.844121
0.8400,0.5200,0.5612,0.866002
0.8400,0.5200,0.6474,0.875394
0.8400,0.5200,0.7260,0.894591
0.8400,0.5200,0.7961,0.898510
0.8400,0.5200,0.8569,0.916075
0.8400,0.5200,0.9076,0.926466
0.8400,0.5200,0.9477,0.928060
0.8400,0.5200,0.9766,0.931606
0.8400,0.5200,0.9941,0.944314
0.8400,0.5200,1.0000,0.953712
0.8400,0.5733,-1.0000,0.999027
0.8400,0.5733,-0.9941,0.999162
0.8400,0.5733,-0.9766,0.999386
0.8400,0.5733,-0.9477,0.999721
0.8400,0.5733,-0.9076,0.999657
0.8400,0.5733,-0.8569,0.999545
0.8400,0.5733,-0.7961,0.999722
0.8400,0.5733,-0.7260,0.999655
0.8400,0.5733,-0.6474,0.999422
0.8400,0.5733,-0.5612,0.999242
0.8400,0.5733,-0.4684,0.998921
0.8400,0.5733,-0.3701,0.998085
0.8400,0.5733,-0.2675,0.996882
0.8400,0.5733,-0.1618,0.993329
0.8400,0.5733,-0.0541,0.977528
0.8400,0.5733,0.0541,0.452391
0.8400,0.5733,0.1618,0.666280
0.8400,0.5733,0.2675,0.770433
0.8400,0.5733,0.3701,0.812928
0.8400,0.5733,0.4684,0.852318
0.8400,0.5733,0.5612,0.868439
0.8400,0.5733,0.6474,0.884252
0.8400,0.5733,0.7260,0.896412
0.8400,0.5733,0.7961,0.905680
0.8400,0.5733,0.8569,0.921272
0.8400,0.5733,0.9076,0.914563
0.8400,0.5733,0.9477,0.923842
0.8400,0.5733,0.9766,0.919824
0.8400,0.5733,0.9941,0.922860
0.8400,0.5733,1.0000,0.933423
0.8400,0.6267,-1.0000,0.998918
0.8400,0.6267,-0.9941,0.999416
0.8400,0.6267,-0.9766,0.999483
0.8400,0.6267,-0.9477,0.999588
0.8400,0.6267,-0.9076,0.999766
0.8400,0.6267,-0.8569,0.999829
0.8400,0.6267,-0.7961,0.999745
0.8400,0.6267,-0.7260,0.999500
0.8400,0.6267,-0.6474,0.999420
0.8400,0.6267,-0.5612,0.999238
0.8400,0.6267,-0.4684,0.998834
0.8400,0.6267,-0.3701,0.998146
0.8400,0.6267,-0.2675,0.996727
0.8400,0.6267,-0.1618,0.992896
0.8400,0.6267,-0.0541,0.974295
0.8400,0.6267,0.0541,0.416640
0.8400,0.6267,0.1618,0.656774
0.8400,0.6267,0.2675,0.741402
0.8400,0.6267,0.3701,0.802449
0.8400,0.6267,0.4684,0.835177
0.8400,0.6267,0.5612,0.857781
0.8400,0.6267,0.6474,0.874950
0.8400,0.6267,0.7260,0.888400
0.8400,0.6267,0.7961,0.897835
0.8400,0.6267,0.8569,0.900462
0.8400,0.6267,0.9076,0.911374
0.8400,0.6267,0.9477,0.911484
0.8400,0.6267,0.9766,0.921063
0.8400,0.6267,0.9941,0.916860
0.8400,0.6267,1.0000,0.919474
0.8400,0.6800,-1.0000,0.999055
0.8400,0.6800,-0.9941,0.999166
0.8400,0.6800,-0.9766,0.999213
0.8400,0.6800,-0.9477,0.999599
0.8400,0.6800,-0.9076,0.999698
0.8400,0.6800,-0.8569,1.000067
0.8400,0.6800,-0.7961,0.999790
0.8400,0.6800,-0.7260,0.999515
0.8400,0.6800,-0.6474,0.999604
0.8400,0.6800,-0.5612,0.999444
0.8400,0.6800,-0.4684,0.998949
0.8400,0.6800,-0.3701,0.997724
0.8400,0.6800,-0.2675,0.995713
0.8400,0.6800,-0.1618,0.991892
0.8400,0.6800,-0.0541,0.971807
0.8400,0.6800,0.0541,0.322170
0.8400,0.6800,0.1618,0.558147
0.8400,0.6800,0.2675,0.673643
0.8400,0.6800,0.3701,0.721889
0.8400,0.6800,0.4684,0.750979
0.8400,0.6800,0.5612,0.780836
0.8400,0.6800,0.6474,0.803239
0.8400,0.6800,0.7260,0.829967
0.8400,0.6800,0.7961,0.852271
0.8400,0.6800,0.8569,0.862391
0.8400,0.6800,0.9076,0.861352
0.8400,0.6800,0.9477,0.895257
0.8400,0.6800,0.9766,0.908796
0.8400,0.6800,0.9941,0.910438
0.8400,0.6800,1.0000,0.914340
0.8400,0.7333,-1.0000,0.998030
0.8400,0.7333,-0.9941,0.998060
0.8400,0.7333,-0.9766,0.999195
0.8400,0.7333,-0.9477,0.999611
0.8400,0.7333,-0.9076,0.999593
0.8400,0.7333,-0.8569,0.999548
0.8400,0.7333,-0.7961,0.999646
0.8400,0.7333,-0.7260,0.999800
0.8400,0.7333,-0.6474,0.999494
0.8400,0.7333,-0.5612,0.998753
0.8400,0.7333,-0.4684,0.997678
0.8400,0.7333,-0.3701,0.996638
0.8400,0.7333,-0.2675,0.994336
0.8400,0.7333,-0.1618,0.989178
0.8400,0.7333,-0.0541,0.960838
0.8400,0.7333,0.0541,0.195355
0.8400,0.7333,0.1618,0.328390
0.8400,0.7333,0.2675,0.506672
0.8400,0.7333,0.3701,0.573424
0.8400,0.7333,0.4684,0.622121
0.8400,0.7333,0.5612,0.659085
0.8400,0.7333,0.6474,0.687907
0.8400,0.7333,0.7260,0.688433
0.8400,0.7333,0.7961,0.705016
0.8400,0.7333,0.8569,0.740932
0.8400,0.7333,0.9076,0.729688
0.8400,0.7333,0.9477,0.734862
0.8400,0.7333,0.9766,0.714039
0.8400,0.7333,0.9941,0.740651
0.8400,0.7333,1.0000,0.802577
0.8400,0.7867,-1.0000,0.994851
0.8400,0.7867,-0.9941,0.995170
0.8400,0.7867,-0.9766,0.997751
0.8400,0.7867,-0.9477,0.997460
0.8400,0.7867,-0.9076,0.997696
0.8400,0.7867,-0.8569,0.997658
0.8400,0.7867,-0.7961,0.998518
0.8400,0.7867,-0.7260,0.997207
0.8400,0.7867,-0.6474,0.996573
0.8400,0.7867,-0.5612,0.997634
0.8400,0.7867,-0.4684,0.994978
0.8400,0.7867,-0.3701,0.993428
0.8400,0.7867,-0.2675,0.988547
0.8400,0.7867,-0.1618,0.979513
0.8400,0.7867,-0.0541,0.934984
0.8400,0.7867,0.0541,0.074781
0.8400,0.7867,0.1618,0.173514
0.8400,0.7867,0.2675,0.236028
0.8400,0.7867,0.3701,0.240703
0.8400,0.7867,0.4684,0.330756
0.8400,0.7867,0.5612,0.363795
0.8400,0.7867,0.6474,0.390356
0.8400,0.7867,0.7260,0.353578
0.8400,0.7867,0.7961,0.435414
0.8400,0.7867,0.8569,0.449271
0.8400,0.7867,0.9076,0.398348
0.8400,0.7867,0.9477,0.465430
0.8400,0.7867,0.9766,0.467967
0.8400,0.7867,0.9941,0.599774
0.8400,0.7867,1.0000,0.647629
0.8400,0.8400,-1.0000,1.027213
0.8400,0.8400,-0.9941,1.028870
0.8400,0.8400,-0.9766,1.022990
0.8400,0.8400,-0.9477,1.020307
0.8400,0.8400,-0.9076,1.024317
0.8400,0.8400,-0.8569,1.014636
0.8400,0.8400,-0.7961,1.015420
0.8400,0.8400,-0.7260,1.006867
0.8400,0.8400,-0.6474,1.003730
0.8400,0.8400,-0.5612,1.004783
0.8400,0.8400,-0.4684,1.009398
0.8400,0.8400,-0.3701,1.005680
0.8400,0.8400,-0.2675,1.000067
0.8400,0.8400,-0.1618,1.003466
0.8400,0.8400,-0.0541,1.002787
0.8400,0.8400,0.0541,1.003334
0.8400,0.8400,0.1618,1.001621
0.8400,0.8400,0.2675,1.005856
0.8400,0.8400,0.3701,1.002521
0.8400,0.8400,0.4684,1.003860
0.8400,0.8400,0.5612,1.003280
0.8400,0.8400,0.6474,1.001079
0.8400,0.8400,0.7260,1.004303
0.8400,0.8400,0.7961,1.010995
0.8400,0.8400,0.8569,1.009776
0.8400,0.8400,0.9076,1.013618
0.8400,0.8400,0.9477,1.013955
0.8400,0.8400,0.9766,1.021222
0.8400,0.8400,0.9941,1.023099
0.8400,0.8400,1.0000,1.026652
0.8933,0.2000,-1.0000,0.950164
0.8933,0.2000,-0.9941,0.955624
0.8933,0.2000,-0.9766,0.973721
0.8933,0.2000,-0.9477,0.974025
0.8933,0.2000,-0.9076,0.970056
0.8933,0.2000,-0.8569,0.982024
0.8933,0.2000,-0.7961,0.979276
0.8933,0.2000,-0.7260,0.978087
0.8933,0.2000,-0.6474,0.981343
0.8933,0.2000,-0.5612,0.983845
0.8933,0.2000,-0.4684,0.985845
0.8933,0.2000,-0.3701,0.988850
0.8933,0.2000,-0.2675,0.986938
0.8933,0.2000,-0.1618,0.983410
0.8933,0.2000,-0.0541,0.967081
0.8933,0.2000,0.0541,0.669956
0.8933,0.2000,0.1618,0.793267
0.8933,0.2000,0.2675,0.853843
0.8933,0.2000,0.3701,0.843354
0.8933,0.2000,0.4684,0.878022
0.8933,0.2000,0.5612,0.812490
0.8933,0.2000,0.6474,0.783673
0.8933,0.2000,0.7260,0.818961
0.8933,0.2000,0.7961,0.807448
0.8933,0.2000,0.8569,0.815475
0.8933,0.2000,0.9076,0.878179
0.8933,0.2000,0.9477,0.778369
0.8933,0.2000,0.9766,0.766346
0.8933,0.2000,0.9941,0.693081
0.8933,0.2000,1.0000,0.771378
0.8933,0.2533,-1.0000,0.990943
0.8933,0.2533,-0.9941,0.989793
0.8933,0.2533,-0.9766,0.992991
0.8933,0.2533,-0.9477,0.992878
0.8933,0.2533,-0.9076,0.994586
0.8933,0.2533,-0.8569,0.997764
0.8933,0.2533,-0.7961,0.994890
0.8933,0.2533,-0.7260,0.997049
0.8933,0.2533,-0.6474,0.995668
0.8933,0.2533,-0.5612,0.995891
0.8933,0.2533,-0.4684,0.997149
0.8933,0.2533,-0.3701,0.993595
0.8933,0.2533,-0.2675,0.990214
0.8933,0.2533,-0.1618,0.988726
0.8933,0.2533,-0.0541,0.969424
0.8933,0.2533,0.0541,0.664272
0.8933,0.2533,0.1618,0.834858
0.8933,0.2533,0.2675,0.876099
0.8933,0.2533,0.3701,0.904543
0.8933,0.2533,0.4684,0.909287
0.8933,0.2533,0.5612,0.925337
0.8933,0.2533,0.6474,0.921992
0.8933,0.2533,0.7260,0.935156
0.8933,0.2533,0.7961,0.946160
0.8933,0.2533,0.8569,0.931342
0.8933,0.2533,0.9076,0.920752
0.8933,0.2533,0.9477,0.932461
0.8933,0.2533,0.9766,0.920519
0.8933,0.2533,0.9941,0.915024
0.8933,0.2533,1.0000,0.926836
0.8933,0.3067,-1.0000,0.995869
0.8933,0.3067,-0.9941,0.997832
0.8933,0.3067,-0.9766,0.997820
0.8933,0.3067,-0.9477,0.998156
0.8933,0.3067,-0.9076,0.997647
0.8933,0.3067,-0.8569,0.997446
0.8933,0.3067,-0.7961,0.998552
0.8933,0.3067,-0.7260,0.997150
0.8933,0.3067,-0.6474,0.997925
0.8933,0.3067,-0.5612,0.997473
0.8933,0.3067,-0.4684,0.996739
0.8933,0.3067,-0.3701,0.996291
0.8933,0.3067,-0.2675,0.994561
0.8933,0.3067,-0.1618,0.990958
0.8933,0.3067,-0.0541,0.970886
0.8933,0.3067,0.0541,0.675665
0.8933,0.3067,0.1618,0.841224
0.8933,0.3067,0.2675,0.894821
0.8933,0.3067,0.3701,0.922073
0.8933,0.3067,0.4684,0.934128
0.8933,0.3067,0.5612,0.937753
0.8933,0.3067,0.6474,0.934563
0.8933,0.3067,0.7260,0.952803
0.8933,0.3067,0.7961,0.957955
0.8933,0.3067,0.8569,0.957114
0.8933,0.3067,0.9076,0.958343
0.8933,0.3067,0.9477,0.956506
0.8933,0.3067,0.9766,0.961558
0.8933,0.3067,0.9941,0.953391
0.8933,0.3067,1.0000,0.934014
0.8933,0.3600,-1.0000,0.998028
0.8933,0.3600,-0.9941,0.997514
0.8933,0.3600,-0.9766,0.998247
0.8933,0.3600,-0.9477,0.998336
0.8933,0.3600,-0.9076,0.997979
0.8933,0.3600,-0.8569,0.998721
0.8933,0.3600,-0.7961,0.998729
0.8933,0.3600,-0.7260,0.998209
0.8933,0.3600,-0.6474,0.998078
0.8933,0.3600,-0.5612,0.997652
0.8933,0.3600,-0.4684,0.997192
0.8933,0.3600,-0.3701,0.996543
0.8933,0.3600,-0.2675,0.994808
0.8933,0.3600,-0.1618,0.990931
0.8933,0.3600,-0.0541,0.971331
0.8933,0.3600,0.0541,0.668467
0.8933,0.3600,0.1618,0.838124
0.8933,0.3600,0.2675,0.890361
0.8933,0.3600,0.3701,0.913402
0.8933,0.3600,0.4684,0.932669
0.8933,0.3600,0.5612,0.942059
0.8933,0.3600,0.6474,0.946234
0.8933,0.3600,0.7260,0.945302
0.8933,0.3600,0.7961,0.953267
0.8933,0.3600,0.8569,0.955802
0.8933,0.3600,0.9076,0.955606
0.8933,0.3600,0.9477,0.957909
0.8933,0.3600,0.9766,0.961183
0.8933,0.3600,0.9941,0.963649
0.8933,0.3600,1.0000,0.969371
0.8933,0.4133,-1.0000,0.998123
0.8933,0.4133,-0.9941,0.998208
0.8933,0.4133,-0.9766,0.998667
0.8933,0.4133,-0.9477,0.998890
0.8933,0.4133,-0.9076,0.999001
0.8933,0.4133,-0.8569,0.998878
0.8933,0.4133,-0.7961,0.998492
0.8933,0.4133,-0.7260,0.998638
0.8933,0.4133,-0.6474,0.998339
0.8933,0.4133,-0.5612,0.997819
0.8933,0.4133,-0.4684,0.997460
0.8933,0.4133,-0.3701,0.996966
0.8933,0.4133,-0.2675,0.995356
0.8933,0.4133,-0.1618,0.991925
0.8933,0.4133,-0.0541,0.973882
0.8933,0.4133,0.0541,0.661351
0.8933,0.4133,0.1618,0.831485
0.8933,0.4133,0.2675,0.880706
0.8933,0.4133,0.3701,0.910917
0.8933,0.4133,0.4684,0.924239
0.8933,0.4133,0.5612,0.933703
0.8933,0.4133,0.6474,0.941347
0.8933,0.4133,0.7260,0.948040
0.8933,0.4133,0.7961,0.952604
0.8933,0.4133,0.8569,0.952729
0.8933,0.4133,0.9076,0.955312
0.8933,0.4133,0.9477,0.959515
0.8933,0.4133,0.9766,0.962143
0.8933,0.4133,0.9941,0.964314
0.8933,0.4133,1.0000,0.964110
0.8933,0.4667,-1.0000,0.998412
0.8933,0.4667,-0.9941,0.998816
0.8933,0.4667,-0.9766,0.998898
0.8933,0.4667,-0.9477,0.999107
0.8933,0.4667,-0.9076,0.998871
0.8933,0.4667,-0.8569,0.998881
0.8933,0.4667,-0.7961,0.998873
0.8933,0.4667,-0.7260,0.998861
0.8933,0.4667,-0.6474,0.998411
0.8933,0.4667,-0.5612,0.998270
0.8933,0.4667,-0.4684,0.998025
0.8933,0.4667,-0.3701,0.996928
0.8933,0.4667,-0.2675,0.995570
0.8933,0.4667,-0.1618,0.991726
0.8933,0.4667,-0.0541,0.974714
0.8933,0.4667,0.0541,0.635111
0.8933,0.4667,0.1618,0.811095
0.8933,0.4667,0.2675,0.858135
0.8933,0.4667,0.3701,0.893551
0.8933,0.4667,0.4684,0.908161
0.8933,0.4667,0.5612,0.918046
0.8933,0.4667,0.6474,0.922434
0.8933,0.4667,0.7260,0.933789
0.8933,0.4667,0.7961,0.940488
0.8933,0.4667,0.8569,0.943801
0.8933,0.4667,0.9076,0.948556
0.8933,0.4667,0.9477,0.952136
0.8933,0.4667,0.9766,0.953753
0.8933,0.4667,0.9941,0.960657
0.8933,0.4667,1.0000,0.965666
0.8933,0.5200,-1.0000,0.998722
0.8933,0.5200,-0.9941,0.998927
0.8933,0.5200,-0.9766,0.998979
0.8933,0.5200,-0.9477,0.999075
0.8933,0.5200,-0.9076,0.999222
0.8933,0.5200,-0.8569,0.999032
0.8933,0.5200,-0.7961,0.998998
0.8933,0.5200,-0.7260,0.998954
0.8933,0.5200,-0.6474,0.998699
0.8933,0.5200,-0.5612,0.998491
0.8933,0.5200,-0.4684,0.998255
0.8933,0.5200,-0.3701,0.997356
0.8933,0.5200,-0.2675,0.995892
0.8933,0.5200,-0.1618,0.992079
0.8933,0.5200,-0.0541,0.975340
0.8933,0.5200,0.0541,0.595061
0.8933,0.5200,0.1618,0.777782
0.8933,0.5200,0.2675,0.828465
0.8933,0.5200,0.3701,0.847723
0.8933,0.5200,0.4684,0.857065
0.8933,0.5200,0.5612,0.878128
0.8933,0.5200,0.6474,0.888141
0.8933,0.5200,0.7260,0.900056
0.8933,0.5200,0.7961,0.908407
0.8933,0.5200,0.8569,0.920507
0.8933,0.5200,0.9076,0.937236
0.8933,0.5200,0.9477,0.938010
0.8933,0.5200,0.9766,0.941684
0.8933,0.5200,0.9941,0.954069
0.8933,0.5200,1.0000,0.957488
0.8933,0.5733,-1.0000,0.998896
0.8933,0.5733,-0.9941,0.998789
0.8933,0.5733,-0.9766,0.999116
0.8933,0.5733,-0.9477,0.999135
0.8933,0.5733,-0.9076,0.999153
0.8933,0.5733,-0.8569,0.999188
0.8933,0.5733,-0.7961,0.999204
0.8933,0.5733,-0.7260,0.999156
0.8933,0.5733,-0.6474,0.998786
0.8933,0.5733,-0.5612,0.998615
0.8933,0.5733,-0.4684,0.998230
0.8933,0.5733,-0.3701,0.997295
0.8933,0.5733,-0.2675,0.995937
0.8933,0.5733,-0.1618,0.992002
0.8933,0.5733,-0.0541,0.972756
0.8933,0.5733,0.0541,0.497192
0.8933,0.5733,0.1618,0.689126
0.8933,0.5733,0.2675,0.790623
0.8933,0.5733,0.3701,0.837165
0.8933,0.5733,0.4684,0.876591
0.8933,0.5733,0.5612,0.894950
0.8933,0.5733,0.6474,0.896161
0.8933,0.5733,0.7260,0.907162
0.8933,0.5733,0.7961,0.914992
0.8933,0.5733,0.8569,0.922245
0.8933,0.5733,0.9076,0.916116
0.8933,0.5733,0.9477,0.925647
0.8933,0.5733,0.9766,0.933698
0.8933,0.5733,0.9941,0.942531
0.8933,0.5733,1.0000,0.949972
0.8933,0.6267,-1.0000,0.998842
0.8933,0.6267,-0.9941,0.999056
0.8933,0.6267,-0.9766,0.999291
0.8933,0.6267,-0.9477,0.999136
0.8933,0.6267,-0.9076,0.999280
0.8933,0.6267,-0.8569,0.999408
0.8933,0.6267,-0.7961,0.999239
0.8933,0.6267,-0.7260,0.999160
0.8933,0.6267,-0.6474,0.998635
0.8933,0.6267,-0.5612,0.998471
0.8933,0.6267,-0.4684,0.998071
0.8933,0.6267,-0.3701,0.997324
0.8933,0.6267,-0.2675,0.995308
0.8933,0.6267,-0.1618,0.991214
0.8933,0.6267,-0.0541,0.970411
0.8933,0.6267,0.0541,0.472365
0.8933,0.6267,0.1618,0.675676
0.8933,0.6267,0.2675,0.776477
0.8933,0.6267,0.3701,0.818217
0.8933,0.6267,0.4684,0.842501
0.8933,0.6267,0.5612,0.870933
0.8933,0.6267,0.6474,0.886189
0.8933,0.6267,0.7260,0.903720
0.8933,0.6267,0.7961,0.912197
0.8933,0.6267,0.8569,0.919056
0.8933,0.6267,0.9076,0.923427
0.8933,0.6267,0.9477,0.919853
0.8933,0.6267,0.9766,0.928474
0.8933,0.6267,0.9941,0.923777
0.8933,0.6267,1.0000,0.930630
0.8933,0.6800,-1.0000,0.998794
0.8933,0.6800,-0.9941,0.999130
0.8933,0.6800,-0.9766,0.998833
0.8933,0.6800,-0.9477,0.999066
0.8933,0.6800,-0.9076,0.999168
0.8933,0.6800,-0.8569,0.999216
0.8933,0.6800,-0.7961,0.998950
0.8933,0.6800,-0.7260,0.998860
0.8933,0.6800,-0.6474,0.998753
0.8933,0.6800,-0.5612,0.998388
0.8933,0.6800,-0.4684,0.997875
0.8933,0.6800,-0.3701,0.996578
0.8933,0.6800,-0.2675,0.994410
0.8933,0.6800,-0.1618,0.989860
0.8933,0.6800,-0.0541,0.966706
0.8933,0.6800,0.0541,0.432783
0.8933,0.6800,0.1618,0.651670
0.8933,0.6800,0.2675,0.723363
0.8933,0.6800,0.3701,0.746302
0.8933,0.6800,0.4684,0.773315
0.8933,0.6800,0.5612,0.801846
0.8933,0.6800,0.6474,0.822862
0.8933,0.6800,0.7260,0.857265
0.8933,0.6800,0.7961,0.882145
0.8933,0.6800,0.8569,0.896489
0.8933,0.6800,0.9076,0.907729
0.8933,0.6800,0.9477,0.907975
0.8933,0.6800,0.9766,0.916803
0.8933,0.6800,0.9941,0.927280
0.8933,0.6800,1.0000,0.927819
0.8933,0.7333,-1.0000,0.998163
0.8933,0.7333,-0.9941,0.998368
0.8933,0.7333,-0.9766,0.998798
0.8933,0.7333,-0.9477,0.999085
0.8933,0.7333,-0.9076,0.999205
0.8933,0.7333,-0.8569,0.998739
0.8933,0.7333,-0.7961,0.999034
0.8933,0.7333,-0.7260,0.998813
0.8933,0.7333,-0.6474,0.998328
0.8933,0.7333,-0.5612,0.998017
0.8933,0.7333,-0.4684,0.997121
0.8933,0.7333,-0.3701,0.995420
0.8933,0.7333,-0.2675,0.993128
0.8933,0.7333,-0.1618,0.988112
0.8933,0.7333,-0.0541,0.961540
0.8933,0.7333,0.0541,0.311426
0.8933,0.7333,0.1618,0.498426
0.8933,0.7333,0.2675,0.634799
0.8933,0.7333,0.3701,0.697037
0.8933,0.7333,0.4684,0.739796
0.8933,0.7333,0.5612,0.755521
0.8933,0.7333,0.6474,0.779798
0.8933,0.7333,0.7260,0.769201
0.8933,0.7333,0.7961,0.785937
0.8933,0.7333,0.8569,0.825810
0.8933,0.7333,0.9076,0.834368
0.8933,0.7333,0.9477,0.868673
0.8933,0.7333,0.9766,0.872834
0.8933,0.7333,0.9941,0.904722
0.8933,0.7333,1.0000,0.915859
0.8933,0.7867,-1.0000,0.997035
0.8933,0.7867,-0.9941,0.997308
0.8933,0.7867,-0.9766,0.998209
0.8933,0.7867,-0.9477,0.998283
0.8933,0.7867,-0.9076,0.998100
0.8933,0.7867,-0.8569,0.998266
0.8933,0.7867,-0.7961,0.998636
0.8933,0.7867,-0.7260,0.997765
0.8933,0.7867,-0.6474,0.997009
0.8933,0.7867,-0.5612,0.996812
0.8933,0.7867,-0.4684,0.995620
0.8933,0.7867,-0.3701,0.994018
0.8933,0.7867,-0.2675,0.990811
0.8933,0.7867,-0.1618,0.983792
0.8933,0.7867,-0.0541,0.948299
0.8933,0.7867,0.0541,0.204146
0.8933,0.7867,0.1618,0.369899
0.8933,0.7867,0.2675,0.468846
0.8933,0.7867,0.3701,0.506577
0.8933,0.7867,0.4684,0.554020
0.8933,0.7867,0.5612,0.592811
0.8933,0.7867,0.6474,0.652159
0.8933,0.7867,0.7260,0.675266
0.8933,0.7867,0.7961,0.691370
0.8933,0.7867,0.8569,0.703096
0.8933,0.7867,0.9076,0.716445
0.8933,0.7867,0.9477,0.722078
0.8933,0.7867,0.9766,0.751822
0.8933,0.7867,0.9941,0.771562
0.8933,0.7867,1.0000,0.733156
0.8933,0.8400,-1.0000,0.993174
0.8933,0.8400,-0.9941,0.993247
0.8933,0.8400,-0.9766,0.994918
0.8933,0.8400,-0.9477,0.995188
0.8933,0.8400,-0.9076,0.995576
0.8933,0.8400,-0.8569,0.994698
0.8933,0.8400,-0.7961,0.994769
0.8933,0.8400,-0.7260,0.994507
0.8933,0.8400,-0.6474,0.993300
0.8933,0.8400,-0.5612,0.991954
0.8933,0.8400,-0.4684,0.991033
0.8933,0.8400,-0.3701,0.986930
0.8933,0.8400,-0.2675,0.980312
0.8933,0.8400,-0.1618,0.960877
0.8933,0.8400,-0.0541,0.889178
0.8933,0.8400,0.0541,0.057988
0.8933,0.8400,0.1618,0.101005
0.8933,0.8400,0.2675,0.138255
0.8933,0.8400,0.3701,0.174228
0.8933,0.8400,0.4684,0.264141
0.8933,0.8400,0.5612,0.347032
0.8933,0.8400,0.6474,0.313136
0.8933,0.8400,0.7260,0.261238
0.8933,0.8400,0.7961,0.279769
0.8933,0.8400,0.8569,0.287728
0.8933,0.8400,0.9076,0.294377
0.8933,0.8400,0.9477,0.299894
0.8933,0.8400,0.9766,0.453871
0.8933,0.8400,0.9941,0.449808
0.8933,0.8400,1.0000,0.488083
0.8933,0.8933,-1.0000,1.044010
0.8933,0.8933,-0.9941,1.048037
0.8933,0.8933,-0.9766,1.043827
0.8933,0.8933,-0.9477,1.046125
0.8933,0.8933,-0.9076,1.047099
0.8933,0.8933,-0.8569,1.050067
0.8933,0.8933,-0.7961,1.048265
0.8933,0.8933,-0.7260,1.045025
0.8933,0.8933,-0.6474,1.049365
0.8933,0.8933,-0.5612,1.046588
0.8933,0.8933,-0.4684,1.048535
0.8933,0.8933,-0.3701,1.046706
0.8933,0.8933,-0.2675,1.047985
0.8933,0.8933,-0.1618,1.044156
0.8933,0.8933,-0.0541,1.047822
0.8933,0.8933,0.0541,1.049997
0.8933,0.8933,0.1618,1.046847
0.8933,0.8933,0.2675,1.044953
0.8933,0.8933,0.3701,1.047574
0.8933,0.8933,0.4684,1.046472
0.8933,0.8933,0.5612,1.051112
0.8933,0.8933,0.6474,1.051890
0.8933,0.8933,0.7260,1.051195
0.8933,0.8933,0.7961,1.052195
0.8933,0.8933,0.8569,1.056962
0.8933,0.8933,0.9076,1.053791
0.8933,0.8933,0.9477,1.052722
0.8933,0.8933,0.9766,1.049163
0.8933,0.8933,0.9941,1.056310
0.8933,0.8933,1.0000,1.054518
0.9467,0.2000,-1.0000,0.941231
0.9467,0.2000,-0.9941,0.957461
0.9467,0.2000,-0.9766,0.948776
0.9467,0.2000,-0.9477,0.961240
0.9467,0.2000,-0.9076,0.960953
0.9467,0.2000,-0.8569,0.963038
0.9467,0.2000,-0.7961,0.958468
0.9467,0.2000,-0.7260,0.979177
0.9467,0.2000,-0.6474,0.974019
0.9467,0.2000,-0.5612,0.978159
0.9467,0.2000,-0.4684,0.978483
0.9467,0.2000,-0.3701,0.980054
0.9467,0.2000,-0.2675,0.980739
0.9467,0.2000,-0.1618,0.979597
0.9467,0.2000,-0.0541,0.961510
0.9467,0.2000,0.0541,0.647123
0.9467,0.2000,0.1618,0.808623
0.9467,0.2000,0.2675,0.839901
0.9467,0.2000,0.3701,0.823243
0.9467,0.2000,0.4684,0.865799
0.9467,0.2000,0.5612,0.811483
0.9467,0.2000,0.6474,0.733748
0.9467,0.2000,0.7260,0.719442
0.9467,0.2000,0.7961,0.737516
0.9467,0.2000,0.8569,0.802264
0.9467,0.2000,0.9076,0.768904
0.9467,0.2000,0.9477,0.751158
0.9467,0.2000,0.9766,0.677804
0.9467,0.2000,0.9941,0.788481
0.9467,0.2000,1.0000,0.778103
0.9467,0.2533,-1.0000,0.986169
0.9467,0.2533,-0.9941,0.991598
0.9467,0.2533,-0.9766,0.991339
0.9467,0.2533,-0.9477,0.994241
0.9467,0.2533,-0.9076,0.992384
0.9467,0.2533,-0.8569,0.995741
0.9467,0.2533,-0.7961,0.994804
0.9467,0.2533,-0.7260,0.993876
0.9467,0.2533,-0.6474,0.997734
0.9467,0.2533,-0.5612,0.994209
0.9467,0.2533,-0.4684,0.995374
0.9467,0.2533,-0.3701,0.991766
0.9467,0.2533,-0.2675,0.993035
0.9467,0.2533,-0.1618,0.987710
0.9467,0.2533,-0.0541,0.968002
0.9467,0.2533,0.0541,0.674629
0.9467,0.2533,0.1618,0.823115
0.9467,0.2533,0.2675,0.877653
0.9467,0.2533,0.3701,0.897080
0.9467,0.2533,0.4684,0.923633
0.9467,0.2533,0.5612,0.914633
0.9467,0.2533,0.6474,0.928233
0.9467,0.2533,0.7260,0.924210
0.9467,0.2533,0.7961,0.924040
0.9467,0.2533,0.8569,0.903572
0.9467,0.2533,0.9076,0.919066
0.9467,0.2533,0.9477,0.909653
0.9467,0.2533,0.9766,0.903711
0.9467,0.2533,0.9941,0.935438
0.9467,0.2533,1.0000,0.896015
0.9467,0.3067,-1.0000,0.996645
0.9467,0.3067,-0.9941,0.997631
0.9467,0.3067,-0.9766,0.997684
0.9467,0.3067,-0.9477,0.997860
0.9467,0.3067,-0.9076,0.997282
0.9467,0.3067,-0.8569,0.998311
0.9467,0.3067,-0.7961,0.998197
0.9467,0.3067,-0.7260,0.997752
0.9467,0.3067,-0.6474,0.997415
0.9467,0.3067,-0.5612,0.997189
0.9467,0.3067,-0.4684,0.996492
0.9467,0.3067,-0.3701,0.995840
0.9467,0.3067,-0.2675,0.993157
0.9467,0.3067,-0.1618,0.990466
0.9467,0.3067,-0.0541,0.968874
0.9467,0.3067,0.0541,0.672960
0.9467,0.3067,0.1618,0.838003
0.9467,0.3067,0.2675,0.885574
0.9467,0.3067,0.3701,0.922979
0.9467,0.3067,0.4684,0.937148
0.9467,0.3067,0.5612,0.940302
0.9467,0.3067,0.6474,0.948365
0.9467,0.3067,0.7260,0.953017
0.9467,0.3067,0.7961,0.956724
0.9467,0.3067,0.8569,0.956083
0.9467,0.3067,0.9076,0.958661
0.9467,0.3067,0.9477,0.961210
0.9467,0.3067,0.9766,0.947545
0.9467,0.3067,0.9941,0.944495
0.9467,0.3067,1.0000,0.964473
0.9467,0.3600,-1.0000,0.998022
0.9467,0.3600,-0.9941,0.997975
0.9467,0.3600,-0.9766,0.998005
0.9467,0.3600,-0.9477,0.998212
0.9467,0.3600,-0.9076,0.997888
0.9467,0.3600,-0.8569,0.998619
0.9467,0.3600,-0.7961,0.998290
0.9467,0.3600,-0.7260,0.997398
0.9467,0.3600,-0.6474,0.997876
0.9467,0.3600,-0.5612,0.997448
0.9467,0.3600,-0.4684,0.996681
0.9467,0.3600,-0.3701,0.996145
0.9467,0.3600,-0.2675,0.994063
0.9467,0.3600,-0.1618,0.990039
0.9467,0.3600,-0.0541,0.969601
0.9467,0.3600,0.0541,0.664981
0.9467,0.3600,0.1618,0.836756
0.9467,0.3600,0.2675,0.888354
0.9467,0.3600,0.3701,0.916522
0.9467,0.3600,0.4684,0.934562
0.9467,0.3600,0.5612,0.944223
0.9467,0.3600,0.6474,0.951315
0.9467,0.3600,0.7260,0.951773
0.9467,0.3600,0.7961,0.958126
0.9467,0.3600,0.8569,0.961858
0.9467,0.3600,0.9076,0.960212
0.9467,0.3600,0.9477,0.965040
0.9467,0.3600,0.9766,0.968621
0.9467,0.3600,0.9941,0.970245
0.9467,0.3600,1.0000,0.963029
0.9467,0.4133,-1.0000,0.997947
0.9467,0.4133,-0.9941,0.998173
0.9467,0.4133,-0.9766,0.998382
0.9467,0.4133,-0.9477,0.998537
0.9467,0.4133,-0.9076,0.998616
0.9467,0.4133,-0.8569,0.998613
0.9467,0.4133,-0.7961,0.998199
0.9467,0.4133,-0.7260,0.998168
0.9467,0.4133,-0.6474,0.998131
0.9467,0.4133,-0.5612,0.997467
0.9467,0.4133,-0.4684,0.997067
0.9467,0.4133,-0.3701,0.996374
0.9467,0.4133,-0.2675,0.994605
0.9467,0.4133,-0.1618,0.990866
0.9467,0.4133,-0.0541,0.969789
0.9467,0.4133,0.0541,0.663013
0.9467,0.4133,0.1618,0.834410
0.9467,0.4133,0.2675,0.888973
0.9467,0.4133,0.3701,0.916921
0.9467,0.4133,0.4684,0.931139
0.9467,0.4133,0.5612,0.940300
0.9467,0.4133,0.6474,0.948983
0.9467,0.4133,0.7260,0.950340
0.9467,0.4133,0.7961,0.953219
0.9467,0.4133,0.8569,0.955629
0.9467,0.4133,0.9076,0.960444
0.9467,0.4133,0.9477,0.965828
0.9467,0.4133,0.9766,0.967648
0.9467,0.4133,0.9941,0.968255
0.9467,0.4133,1.0000,0.967888
0.9467,0.4667,-1.0000,0.998279
0.9467,0.4667,-0.9941,0.998715
0.9467,0.4667,-0.9766,0.998638
0.9467,0.4667,-0.9477,0.998855
0.9467,0.4667,-0.9076,0.998746
0.9467,0.4667,-0.8569,0.998674
0.9467,0.4667,-0.7961,0.998479
0.9467,0.4667,-0.7260,0.998372
0.9467,0.4667,-0.6474,0.998082
0.9467,0.4667,-0.5612,0.997906
0.9467,0.4667,-0.4684,0.997457
0.9467,0.4667,-0.3701,0.996657
0.9467,0.4667,-0.2675,0.994786
0.9467,0.4667,-0.1618,0.990687
0.9467,0.4667,-0.0541,0.971259
0.9467,0.4667,0.0541,0.637155
0.9467,0.4667,0.1618,0.821476
0.9467,0.4667,0.2675,0.879068
0.9467,0.4667,0.3701,0.895978
0.9467,0.4667,0.4684,0.913537
0.9467,0.4667,0.5612,0.930490
0.9467,0.4667,0.6474,0.939690
0.9467,0.4667,0.7260,0.942590
0.9467,0.4667,0.7961,0.948024
0.9467,0.4667,0.8569,0.950019
0.9467,0.4667,0.9076,0.957468
0.9467,0.4667,0.9477,0.954263
0.9467,0.4667,0.9766,0.960109
0.9467,0.4667,0.9941,0.964763
0.9467,0.4667,1.0000,0.968157
0.9467,0.5200,-1.0000,0.998641
0.9467,0.5200,-0.9941,0.998845
0.9467,0.5200,-0.9766,0.998863
0.9467,0.5200,-0.9477,0.998872
0.9467,0.5200,-0.9076,0.998907
0.9467,0.5200,-0.8569,0.998661
0.9467,0.5200,-0.7961,0.998555
0.9467,0.5200,-0.7260,0.998559
0.9467,0.5200,-0.6474,0.998354
0.9467,0.5200,-0.5612,0.998044
0.9467,0.5200,-0.4684,0.997768
0.9467,0.5200,-0.3701,0.996690
0.9467,0.5200,-0.2675,0.995108
0.9467,0.5200,-0.1618,0.990886
0.9467,0.5200,-0.0541,0.972193
0.9467,0.5200,0.0541,0.605289
0.9467,0.5200,0.1618,0.782563
0.9467,0.5200,0.2675,0.849071
0.9467,0.5200,0.3701,0.881554
0.9467,0.5200,0.4684,0.894276
0.9467,0.5200,0.5612,0.902025
0.9467,0.5200,0.6474,0.907046
0.9467,0.5200,0.7260,0.916951
0.9467,0.5200,0.7961,0.924580
0.9467,0.5200,0.8569,0.936771
0.9467,0.5200,0.9076,0.946729
0.9467,0.5200,0.9477,0.948267
0.9467,0.5200,0.9766,0.955854
0.9467,0.5200,0.9941,0.958161
0.9467,0.5200,1.0000,0.961401
0.9467,0.5733,-1.0000,0.998767
0.9467,0.5733,-0.9941,0.998614
0.9467,0.5733,-0.9766,0.998922
0.9467,0.5733,-0.9477,0.998845
0.9467,0.5733,-0.9076,0.998870
0.9467,0.5733,-0.8569,0.998853
0.9467,0.5733,-0.7961,0.998861
0.9467,0.5733,-0.7260,0.998813
0.9467,0.5733,-0.6474,0.998313
0.9467,0.5733,-0.5612,0.998224
0.9467,0.5733,-0.4684,0.997733
0.9467,0.5733,-0.3701,0.996692
0.9467,0.5733,-0.2675,0.995038
0.9467,0.5733,-0.1618,0.990837
0.9467,0.5733,-0.0541,0.970474
0.9467,0.5733,0.0541,0.536577
0.9467,0.5733,0.1618,0.710300
0.9467,0.5733,0.2675,0.792026
0.9467,0.5733,0.3701,0.850985
0.9467,0.5733,0.4684,0.872612
0.9467,0.5733,0.5612,0.881358
0.9467,0.5733,0.6474,0.895920
0.9467,0.5733,0.7260,0.906540
0.9467,0.5733,0.7961,0.915264
0.9467,0.5733,0.8569,0.926391
0.9467,0.5733,0.9076,0.924576
0.9467,0.5733,0.9477,0.932241
0.9467,0.5733,0.9766,0.932512
0.9467,0.5733,0.9941,0.942770
0.9467,0.5733,1.0000,0.958387
0.9467,0.6267,-1.0000,0.998612
0.9467,0.6267,-0.9941,0.998792
0.9467,0.6267,-0.9766,0.998957
0.9467,0.6267,-0.9477,0.998827
0.9467,0.6267,-0.9076,0.999085
0.9467,0.6267,-0.8569,0.999027
0.9467,0.6267,-0.7961,0.998825
0.9467,0.6267,-0.7260,0.998666
0.9467,0.6267,-0.6474,0.998509
0.9467,0.6267,-0.5612,0.998065
0.9467,0.6267,-0.4684,0.997708
0.9467,0.6267,-0.3701,0.996752
0.9467,0.6267,-0.2675,0.994417
0.9467,0.6267,-0.1618,0.990368
0.9467,0.6267,-0.0541,0.968279
0.9467,0.6267,0.0541,0.516268
0.9467,0.6267,0.1618,0.710681
0.9467,0.6267,0.2675,0.787597
0.9467,0.6267,0.3701,0.840412
0.9467,0.6267,0.4684,0.858337
0.9467,0.6267,0.5612,0.878376
0.9467,0.6267,0.6474,0.888241
0.9467,0.6267,0.7260,0.905043
0.9467,0.6267,0.7961,0.913332
0.9467,0.6267,0.8569,0.920161
0.9467,0.6267,0.9076,0.921594
0.9467,0.6267,0.9477,0.933350
0.9467,0.6267,0.9766,0.929712
0.9467,0.6267,0.9941,0.929666
0.9467,0.6267,1.0000,0.942202
0.9467,0.6800,-1.0000,0.998535
0.9467,0.6800,-0.9941,0.998881
0.9467,0.6800,-0.9766,0.998844
0.9467,0.6800,-0.9477,0.998873
0.9467,0.6800,-0.9076,0.998937
0.9467,0.6800,-0.8569,0.998990
0.9467,0.6800,-0.7961,0.998743
0.9467,0.6800,-0.7260,0.998436
0.9467,0.6800,-0.6474,0.998175
0.9467,0.6800,-0.5612,0.998120
0.9467,0.6800,-0.4684,0.997343
0.9467,0.6800,-0.3701,0.996118
0.9467,0.6800,-0.2675,0.993700
0.9467,0.6800,-0.1618,0.989019
0.9467,0.6800,-0.0541,0.964908
0.9467,0.6800,0.0541,0.457975
0.9467,0.6800,0.1618,0.673208
0.9467,0.6800,0.2675,0.763491
0.9467,0.6800,0.3701,0.796111
0.9467,0.6800,0.4684,0.822421
0.9467,0.6800,0.5612,0.847020
0.9467,0.6800,0.6474,0.865012
0.9467,0.6800,0.7260,0.884092
0.9467,0.6800,0.7961,0.903947
0.9467,0.6800,0.8569,0.907050
0.9467,0.6800,0.9076,0.916767
0.9467,0.6800,0.9477,0.925990
0.9467,0.6800,0.9766,0.928871
0.9467,0.6800,0.9941,0.943091
0.9467,0.6800,1.0000,0.930216
0.9467,0.7333,-1.0000,0.998509
0.9467,0.7333,-0.9941,0.998556
0.9467,0.7333,-0.9766,0.998522
0.9467,0.7333,-0.9477,0.998708
0.9467,0.7333,-0.9076,0.998830
0.9467,0.7333,-0.8569,0.998535
0.9467,0.7333,-0.7961,0.998551
0.9467,0.7333,-0.7260,0.998231
0.9467,0.7333,-0.6474,0.997942
0.9467,0.7333,-0.5612,0.997563
0.9467,0.7333,-0.4684,0.996515
0.9467,0.7333,-0.3701,0.995047
0.9467,0.7333,-0.2675,0.992876
0.9467,0.7333,-0.1618,0.987533
0.9467,0.7333,-0.0541,0.959303
0.9467,0.7333,0.0541,0.353765
0.9467,0.7333,0.1618,0.581570
0.9467,0.7333,0.2675,0.679518
0.9467,0.7333,0.3701,0.736393
0.9467,0.7333,0.4684,0.775970
0.9467,0.7333,0.5612,0.803934
0.9467,0.7333,0.6474,0.825071
0.9467,0.7333,0.7260,0.832057
0.9467,0.7333,0.7961,0.845157
0.9467,0.7333,0.8569,0.872646
0.9467,0.7333,0.9076,0.893965
0.9467,0.7333,0.9477,0.908133
0.9467,0.7333,0.9766,0.916431
0.9467,0.7333,0.9941,0.925740
0.9467,0.7333,1.0000,0.931562
0.9467,0.7867,-1.0000,0.997816
0.9467,0.7867,-0.9941,0.998031
0.9467,0.7867,-0.9766,0.998443
0.9467,0.7867,-0.9477,0.998612
0.9467,0.7867,-0.9076,0.998105
0.9467,0.7867,-0.8569,0.998339
0.9467,0.7867,-0.7961,0.998166
0.9467,0.7867,-0.7260,0.997911
0.9467,0.7867,-0.6474,0.997220
0.9467,0.7867,-0.5612,0.996519
0.9467,0.7867,-0.4684,0.995601
0.9467,0.7867,-0.3701,0.994094
0.9467,0.7867,-0.2675,0.990856
0.9467,0.7867,-0.1618,0.983940
0.9467,0.7867,-0.0541,0.951237
0.9467,0.7867,0.0541,0.290517
0.9467,0.7867,0.1618,0.466343
0.9467,0.7867,0.2675,0.544671
0.9467,0.7867,0.3701,0.610998
0.9467,0.7867,0.4684,0.658779
0.9467,0.7867,0.5612,0.714270
0.9467,0.7867,0.6474,0.740225
0.9467,0.7867,0.7260,0.760196
0.9467,0.7867,0.7961,0.757141
0.9467,0.7867,0.8569,0.768806
0.9467,0.7867,0.9076,0.796557
0.9467,0.7867,0.9477,0.801724
0.9467,0.7867,0.9766,0.821985
0.9467,0.7867,0.9941,0.839719
0.9467,0.7867,1.0000,0.868133
0.9467,0.8400,-1.0000,0.996385
0.9467,0.8400,-0.9941,0.996477
0.9467,0.8400,-0.9766,0.997031
0.9467,0.8400,-0.9477,0.997069
0.9467,0.8400,-0.9076,0.997028
0.9467,0.8400,-0.8569,0.997088
0.9467,0.8400,-0.7961,0.996750
0.9467,0.8400,-0.7260,0.996275
0.9467,0.8400,-0.6474,0.995539
0.9467,0.8400,-0.5612,0.994389
0.9467,0.8400,-0.4684,0.994011
0.9467,0.8400,-0.3701,0.992270
0.9467,0.8400,-0.2675,0.987979
0.9467,0.8400,-0.1618,0.976722
0.9467,0.8400,-0.0541,0.928619
0.9467,0.8400,0.0541,0.177700
0.9467,0.8400,0.1618,0.327020
0.9467,0.8400,0.2675,0.421699
0.9467,0.8400,0.3701,0.487794
0.9467,0.8400,0.4684,0.538120
0.9467,0.8400,0.5612,0.576464
0.9467,0.8400,0.6474,0.602955
0.9467,0.8400,0.7260,0.654856
0.9467,0.8400,0.7961,0.649200
0.9467,0.8400,0.8569,0.664534
0.9467,0.8400,0.9076,0.702047
0.9467,0.8400,0.9477,0.687492
0.9467,0.8400,0.9766,0.685332
0.9467,0.8400,0.9941,0.719262
0.9467,0.8400,1.0000,0.739451
0.9467,0.8933,-1.0000,0.990412
0.9467,0.8933,-0.9941,0.990449
0.9467,0.8933,-0.9766,0.991471
0.9467,0.8933,-0.9477,0.992179
0.9467,0.8933,-0.9076,0.991720
0.9467,0.8933,-0.8569,0.990880
0.9467,0.8933,-0.7961,0.990994
0.9467,0.8933,-0.7260,0.991231
0.9467,0.8933,-0.6474,0.990016
0.9467,0.8933,-0.5612,0.989178
0.9467,0.8933,-0.4684,0.985824
0.9467,0.8933,-0.3701,0.981785
0.9467,0.8933,-0.2675,0.970907
0.9467,0.8933,-0.1618,0.952010
0.9467,0.8933,-0.0541,0.869351
0.9467,0.8933,0.0541,0.077351
0.9467,0.8933,0.1618,0.152578
0.9467,0.8933,0.2675,0.211123
0.9467,0.8933,0.3701,0.212087
0.9467,0.8933,0.4684,0.245849
0.9467,0.8933,0.5612,0.327241
0.9467,0.8933,0.6474,0.353583
0.9467,0.8933,0.7260,0.378261
0.9467,0.8933,0.7961,0.389259
0.9467,0.8933,0.8569,0.401926
0.9467,0.8933,0.9076,0.410829
0.9467,0.8933,0.9477,0.359867
0.9467,0.8933,0.9766,0.481335
0.9467,0.8933,0.9941,0.433090
0.9467,0.8933,1.0000,0.421355
0.9467,0.9467,-1.0000,1.032031
0.9467,0.9467,-0.9941,1.033681
0.9467,0.9467,-0.9766,1.035992
0.9467,0.9467,-0.9477,1.038672
0.9467,0.9467,-0.9076,1.039807
0.9467,0.9467,-0.8569,1.040693
0.9467,0.9467,-0.7961,1.040470
0.9467,0.9467,-0.7260,1.040445
0.9467,0.9467,-0.6474,1.044257
0.9467,0.9467,-0.5612,1.046211
0.9467,0.9467,-0.4684,1.046660
0.9467,0.9467,-0.3701,1.044322
0.9467,0.9467,-0.2675,1.045847
0.9467,0.9467,-0.1618,1.046113
0.9467,0.9467,-0.0541,1.046876
0.9467,0.9467,0.0541,1.048171
0.9467,0.9467,0.1618,1.050639
0.9467,0.9467,0.2675,1.049760
0.9467,0.9467,0.3701,1.048304
0.9467,0.9467,0.4684,1.048341
0.9467,0.9467,0.5612,1.048111
0.9467,0.9467,0.6474,1.049619
0.9467,0.9467,0.7260,1.050036
0.9467,0.9467,0.7961,1.045596
0.9467,0.9467,0.8569,1.046488
0.9467,0.9467,0.9076,1.045330
0.9467,0.9467,0.9477,1.045628
0.9467,0.9467,0.9766,1.045062
0.9467,0.9467,0.9941,1.042769
0.9467,0.9467,1.0000,1.041501
1.0000,0.2000,-1.0000,0.932751
1.0000,0.2000,-0.9941,0.947527
1.0000,0.2000,-0.9766,0.948772
1.0000,0.2000,-0.9477,0.952817
1.0000,0.2000,-0.9076,0.951548
1.0000,0.2000,-0.8569,0.968367
1.0000,0.2000,-0.7961,0.958902
1.0000,0.2000,-0.7260,0.972504
1.0000,0.2000,-0.6474,0.962191
1.0000,0.2000,-0.5612,0.966558
1.0000,0.2000,-0.4684,0.976441
1.0000,0.2000,-0.3701,0.983062
1.0000,0.2000,-0.2675,0.977300
1.0000,0.2000,-0.1618,0.971866
1.0000,0.2000,-0.0541,0.961652
1.0000,0.2000,0.0541,0.649822
1.0000,0.2000,0.1618,0.761163
1.0000,0.2000,0.2675,0.817066
1.0000,0.2000,0.3701,0.848018
1.0000,0.2000,0.4684,0.850726
1.0000,0.2000,0.5612,0.840606
1.0000,0.2000,0.6474,0.747236
1.0000,0.2000,0.7260,0.796599
1.0000,0.2000,0.7961,0.830556
1.0000,0.2000,0.8569,0.728459
1.0000,0.2000,0.9076,0.734314
1.0000,0.2000,0.9477,0.731937
1.0000,0.2000,0.9766,0.655984
1.0000,0.2000,0.9941,0.783808
1.0000,0.2000,1.0000,0.641555
1.0000,0.2533,-1.0000,0.982134
1.0000,0.2533,-0.9941,0.988602
1.0000,0.2533,-0.9766,0.987014
1.0000,0.2533,-0.9477,0.988868
1.0000,0.2533,-0.9076,0.988191
1.0000,0.2533,-0.8569,0.993271
1.0000,0.2533,-0.7961,0.987834
1.0000,0.2533,-0.7260,0.992003
1.0000,0.2533,-0.6474,0.995124
1.0000,0.2533,-0.5612,0.996031
1.0000,0.2533,-0.4684,0.995314
1.0000,0.2533,-0.3701,0.991105
1.0000,0.2533,-0.2675,0.991264
1.0000,0.2533,-0.1618,0.987599
1.0000,0.2533,-0.0541,0.965597
1.0000,0.2533,0.0541,0.674016
1.0000,0.2533,0.1618,0.852102
1.0000,0.2533,0.2675,0.876197
1.0000,0.2533,0.3701,0.881288
1.0000,0.2533,0.4684,0.909357
1.0000,0.2533,0.5612,0.910490
1.0000,0.2533,0.6474,0.900413
1.0000,0.2533,0.7260,0.904183
1.0000,0.2533,0.7961,0.902844
1.0000,0.2533,0.8569,0.870065
1.0000,0.2533,0.9076,0.873433
1.0000,0.2533,0.9477,0.911557
1.0000,0.2533,0.9766,0.854395
1.0000,0.2533,0.9941,0.863856
1.0000,0.2533,1.0000,0.894223
1.0000,0.3067,-1.0000,0.996012
1.0000,0.3067,-0.9941,0.995333
1.0000,0.3067,-0.9766,0.993502
1.0000,0.3067,-0.9477,0.997909
1.0000,0.3067,-0.9076,0.997867
1.0000,0.3067,-0.8569,0.995714
1.0000,0.3067,-0.7961,0.996178
1.0000,0.3067,-0.7260,0.997706
1.0000,0.3067,-0.6474,0.997350
1.0000,0.3067,-0.5612,0.996098
1.0000,0.3067,-0.4684,0.995033
1.0000,0.3067,-0.3701,0.995435
1.0000,0.3067,-0.2675,0.992876
1.0000,0.3067,-0.1618,0.988324
1.0000,0.3067,-0.0541,0.966521
1.0000,0.3067,0.0541,0.685488
1.0000,0.3067,0.1618,0.824870
1.0000,0.3067,0.2675,0.887623
1.0000,0.3067,0.3701,0.919323
1.0000,0.3067,0.4684,0.938804
1.0000,0.3067,0.5612,0.930112
1.0000,0.3067,0.6474,0.925227
1.0000,0.3067,0.7260,0.944965
1.0000,0.3067,0.7961,0.949634
1.0000,0.3067,0.8569,0.935374
1.0000,0.3067,0.9076,0.927709
1.0000,0.3067,0.9477,0.950185
1.0000,0.3067,0.9766,0.951271
1.0000,0.3067,0.9941,0.932128
1.0000,0.3067,1.0000,0.947201
1.0000,0.3600,-1.0000,0.997928
1.0000,0.3600,-0.9941,0.997945
1.0000,0.3600,-0.9766,0.997953
1.0000,0.3600,-0.9477,0.998240
1.0000,0.3600,-0.9076,0.998272
1.0000,0.3600,-0.8569,0.998408
1.0000,0.3600,-0.7961,0.997947
1.0000,0.3600,-0.7260,0.997759
1.0000,0.3600,-0.6474,0.997491
1.0000,0.3600,-0.5612,0.997070
1.0000,0.3600,-0.4684,0.996402
1.0000,0.3600,-0.3701,0.995819
1.0000,0.3600,-0.2675,0.993599
1.0000,0.3600,-0.1618,0.989077
1.0000,0.3600,-0.0541,0.968694
1.0000,0.3600,0.0541,0.660741
1.0000,0.3600,0.1618,0.830602
1.0000,0.3600,0.2675,0.886519
1.0000,0.3600,0.3701,0.917639
1.0000,0.3600,0.4684,0.936868
1.0000,0.3600,0.5612,0.942744
1.0000,0.3600,0.6474,0.951903
1.0000,0.3600,0.7260,0.954199
1.0000,0.3600,0.7961,0.958603
1.0000,0.3600,0.8569,0.956259
1.0000,0.3600,0.9076,0.959521
1.0000,0.3600,0.9477,0.965887
1.0000,0.3600,0.9766,0.969609
1.0000,0.3600,0.9941,0.972192
1.0000,0.3600,1.0000,0.971787
1.0000,0.4133,-1.0000,0.998126
1.0000,0.4133,-0.9941,0.998119
1.0000,0.4133,-0.9766,0.998285
1.0000,0.4133,-0.9477,0.998399
1.0000,0.4133,-0.9076,0.998563
1.0000,0.4133,-0.8569,0.998401
1.0000,0.4133,-0.7961,0.998044
1.0000,0.4133,-0.7260,0.997997
1.0000,0.4133,-0.6474,0.997849
1.0000,0.4133,-0.5612,0.997039
1.0000,0.4133,-0.4684,0.996800
1.0000,0.4133,-0.3701,0.995941
1.0000,0.4133,-0.2675,0.993946
1.0000,0.4133,-0.1618,0.990047
1.0000,0.4133,-0.0541,0.968572
1.0000,0.4133,0.0541,0.659611
1.0000,0.4133,0.1618,0.829540
1.0000,0.4133,0.2675,0.889365
1.0000,0.4133,0.3701,0.920181
1.0000,0.4133,0.4684,0.934283
1.0000,0.4133,0.5612,0.947416
1.0000,0.4133,0.6474,0.951731
1.0000,0.4133,0.7260,0.955332
1.0000,0.4133,0.7961,0.958453
1.0000,0.4133,0.8569,0.959444
1.0000,0.4133,0.9076,0.963668
1.0000,0.4133,0.9477,0.964553
1.0000,0.4133,0.9766,0.966748
1.0000,0.4133,0.9941,0.970396
1.0000,0.4133,1.0000,0.971910
1.0000,0.4667,-1.0000,0.998364
1.0000,0.4667,-0.9941,0.998435
1.0000,0.4667,-0.9766,0.998439
1.0000,0.4667,-0.9477,0.998738
1.0000,0.4667,-0.9076,0.998571
1.0000,0.4667,-0.8569,0.998568
1.0000,0.4667,-0.7961,0.998314
1.0000,0.4667,-0.7260,0.998042
1.0000,0.4667,-0.6474,0.997891
1.0000,0.4667,-0.5612,0.997402
1.0000,0.4667,-0.4684,0.997012
1.0000,0.4667,-0.3701,0.996221
1.0000,0.4667,-0.2675,0.994469
1.0000,0.4667,-0.1618,0.990251
1.0000,0.4667,-0.0541,0.969262
1.0000,0.4667,0.0541,0.661460
1.0000,0.4667,0.1618,0.823956
1.0000,0.4667,0.2675,0.884244
1.0000,0.4667,0.3701,0.910785
1.0000,0.4667,0.4684,0.917589
1.0000,0.4667,0.5612,0.931458
1.0000,0.4667,0.6474,0.938718
1.0000,0.4667,0.7260,0.943876
1.0000,0.4667,0.7961,0.949403
1.0000,0.4667,0.8569,0.954671
1.0000,0.4667,0.9076,0.959602
1.0000,0.4667,0.9477,0.963174
1.0000,0.4667,0.9766,0.967367
1.0000,0.4667,0.9941,0.968449
1.0000,0.4667,1.0000,0.968787
1.0000,0.5200,-1.0000,0.998414
1.0000,0.5200,-0.9941,0.998677
1.0000,0.5200,-0.9766,0.998690
1.0000,0.5200,-0.9477,0.998709
1.0000,0.5200,-0.9076,0.998698
1.0000,0.5200,-0.8569,0.998600
1.0000,0.5200,-0.7961,0.998289
1.0000,0.5200,-0.7260,0.998104
1.0000,0.5200,-0.6474,0.998099
1.0000,0.5200,-0.5612,0.997742
1.0000,0.5200,-0.4684,0.997189
1.0000,0.5200,-0.3701,0.996234
1.0000,0.5200,-0.2675,0.994210
1.0000,0.5200,-0.1618,0.989987
1.0000,0.5200,-0.0541,0.969529
1.0000,0.5200,0.0541,0.634022
1.0000,0.5200,0.1618,0.803477
1.0000,0.5200,0.2675,0.861615
1.0000,0.5200,0.3701,0.880146
1.0000,0.5200,0.4684,0.896423
1.0000,0.5200,0.5612,0.912675
1.0000,0.5200,0.6474,0.924050
1.0000,0.5200,0.7260,0.934857
1.0000,0.5200,0.7961,0.941684
1.0000,0.5200,0.8569,0.948478
1.0000,0.5200,0.9076,0.954613
1.0000,0.5200,0.9477,0.957772
1.0000,0.5200,0.9766,0.960740
1.0000,0.5200,0.9941,0.966688
1.0000,0.5200,1.0000,0.968323
1.0000,0.5733,-1.0000,0.998644
1.0000,0.5733,-0.9941,0.998580
1.0000,0.5733,-0.9766,0.998791
1.0000,0.5733,-0.9477,0.998628
1.0000,0.5733,-0.9076,0.998665
1.0000,0.5733,-0.8569,0.998642
1.0000,0.5733,-0.7961,0.998398
1.0000,0.5733,-0.7260,0.998498
1.0000,0.5733,-0.6474,0.998250
1.0000,0.5733,-0.5612,0.997733
1.0000,0.5733,-0.4684,0.997339
1.0000,0.5733,-0.3701,0.996300
1.0000,0.5733,-0.2675,0.994324
1.0000,0.5733,-0.1618,0.990017
1.0000,0.5733,-0.0541,0.968841
1.0000,0.5733,0.0541,0.568823
1.0000,0.5733,0.1618,0.735862
1.0000,0.5733,0.2675,0.819418
1.0000,0.5733,0.3701,0.856169
1.0000,0.5733,0.4684,0.887974
1.0000,0.5733,0.5612,0.900619
1.0000,0.5733,0.6474,0.904743
1.0000,0.5733,0.7260,0.914927
1.0000,0.5733,0.7961,0.922488
1.0000,0.5733,0.8569,0.931939
1.0000,0.5733,0.9076,0.930289
1.0000,0.5733,0.9477,0.943953
1.0000,0.5733,0.9766,0.947628
1.0000,0.5733,0.9941,0.957289
1.0000,0.5733,1.0000,0.963818
1.0000,0.6267,-1.0000,0.998433
1.0000,0.6267,-0.9941,0.998711
1.0000,0.6267,-0.9766,0.998753
1.0000,0.6267,-0.9477,0.998626
1.0000,0.6267,-0.9076,0.998787
1.0000,0.6267,-0.8569,0.998674
1.0000,0.6267,-0.7961,0.998711
1.0000,0.6267,-0.7260,0.998343
1.0000,0.6267,-0.6474,0.998159
1.0000,0.6267,-0.5612,0.997863
1.0000,0.6267,-0.4684,0.997298
1.0000,0.6267,-0.3701,0.996253
1.0000,0.6267,-0.2675,0.994097
1.0000,0.6267,-0.1618,0.989740
1.0000,0.6267,-0.0541,0.967595
1.0000,0.6267,0.0541,0.494433
1.0000,0.6267,0.1618,0.737637
1.0000,0.6267,0.2675,0.811402
1.0000,0.6267,0.3701,0.853522
1.0000,0.6267,0.4684,0.864226
1.0000,0.6267,0.5612,0.883881
1.0000,0.6267,0.6474,0.902752
1.0000,0.6267,0.7260,0.917616
1.0000,0.6267,0.7961,0.921601
1.0000,0.6267,0.8569,0.923862
1.0000,0.6267,0.9076,0.925730
1.0000,0.6267,0.9477,0.933071
1.0000,0.6267,0.9766,0.933749
1.0000,0.6267,0.9941,0.933365
1.0000,0.6267,1.0000,0.942187
1.0000,0.6800,-1.0000,0.998495
1.0000,0.6800,-0.9941,0.998774
1.0000,0.6800,-0.9766,0.998509
1.0000,0.6800,-0.9477,0.998745
1.0000,0.6800,-0.9076,0.998929
1.0000,0.6800,-0.8569,0.998648
1.0000,0.6800,-0.7961,0.998558
1.0000,0.6800,-0.7260,0.998376
1.0000,0.6800,-0.6474,0.998153
1.0000,0.6800,-0.5612,0.997822
1.0000,0.6800,-0.4684,0.996970
1.0000,0.6800,-0.3701,0.995772
1.0000,0.6800,-0.2675,0.993377
1.0000,0.6800,-0.1618,0.988539
1.0000,0.6800,-0.0541,0.963969
1.0000,0.6800,0.0541,0.474263
1.0000,0.6800,0.1618,0.698171
1.0000,0.6800,0.2675,0.783646
1.0000,0.6800,0.3701,0.808553
1.0000,0.6800,0.4684,0.832868
1.0000,0.6800,0.5612,0.855490
1.0000,0.6800,0.6474,0.872760
1.0000,0.6800,0.7260,0.886164
1.0000,0.6800,0.7961,0.900694
1.0000,0.6800,0.8569,0.913199
1.0000,0.6800,0.9076,0.919365
1.0000,0.6800,0.9477,0.930979
1.0000,0.6800,0.9766,0.937640
1.0000,0.6800,0.9941,0.942124
1.0000,0.6800,1.0000,0.932098
1.0000,0.7333,-1.0000,0.998578
1.0000,0.7333,-0.9941,0.998516
1.0000,0.7333,-0.9766,0.998402
1.0000,0.7333,-0.9477,0.998693
1.0000,0.7333,-0.9076,0.998862
1.0000,0.7333,-0.8569,0.998388
1.0000,0.7333,-0.7961,0.998212
1.0000,0.7333,-0.7260,0.997907
1.0000,0.7333,-0.6474,0.997787
1.0000,0.7333,-0.5612,0.997364
1.0000,0.7333,-0.4684,0.996333
1.0000,0.7333,-0.3701,0.995086
1.0000,0.7333,-0.2675,0.992893
1.0000,0.7333,-0.1618,0.987563
1.0000,0.7333,-0.0541,0.960751
1.0000,0.7333,0.0541,0.416836
1.0000,0.7333,0.1618,0.605235
1.0000,0.7333,0.2675,0.701270
1.0000,0.7333,0.3701,0.757769
1.0000,0.7333,0.4684,0.804502
1.0000,0.7333,0.5612,0.830276
1.0000,0.7333,0.6474,0.849429
1.0000,0.7333,0.7260,0.856915
1.0000,0.7333,0.7961,0.868137
1.0000,0.7333,0.8569,0.902736
1.0000,0.7333,0.9076,0.908859
1.0000,0.7333,0.9477,0.912644
1.0000,0.7333,0.9766,0.924942
1.0000,0.7333,0.9941,0.933927
1.0000,0.7333,1.0000,0.941849
1.0000,0.7867,-1.0000,0.998161
1.0000,0.7867,-0.9941,0.998107
1.0000,0.7867,-0.9766,0.998102
1.0000,0.7867,-0.9477,0.998522
1.0000,0.7867,-0.9076,0.998015
1.0000,0.7867,-0.8569,0.998132
1.0000,0.7867,-0.7961,0.997998
1.0000,0.7867,-0.7260,0.997733
1.0000,0.7867,-0.6474,0.997207
1.0000,0.7867,-0.5612,0.996620
1.0000,0.7867,-0.4684,0.995618
1.0000,0.7867,-0.3701,0.994128
1.0000,0.7867,-0.2675,0.991347
1.0000,0.7867,-0.1618,0.984270
1.0000,0.7867,-0.0541,0.953325
1.0000,0.7867,0.0541,0.358801
1.0000,0.7867,0.1618,0.569757
1.0000,0.7867,0.2675,0.667712
1.0000,0.7867,0.3701,0.740393
1.0000,0.7867,0.4684,0.778783
1.0000,0.7867,0.5612,0.806793
1.0000,0.7867,0.6474,0.827957
1.0000,0.7867,0.7260,0.844523
1.0000,0.7867,0.7961,0.856492
1.0000,0.7867,0.8569,0.866500
1.0000,0.7867,0.9076,0.865980
1.0000,0.7867,0.9477,0.880624
1.0000,0.7867,0.9766,0.891546
1.0000,0.7867,0.9941,0.918850
1.0000,0.7867,1.0000,0.926858
1.0000,0.8400,-1.0000,0.997134
1.0000,0.8400,-0.9941,0.997764
1.0000,0.8400,-0.9766,0.997767
1.0000,0.8400,-0.9477,0.997644
1.0000,0.8400,-0.9076,0.997584
1.0000,0.8400,-0.8569,0.997752
1.0000,0.8400,-0.7961,0.997186
1.0000,0.8400,-0.7260,0.996584
1.0000,0.8400,-0.6474,0.995924
1.0000,0.8400,-0.5612,0.995437
1.0000,0.8400,-0.4684,0.994589
1.0000,0.8400,-0.3701,0.992789
1.0000,0.8400,-0.2675,0.989299
1.0000,0.8400,-0.1618,0.980653
1.0000,0.8400,-0.0541,0.938854
1.0000,0.8400,0.0541,0.277871
1.0000,0.8400,0.1618,0.471610
1.0000,0.8400,0.2675,0.573191
1.0000,0.8400,0.3701,0.638774
1.0000,0.8400,0.4684,0.685327
1.0000,0.8400,0.5612,0.719303
1.0000,0.8400,0.6474,0.727095
1.0000,0.8400,0.7260,0.729325
1.0000,0.8400,0.7961,0.746800
1.0000,0.8400,0.8569,0.756805
1.0000,0.8400,0.9076,0.785970
1.0000,0.8400,0.9477,0.807352
1.0000,0.8400,0.9766,0.812452
1.0000,0.8400,0.9941,0.815879
1.0000,0.8400,1.0000,0.801522
1.0000,0.8933,-1.0000,0.995414
1.0000,0.8933,-0.9941,0.995638
1.0000,0.8933,-0.9766,0.995924
1.0000,0.8933,-0.9477,0.996073
1.0000,0.8933,-0.9076,0.995505
1.0000,0.8933,-0.8569,0.995525
1.0000,0.8933,-0.7961,0.995811
1.0000,0.8933,-0.7260,0.995178
1.0000,0.8933,-0.6474,0.994548
1.0000,0.8933,-0.5612,0.993543
1.0000,0.8933,-0.4684,0.992063
1.0000,0.8933,-0.3701,0.988939
1.0000,0.8933,-0.2675,0.982269
1.0000,0.8933,-0.1618,0.969494
1.0000,0.8933,-0.0541,0.910579
1.0000,0.8933,0.0541,0.106109
1.0000,0.8933,0.1618,0.186785
1.0000,0.8933,0.2675,0.252189
1.0000,0.8933,0.3701,0.301055
1.0000,0.8933,0.4684,0.342328
1.0000,0.8933,0.5612,0.375053
1.0000,0.8933,0.6474,0.465017
1.0000,0.8933,0.7260,0.490551
1.0000,0.8933,0.7961,0.558841
1.0000,0.8933,0.8569,0.569949
1.0000,0.8933,0.9076,0.626565
1.0000,0.8933,0.9477,0.670184
1.0000,0.8933,0.9766,0.641202
1.0000,0.8933,0.9941,0.679734
1.0000,0.8933,1.0000,0.695134
1.0000,0.9467,-1.0000,0.987454
1.0000,0.9467,-0.9941,0.988416
1.0000,0.9467,-0.9766,0.989245
1.0000,0.9467,-0.9477,0.989559
1.0000,0.9467,-0.9076,0.989104
1.0000,0.9467,-0.8569,0.989495
1.0000,0.9467,-0.7961,0.988346
1.0000,0.9467,-0.7260,0.987333
1.0000,0.9467,-0.6474,0.986961
1.0000,0.9467,-0.5612,0.985055
1.0000,0.9467,-0.4684,0.981647
1.0000,0.9467,-0.3701,0.973961
1.0000,0.9467,-0.2675,0.962505
1.0000,0.9467,-0.1618,0.937796
1.0000,0.9467,-0.0541,0.831965
1.0000,0.9467,0.0541,0.048580
1.0000,0.9467,0.1618,0.087412
1.0000,0.9467,0.2675,0.120130
1.0000,0.9467,0.3701,0.148981
1.0000,0.9467,0.4684,0.174991
1.0000,0.9467,0.5612,0.195861
1.0000,0.9467,0.6474,0.211999
1.0000,0.9467,0.7260,0.223819
1.0000,0.9467,0.7961,0.237655
1.0000,0.9467,0.8569,0.244971
1.0000,0.9467,0.9076,0.256156
1.0000,0.9467,0.9477,0.395139
1.0000,0.9467,0.9766,0.444517
1.0000,0.9467,0.9941,0.453184
1.0000,0.9467,1.0000,0.444463
1.0000,1.0000,-1.0000,0.999451
1.0000,1.0000,-0.9941,1.000164
1.0000,1.0000,-0.9766,1.003153
1.0000,1.0000,-0.9477,1.004761
1.0000,1.0000,-0.9076,1.005078
1.0000,1.0000,-0.8569,1.006301
1.0000,1.0000,-0.7961,1.007069
1.0000,1.0000,-0.7260,1.007389
1.0000,1.0000,-0.6474,1.007551
1.0000,1.0000,-0.5612,1.009926
1.0000,1.0000,-0.4684,1.010956
1.0000,1.0000,-0.3701,1.012106
1.0000,1.0000,-0.2675,1.012835
1.0000,1.0000,-0.1618,1.013031
1.0000,1.0000,-0.0541,1.011505
1.0000,1.0000,0.0541,1.013142
1.0000,1.0000,0.1618,1.013616
1.0000,1.0000,0.2675,1.013668
1.0000,1.0000,0.3701,1.014077
1.0000,1.0000,0.4684,1.013416
1.0000,1.0000,0.5612,1.012338
1.0000,1.0000,0.6474,1.012911
1.0000,1.0000,0.7260,1.012501
1.0000,1.0000,0.7961,1.011419
1.0000,1.0000,0.8569,1.010934
1.0000,1.0000,0.9076,1.010518
1.0000,1.0000,0.9477,1.008443
1.0000,1.0000,0.9766,1.008338
1.0000,1.0000,0.9941,1.008920
1.0000,1.0000,1.0000,1.006472
