alpha,beta,rho,fitted_exponent
0.2000,0.2000,-1.0000,0.973057
0.2000,0.2000,-0.9941,0.921261
0.2000,0.2000,-0.9766,0.868058
0.2000,0.2000,-0.9477,0.825719
0.2000,0.2000,-0.9076,0.786563
0.2000,0.2000,-0.8569,0.754602
0.2000,0.2000,-0.7961,0.716664
0.2000,0.2000,-0.7260,0.680734
0.2000,0.2000,-0.6474,0.652008
0.2000,0.2000,-0.5612,0.619027
0.2000,0.2000,-0.4684,0.589244
0.2000,0.2000,-0.3701,0.559919
0.2000,0.2000,-0.2675,0.535194
0.2000,0.2000,-0.1618,0.513236
0.2000,0.2000,-0.0541,0.491802
0.2000,0.2000,0.0541,0.468707
0.2000,0.2000,0.1618,0.454173
0.2000,0.2000,0.2675,0.436721
0.2000,0.2000,0.3701,0.426501
0.2000,0.2000,0.4684,0.419642
0.2000,0.2000,0.5612,0.410233
0.2000,0.2000,0.6474,0.404701
0.2000,0.2000,0.7260,0.396990
0.2000,0.2000,0.7961,0.389954
0.2000,0.2000,0.8569,0.386457
0.2000,0.2000,0.9076,0.386947
0.2000,0.2000,0.9477,0.383579
0.2000,0.2000,0.9766,0.386991
0.2000,0.2000,0.9941,0.387393
0.2000,0.2000,1.0000,0.395237
0.2533,0.2000,-1.0000,0.498921
0.2533,0.2000,-0.9941,0.529833
0.2533,0.2000,-0.9766,0.568315
0.2533,0.2000,-0.9477,0.606058
0.2533,0.2000,-0.9076,0.670242
0.2533,0.2000,-0.8569,0.785349
0.2533,0.2000,-0.7961,0.957820
0.2533,0.2000,-0.7260,1.099935
0.2533,0.2000,-0.6474,1.088157
0.2533,0.2000,-0.5612,1.020811
0.2533,0.2000,-0.4684,0.919841
0.2533,0.2000,-0.3701,0.796433
0.2533,0.2000,-0.2675,0.636621
0.2533,0.2000,-0.1618,0.472809
0.2533,0.2000,-0.0541,0.459596
0.2533,0.2000,0.0541,0.441156
0.2533,0.2000,0.1618,0.425442
0.2533,0.2000,0.2675,0.414260
0.2533,0.2000,0.3701,0.403895
0.2533,0.2000,0.4684,0.399696
0.2533,0.2000,0.5612,0.383472
0.2533,0.2000,0.6474,0.377657
0.2533,0.2000,0.7260,0.368645
0.2533,0.2000,0.7961,0.363688
0.2533,0.2000,0.8569,0.356402
0.2533,0.2000,0.9076,0.350878
0.2533,0.2000,0.9477,0.347186
0.2533,0.2000,0.9766,0.344644
0.2533,0.2000,0.9941,0.339451
0.2533,0.2000,1.0000,0.334275
0.2533,0.2533,-1.0000,0.835281
0.2533,0.2533,-0.9941,0.798344
0.2533,0.2533,-0.9766,0.764964
0.2533,0.2533,-0.9477,0.736028
0.2533,0.2533,-0.9076,0.708901
0.2533,0.2533,-0.8569,0.685523
0.2533,0.2533,-0.7961,0.664227
0.2533,0.2533,-0.7260,0.642706
0.2533,0.2533,-0.6474,0.624129
0.2533,0.2533,-0.5612,0.605052
0.2533,0.2533,-0.4684,0.586900
0.2533,0.2533,-0.3701,0.568622
0.2533,0.2533,-0.2675,0.555272
0.2533,0.2533,-0.1618,0.537505
0.2533,0.2533,-0.0541,0.522167
0.2533,0.2533,0.0541,0.508265
0.2533,0.2533,0.1618,0.496109
0.2533,0.2533,0.2675,0.484692
0.2533,0.2533,0.3701,0.480143
0.2533,0.2533,0.4684,0.473479
0.2533,0.2533,0.5612,0.468094
0.2533,0.2533,0.6474,0.465852
0.2533,0.2533,0.7260,0.463915
0.2533,0.2533,0.7961,0.459932
0.2533,0.2533,0.8569,0.461805
0.2533,0.2533,0.9076,0.465649
0.2533,0.2533,0.9477,0.467490
0.2533,0.2533,0.9766,0.467441
0.2533,0.2533,0.9941,0.471434
0.2533,0.2533,1.0000,0.473732
0.3067,0.2000,-1.0000,0.162543
0.3067,0.2000,-0.9941,0.134731
0.3067,0.2000,-0.9766,0.121577
0.3067,0.2000,-0.9477,0.119335
0.3067,0.2000,-0.9076,0.126644
0.3067,0.2000,-0.8569,0.139116
0.3067,0.2000,-0.7961,0.130186
0.3067,0.2000,-0.7260,0.150092
0.3067,0.2000,-0.6474,0.171287
0.3067,0.2000,-0.5612,0.208372
0.3067,0.2000,-0.4684,0.258149
0.3067,0.2000,-0.3701,0.332971
0.3067,0.2000,-0.2675,0.426269
0.3067,0.2000,-0.1618,0.496312
0.3067,0.2000,-0.0541,0.411460
0.3067,0.2000,0.0541,0.451187
0.3067,0.2000,0.1618,0.464351
0.3067,0.2000,0.2675,0.444734
0.3067,0.2000,0.3701,0.427031
0.3067,0.2000,0.4684,0.422088
0.3067,0.2000,0.5612,0.404551
0.3067,0.2000,0.6474,0.391535
0.3067,0.2000,0.7260,0.377760
0.3067,0.2000,0.7961,0.361084
0.3067,0.2000,0.8569,0.350310
0.3067,0.2000,0.9076,0.331428
0.3067,0.2000,0.9477,0.331315
0.3067,0.2000,0.9766,0.318095
0.3067,0.2000,0.9941,0.311874
0.3067,0.2000,1.0000,0.304814
0.3067,0.2533,-1.0000,0.321921
0.3067,0.2533,-0.9941,0.354260
0.3067,0.2533,-0.9766,0.413259
0.3067,0.2533,-0.9477,0.577807
0.3067,0.2533,-0.9076,0.794529
0.3067,0.2533,-0.8569,0.966265
0.3067,0.2533,-0.7961,1.017820
0.3067,0.2533,-0.7260,0.996320
0.3067,0.2533,-0.6474,0.973545
0.3067,0.2533,-0.5612,0.950238
0.3067,0.2533,-0.4684,0.889601
0.3067,0.2533,-0.3701,0.808488
0.3067,0.2533,-0.2675,0.686069
0.3067,0.2533,-0.1618,0.513464
0.3067,0.2533,-0.0541,0.320653
0.3067,0.2533,0.0541,0.310955
0.3067,0.2533,0.1618,0.309214
0.3067,0.2533,0.2675,0.299441
0.3067,0.2533,0.3701,0.290990
0.3067,0.2533,0.4684,0.286494
0.3067,0.2533,0.5612,0.279591
0.3067,0.2533,0.6474,0.274712
0.3067,0.2533,0.7260,0.271365
0.3067,0.2533,0.7961,0.266882
0.3067,0.2533,0.8569,0.262622
0.3067,0.2533,0.9076,0.257931
0.3067,0.2533,0.9477,0.254042
0.3067,0.2533,0.9766,0.250938
0.3067,0.2533,0.9941,0.246581
0.3067,0.2533,1.0000,0.242744
0.3067,0.3067,-1.0000,0.772704
0.3067,0.3067,-0.9941,0.751695
0.3067,0.3067,-0.9766,0.727005
0.3067,0.3067,-0.9477,0.709349
0.3067,0.3067,-0.9076,0.691624
0.3067,0.3067,-0.8569,0.677534
0.3067,0.3067,-0.7961,0.663878
0.3067,0.3067,-0.7260,0.651237
0.3067,0.3067,-0.6474,0.639495
0.3067,0.3067,-0.5612,0.630921
0.3067,0.3067,-0.4684,0.621375
0.3067,0.3067,-0.3701,0.610476
0.3067,0.3067,-0.2675,0.602542
0.3067,0.3067,-0.1618,0.593669
0.3067,0.3067,-0.0541,0.587129
0.3067,0.3067,0.0541,0.580556
0.3067,0.3067,0.1618,0.576777
0.3067,0.3067,0.2675,0.570112
0.3067,0.3067,0.3701,0.567516
0.3067,0.3067,0.4684,0.563745
0.3067,0.3067,0.5612,0.559675
0.3067,0.3067,0.6474,0.554115
0.3067,0.3067,0.7260,0.556443
0.3067,0.3067,0.7961,0.554576
0.3067,0.3067,0.8569,0.557227
0.3067,0.3067,0.9076,0.557552
0.3067,0.3067,0.9477,0.561686
0.3067,0.3067,0.9766,0.564099
0.3067,0.3067,0.9941,0.568575
0.3067,0.3067,1.0000,0.580120
0.3600,0.2000,-1.0000,0.031361
0.3600,0.2000,-0.9941,0.084060
0.3600,0.2000,-0.9766,0.083956
0.3600,0.2000,-0.9477,0.025266
0.3600,0.2000,-0.9076,0.073198
0.3600,0.2000,-0.8569,0.026549
0.3600,0.2000,-0.7961,0.027655
0.3600,0.2000,-0.7260,0.028393
0.3600,0.2000,-0.6474,0.032517
0.3600,0.2000,-0.5612,0.039964
0.3600,0.2000,-0.4684,0.067959
0.3600,0.2000,-0.3701,0.114473
0.3600,0.2000,-0.2675,0.211958
0.3600,0.2000,-0.1618,0.383747
0.3600,0.2000,-0.0541,0.314371
0.3600,0.2000,0.0541,0.289480
0.3600,0.2000,0.1618,0.289018
0.3600,0.2000,0.2675,0.187734
0.3600,0.2000,0.3701,0.148257
0.3600,0.2000,0.4684,0.117893
0.3600,0.2000,0.5612,0.085819
0.3600,0.2000,0.6474,0.075564
0.3600,0.2000,0.7260,0.073697
0.3600,0.2000,0.7961,0.069783
0.3600,0.2000,0.8569,0.062021
0.3600,0.2000,0.9076,0.061592
0.3600,0.2000,0.9477,0.065888
0.3600,0.2000,0.9766,0.060561
0.3600,0.2000,0.9941,0.055112
0.3600,0.2000,1.0000,0.053506
0.3600,0.2533,-1.0000,0.124462
0.3600,0.2533,-0.9941,0.114568
0.3600,0.2533,-0.9766,0.096061
0.3600,0.2533,-0.9477,0.079549
0.3600,0.2533,-0.9076,0.065610
0.3600,0.2533,-0.8569,0.061715
0.3600,0.2533,-0.7961,0.065346
0.3600,0.2533,-0.7260,0.064061
0.3600,0.2533,-0.6474,0.073906
0.3600,0.2533,-0.5612,0.096489
0.3600,0.2533,-0.4684,0.131628
0.3600,0.2533,-0.3701,0.187792
0.3600,0.2533,-0.2675,0.267417
0.3600,0.2533,-0.1618,0.375096
0.3600,0.2533,-0.0541,0.324700
0.3600,0.2533,0.0541,0.361830
0.3600,0.2533,0.1618,0.411113
0.3600,0.2533,0.2675,0.408803
0.3600,0.2533,0.3701,0.392688
0.3600,0.2533,0.4684,0.367811
0.3600,0.2533,0.5612,0.349530
0.3600,0.2533,0.6474,0.330619
0.3600,0.2533,0.7260,0.317362
0.3600,0.2533,0.7961,0.298022
0.3600,0.2533,0.8569,0.286413
0.3600,0.2533,0.9076,0.274191
0.3600,0.2533,0.9477,0.260487
0.3600,0.2533,0.9766,0.248797
0.3600,0.2533,0.9941,0.242658
0.3600,0.2533,1.0000,0.231288
0.3600,0.3067,-1.0000,0.471526
0.3600,0.3067,-0.9941,0.634616
0.3600,0.3067,-0.9766,0.778882
0.3600,0.3067,-0.9477,0.882398
0.3600,0.3067,-0.9076,0.924713
0.3600,0.3067,-0.8569,0.924836
0.3600,0.3067,-0.7961,0.922775
0.3600,0.3067,-0.7260,0.900878
0.3600,0.3067,-0.6474,0.877312
0.3600,0.3067,-0.5612,0.857630
0.3600,0.3067,-0.4684,0.829732
0.3600,0.3067,-0.3701,0.786845
0.3600,0.3067,-0.2675,0.696764
0.3600,0.3067,-0.1618,0.544943
0.3600,0.3067,-0.0541,0.298544
0.3600,0.3067,0.0541,0.235937
0.3600,0.3067,0.1618,0.231825
0.3600,0.3067,0.2675,0.228596
0.3600,0.3067,0.3701,0.225635
0.3600,0.3067,0.4684,0.221423
0.3600,0.3067,0.5612,0.218110
0.3600,0.3067,0.6474,0.214073
0.3600,0.3067,0.7260,0.211901
0.3600,0.3067,0.7961,0.209689
0.3600,0.3067,0.8569,0.206723
0.3600,0.3067,0.9076,0.202420
0.3600,0.3067,0.9477,0.201530
0.3600,0.3067,0.9766,0.195749
0.3600,0.3067,0.9941,0.193273
0.3600,0.3067,1.0000,0.191921
0.3600,0.3600,-1.0000,0.801166
0.3600,0.3600,-0.9941,0.783921
0.3600,0.3600,-0.9766,0.765452
0.3600,0.3600,-0.9477,0.753739
0.3600,0.3600,-0.9076,0.740066
0.3600,0.3600,-0.8569,0.727636
0.3600,0.3600,-0.7961,0.717948
0.3600,0.3600,-0.7260,0.707922
0.3600,0.3600,-0.6474,0.702171
0.3600,0.3600,-0.5612,0.693660
0.3600,0.3600,-0.4684,0.687701
0.3600,0.3600,-0.3701,0.682215
0.3600,0.3600,-0.2675,0.678747
0.3600,0.3600,-0.1618,0.673804
0.3600,0.3600,-0.0541,0.672436
0.3600,0.3600,0.0541,0.670357
0.3600,0.3600,0.1618,0.666435
0.3600,0.3600,0.2675,0.665265
0.3600,0.3600,0.3701,0.661639
0.3600,0.3600,0.4684,0.665700
0.3600,0.3600,0.5612,0.666777
0.3600,0.3600,0.6474,0.666173
0.3600,0.3600,0.7260,0.668057
0.3600,0.3600,0.7961,0.668552
0.3600,0.3600,0.8569,0.674313
0.3600,0.3600,0.9076,0.678200
0.3600,0.3600,0.9477,0.685012
0.3600,0.3600,0.9766,0.686487
0.3600,0.3600,0.9941,0.697809
0.3600,0.3600,1.0000,0.702684
0.4133,0.2000,-1.0000,0.020747
0.4133,0.2000,-0.9941,0.024162
0.4133,0.2000,-0.9766,0.104798
0.4133,0.2000,-0.9477,0.022502
0.4133,0.2000,-0.9076,0.018863
0.4133,0.2000,-0.8569,0.021152
0.4133,0.2000,-0.7961,0.022477
0.4133,0.2000,-0.7260,0.019283
0.4133,0.2000,-0.6474,0.020567
0.4133,0.2000,-0.5612,0.020102
0.4133,0.2000,-0.4684,0.040544
0.4133,0.2000,-0.3701,0.101931
0.4133,0.2000,-0.2675,0.205200
0.4133,0.2000,-0.1618,0.449312
0.4133,0.2000,-0.0541,0.471955
0.4133,0.2000,0.0541,0.396069
0.4133,0.2000,0.1618,0.391968
0.4133,0.2000,0.2675,0.194901
0.4133,0.2000,0.3701,0.115731
0.4133,0.2000,0.4684,0.066177
0.4133,0.2000,0.5612,0.052717
0.4133,0.2000,0.6474,0.047812
0.4133,0.2000,0.7260,0.045048
0.4133,0.2000,0.7961,0.038838
0.4133,0.2000,0.8569,0.035820
0.4133,0.2000,0.9076,0.034757
0.4133,0.2000,0.9477,0.035673
0.4133,0.2000,0.9766,0.032463
0.4133,0.2000,0.9941,0.031216
0.4133,0.2000,1.0000,0.034645
0.4133,0.2533,-1.0000,0.086313
0.4133,0.2533,-0.9941,0.082679
0.4133,0.2533,-0.9766,0.019383
0.4133,0.2533,-0.9477,0.019486
0.4133,0.2533,-0.9076,0.018956
0.4133,0.2533,-0.8569,0.019381
0.4133,0.2533,-0.7961,0.019405
0.4133,0.2533,-0.7260,0.017564
0.4133,0.2533,-0.6474,0.017271
0.4133,0.2533,-0.5612,0.022251
0.4133,0.2533,-0.4684,0.057905
0.4133,0.2533,-0.3701,0.087674
0.4133,0.2533,-0.2675,0.185561
0.4133,0.2533,-0.1618,0.361143
0.4133,0.2533,-0.0541,0.331809
0.4133,0.2533,0.0541,0.294021
0.4133,0.2533,0.1618,0.311802
0.4133,0.2533,0.2675,0.173516
0.4133,0.2533,0.3701,0.104188
0.4133,0.2533,0.4684,0.075628
0.4133,0.2533,0.5612,0.057950
0.4133,0.2533,0.6474,0.049248
0.4133,0.2533,0.7260,0.044039
0.4133,0.2533,0.7961,0.042054
0.4133,0.2533,0.8569,0.046831
0.4133,0.2533,0.9076,0.039514
0.4133,0.2533,0.9477,0.044306
0.4133,0.2533,0.9766,0.038484
0.4133,0.2533,0.9941,0.040174
0.4133,0.2533,1.0000,0.036282
0.4133,0.3067,-1.0000,0.082990
0.4133,0.3067,-0.9941,0.081288
0.4133,0.3067,-0.9766,0.079987
0.4133,0.3067,-0.9477,0.071048
0.4133,0.3067,-0.9076,0.061360
0.4133,0.3067,-0.8569,0.040522
0.4133,0.3067,-0.7961,0.032735
0.4133,0.3067,-0.7260,0.030757
0.4133,0.3067,-0.6474,0.034667
0.4133,0.3067,-0.5612,0.074740
0.4133,0.3067,-0.4684,0.093766
0.4133,0.3067,-0.3701,0.151711
0.4133,0.3067,-0.2675,0.275023
0.4133,0.3067,-0.1618,0.414381
0.4133,0.3067,-0.0541,0.409914
0.4133,0.3067,0.0541,0.350760
0.4133,0.3067,0.1618,0.354071
0.4133,0.3067,0.2675,0.337500
0.4133,0.3067,0.3701,0.315794
0.4133,0.3067,0.4684,0.302010
0.4133,0.3067,0.5612,0.290051
0.4133,0.3067,0.6474,0.282246
0.4133,0.3067,0.7260,0.270664
0.4133,0.3067,0.7961,0.265641
0.4133,0.3067,0.8569,0.256364
0.4133,0.3067,0.9076,0.251800
0.4133,0.3067,0.9477,0.240538
0.4133,0.3067,0.9766,0.235869
0.4133,0.3067,0.9941,0.218870
0.4133,0.3067,1.0000,0.216944
0.4133,0.3600,-1.0000,0.789545
0.4133,0.3600,-0.9941,0.849887
0.4133,0.3600,-0.9766,0.857400
0.4133,0.3600,-0.9477,0.882888
0.4133,0.3600,-0.9076,0.874475
0.4133,0.3600,-0.8569,0.869336
0.4133,0.3600,-0.7961,0.859257
0.4133,0.3600,-0.7260,0.848296
0.4133,0.3600,-0.6474,0.835771
0.4133,0.3600,-0.5612,0.816982
0.4133,0.3600,-0.4684,0.786233
0.4133,0.3600,-0.3701,0.752819
0.4133,0.3600,-0.2675,0.694913
0.4133,0.3600,-0.1618,0.566461
0.4133,0.3600,-0.0541,0.326406
0.4133,0.3600,0.0541,0.208270
0.4133,0.3600,0.1618,0.206135
0.4133,0.3600,0.2675,0.201955
0.4133,0.3600,0.3701,0.199434
0.4133,0.3600,0.4684,0.197496
0.4133,0.3600,0.5612,0.195639
0.4133,0.3600,0.6474,0.194641
0.4133,0.3600,0.7260,0.191219
0.4133,0.3600,0.7961,0.189282
0.4133,0.3600,0.8569,0.186528
0.4133,0.3600,0.9076,0.185920
0.4133,0.3600,0.9477,0.183663
0.4133,0.3600,0.9766,0.181072
0.4133,0.3600,0.9941,0.176939
0.4133,0.3600,1.0000,0.175787
0.4133,0.4133,-1.0000,0.893011
0.4133,0.4133,-0.9941,0.874489
0.4133,0.4133,-0.9766,0.859631
0.4133,0.4133,-0.9477,0.844226
0.4133,0.4133,-0.9076,0.834168
0.4133,0.4133,-0.8569,0.825642
0.4133,0.4133,-0.7961,0.814639
0.4133,0.4133,-0.7260,0.805742
0.4133,0.4133,-0.6474,0.798454
0.4133,0.4133,-0.5612,0.792806
0.4133,0.4133,-0.4684,0.787786
0.4133,0.4133,-0.3701,0.783833
0.4133,0.4133,-0.2675,0.778577
0.4133,0.4133,-0.1618,0.776697
0.4133,0.4133,-0.0541,0.775490
0.4133,0.4133,0.0541,0.774407
0.4133,0.4133,0.1618,0.774423
0.4133,0.4133,0.2675,0.774415
0.4133,0.4133,0.3701,0.772910
0.4133,0.4133,0.4684,0.777078
0.4133,0.4133,0.5612,0.779668
0.4133,0.4133,0.6474,0.782932
0.4133,0.4133,0.7260,0.789367
0.4133,0.4133,0.7961,0.794234
0.4133,0.4133,0.8569,0.798078
0.4133,0.4133,0.9076,0.804265
0.4133,0.4133,0.9477,0.814515
0.4133,0.4133,0.9766,0.826292
0.4133,0.4133,0.9941,0.838370
0.4133,0.4133,1.0000,0.846935
0.4667,0.2000,-1.0000,0.019280
0.4667,0.2000,-0.9941,0.018580
0.4667,0.2000,-0.9766,0.020967
0.4667,0.2000,-0.9477,0.116878
0.4667,0.2000,-0.9076,0.019306
0.4667,0.2000,-0.8569,0.019323
0.4667,0.2000,-0.7961,0.020711
0.4667,0.2000,-0.7260,0.016326
0.4667,0.2000,-0.6474,0.018228
0.4667,0.2000,-0.5612,0.021462
0.4667,0.2000,-0.4684,0.042536
0.4667,0.2000,-0.3701,0.112989
0.4667,0.2000,-0.2675,0.251640
0.4667,0.2000,-0.1618,0.532555
0.4667,0.2000,-0.0541,0.585429
0.4667,0.2000,0.0541,0.511112
0.4667,0.2000,0.1618,0.454042
0.4667,0.2000,0.2675,0.225367
0.4667,0.2000,0.3701,0.116720
0.4667,0.2000,0.4684,0.069842
0.4667,0.2000,0.5612,0.046385
0.4667,0.2000,0.6474,0.040229
0.4667,0.2000,0.7260,0.035006
0.4667,0.2000,0.7961,0.037252
0.4667,0.2000,0.8569,0.034991
0.4667,0.2000,0.9076,0.032348
0.4667,0.2000,0.9477,0.032750
0.4667,0.2000,0.9766,0.025761
0.4667,0.2000,0.9941,0.028135
0.4667,0.2000,1.0000,0.025932
0.4667,0.2533,-1.0000,0.020306
0.4667,0.2533,-0.9941,0.110475
0.4667,0.2533,-0.9766,0.104414
0.4667,0.2533,-0.9477,0.017345
0.4667,0.2533,-0.9076,0.019617
0.4667,0.2533,-0.8569,0.016564
0.4667,0.2533,-0.7961,0.014777
0.4667,0.2533,-0.7260,0.016695
0.4667,0.2533,-0.6474,0.015469
0.4667,0.2533,-0.5612,0.021729
0.4667,0.2533,-0.4684,0.039667
0.4667,0.2533,-0.3701,0.089900
0.4667,0.2533,-0.2675,0.209200
0.4667,0.2533,-0.1618,0.480560
0.4667,0.2533,-0.0541,0.497599
0.4667,0.2533,0.0541,0.428464
0.4667,0.2533,0.1618,0.417126
0.4667,0.2533,0.2675,0.199206
0.4667,0.2533,0.3701,0.106689
0.4667,0.2533,0.4684,0.061530
0.4667,0.2533,0.5612,0.044821
0.4667,0.2533,0.6474,0.037626
0.4667,0.2533,0.7260,0.034971
0.4667,0.2533,0.7961,0.032437
0.4667,0.2533,0.8569,0.029630
0.4667,0.2533,0.9076,0.027346
0.4667,0.2533,0.9477,0.028880
0.4667,0.2533,0.9766,0.026949
0.4667,0.2533,0.9941,0.027330
0.4667,0.2533,1.0000,0.024335
0.4667,0.3067,-1.0000,0.088306
0.4667,0.3067,-0.9941,0.017944
0.4667,0.3067,-0.9766,0.015073
0.4667,0.3067,-0.9477,0.018482
0.4667,0.3067,-0.9076,0.017196
0.4667,0.3067,-0.8569,0.013158
0.4667,0.3067,-0.7961,0.012814
0.4667,0.3067,-0.7260,0.011744
0.4667,0.3067,-0.6474,0.011614
0.4667,0.3067,-0.5612,0.015423
0.4667,0.3067,-0.4684,0.032503
0.4667,0.3067,-0.3701,0.085746
0.4667,0.3067,-0.2675,0.177874
0.4667,0.3067,-0.1618,0.362832
0.4667,0.3067,-0.0541,0.359067
0.4667,0.3067,0.0541,0.304922
0.4667,0.3067,0.1618,0.320010
0.4667,0.3067,0.2675,0.170955
0.4667,0.3067,0.3701,0.094064
0.4667,0.3067,0.4684,0.060769
0.4667,0.3067,0.5612,0.042030
0.4667,0.3067,0.6474,0.035795
0.4667,0.3067,0.7260,0.033247
0.4667,0.3067,0.7961,0.033624
0.4667,0.3067,0.8569,0.029240
0.4667,0.3067,0.9076,0.038183
0.4667,0.3067,0.9477,0.039851
0.4667,0.3067,0.9766,0.039037
0.4667,0.3067,0.9941,0.058330
0.4667,0.3067,1.0000,0.058510
0.4667,0.3600,-1.0000,0.050020
0.4667,0.3600,-0.9941,0.045210
0.4667,0.3600,-0.9766,0.045560
0.4667,0.3600,-0.9477,0.036178
0.4667,0.3600,-0.9076,0.056309
0.4667,0.3600,-0.8569,0.106987
0.4667,0.3600,-0.7961,0.107527
0.4667,0.3600,-0.7260,0.150653
0.4667,0.3600,-0.6474,0.319042
0.4667,0.3600,-0.5612,0.431346
0.4667,0.3600,-0.4684,0.560403
0.4667,0.3600,-0.3701,0.629774
0.4667,0.3600,-0.2675,0.662941
0.4667,0.3600,-0.1618,0.615026
0.4667,0.3600,-0.0541,0.467427
0.4667,0.3600,0.0541,0.297825
0.4667,0.3600,0.1618,0.290084
0.4667,0.3600,0.2675,0.284744
0.4667,0.3600,0.3701,0.277245
0.4667,0.3600,0.4684,0.274263
0.4667,0.3600,0.5612,0.270080
0.4667,0.3600,0.6474,0.265664
0.4667,0.3600,0.7260,0.263756
0.4667,0.3600,0.7961,0.257661
0.4667,0.3600,0.8569,0.254684
0.4667,0.3600,0.9076,0.253186
0.4667,0.3600,0.9477,0.249701
0.4667,0.3600,0.9766,0.245884
0.4667,0.3600,0.9941,0.240180
0.4667,0.3600,1.0000,0.235924
0.4667,0.4133,-1.0000,0.865812
0.4667,0.4133,-0.9941,0.856514
0.4667,0.4133,-0.9766,0.868848
0.4667,0.4133,-0.9477,0.867097
0.4667,0.4133,-0.9076,0.864911
0.4667,0.4133,-0.8569,0.856013
0.4667,0.4133,-0.7961,0.844729
0.4667,0.4133,-0.7260,0.833332
0.4667,0.4133,-0.6474,0.820374
0.4667,0.4133,-0.5612,0.799177
0.4667,0.4133,-0.4684,0.769627
0.4667,0.4133,-0.3701,0.730385
0.4667,0.4133,-0.2675,0.670346
0.4667,0.4133,-0.1618,0.576977
0.4667,0.4133,-0.0541,0.351921
0.4667,0.4133,0.0541,0.203131
0.4667,0.4133,0.1618,0.199467
0.4667,0.4133,0.2675,0.197363
0.4667,0.4133,0.3701,0.195923
0.4667,0.4133,0.4684,0.193542
0.4667,0.4133,0.5612,0.192255
0.4667,0.4133,0.6474,0.191056
0.4667,0.4133,0.7260,0.185570
0.4667,0.4133,0.7961,0.184570
0.4667,0.4133,0.8569,0.182952
0.4667,0.4133,0.9076,0.180514
0.4667,0.4133,0.9477,0.178740
0.4667,0.4133,0.9766,0.176717
0.4667,0.4133,0.9941,0.172936
0.4667,0.4133,1.0000,0.172697
0.4667,0.4667,-1.0000,0.961795
0.4667,0.4667,-0.9941,0.952722
0.4667,0.4667,-0.9766,0.944377
0.4667,0.4667,-0.9477,0.938596
0.4667,0.4667,-0.9076,0.929640
0.4667,0.4667,-0.8569,0.923108
0.4667,0.4667,-0.7961,0.916815
0.4667,0.4667,-0.7260,0.912562
0.4667,0.4667,-0.6474,0.906071
0.4667,0.4667,-0.5612,0.901889
0.4667,0.4667,-0.4684,0.897777
0.4667,0.4667,-0.3701,0.894684
0.4667,0.4667,-0.2675,0.890982
0.4667,0.4667,-0.1618,0.891294
0.4667,0.4667,-0.0541,0.890685
0.4667,0.4667,0.0541,0.891447
0.4667,0.4667,0.1618,0.892116
0.4667,0.4667,0.2675,0.895292
0.4667,0.4667,0.3701,0.898364
0.4667,0.4667,0.4684,0.901538
0.4667,0.4667,0.5612,0.906154
0.4667,0.4667,0.6474,0.910930
0.4667,0.4667,0.7260,0.916229
0.4667,0.4667,0.7961,0.922061
0.4667,0.4667,0.8569,0.932534
0.4667,0.4667,0.9076,0.940564
0.4667,0.4667,0.9477,0.948556
0.4667,0.4667,0.9766,0.956490
0.4667,0.4667,0.9941,0.966499
0.4667,0.4667,1.0000,0.974449
0.5200,0.2000,-1.0000,0.021708
0.5200,0.2000,-0.9941,0.022814
0.5200,0.2000,-0.9766,0.023667
0.5200,0.2000,-0.9477,0.025400
0.5200,0.2000,-0.9076,0.013292
0.5200,0.2000,-0.8569,0.023612
0.5200,0.2000,-0.7961,0.021897
0.5200,0.2000,-0.7260,0.022169
0.5200,0.2000,-0.6474,0.020825
0.5200,0.2000,-0.5612,0.026975
0.5200,0.2000,-0.4684,0.045624
0.5200,0.2000,-0.3701,0.120284
0.5200,0.2000,-0.2675,0.268387
0.5200,0.2000,-0.1618,0.565002
0.5200,0.2000,-0.0541,0.671534
0.5200,0.2000,0.0541,0.594577
0.5200,0.2000,0.1618,0.513742
0.5200,0.2000,0.2675,0.237995
0.5200,0.2000,0.3701,0.119850
0.5200,0.2000,0.4684,0.071549
0.5200,0.2000,0.5612,0.043240
0.5200,0.2000,0.6474,0.040521
0.5200,0.2000,0.7260,0.035468
0.5200,0.2000,0.7961,0.037568
0.5200,0.2000,0.8569,0.027427
0.5200,0.2000,0.9076,0.027699
0.5200,0.2000,0.9477,0.029992
0.5200,0.2000,0.9766,0.027286
0.5200,0.2000,0.9941,0.026385
0.5200,0.2000,1.0000,0.029480
0.5200,0.2533,-1.0000,0.018677
0.5200,0.2533,-0.9941,0.020620
0.5200,0.2533,-0.9766,0.129831
0.5200,0.2533,-0.9477,0.019404
0.5200,0.2533,-0.9076,0.023826
0.5200,0.2533,-0.8569,0.018456
0.5200,0.2533,-0.7961,0.023179
0.5200,0.2533,-0.7260,0.019919
0.5200,0.2533,-0.6474,0.017399
0.5200,0.2533,-0.5612,0.022382
0.5200,0.2533,-0.4684,0.043899
0.5200,0.2533,-0.3701,0.117102
0.5200,0.2533,-0.2675,0.246001
0.5200,0.2533,-0.1618,0.518443
0.5200,0.2533,-0.0541,0.602052
0.5200,0.2533,0.0541,0.535434
0.5200,0.2533,0.1618,0.483160
0.5200,0.2533,0.2675,0.238259
0.5200,0.2533,0.3701,0.108657
0.5200,0.2533,0.4684,0.059180
0.5200,0.2533,0.5612,0.044936
0.5200,0.2533,0.6474,0.033478
0.5200,0.2533,0.7260,0.032283
0.5200,0.2533,0.7961,0.026056
0.5200,0.2533,0.8569,0.028386
0.5200,0.2533,0.9076,0.027857
0.5200,0.2533,0.9477,0.024768
0.5200,0.2533,0.9766,0.025508
0.5200,0.2533,0.9941,0.027653
0.5200,0.2533,1.0000,0.025986
0.5200,0.3067,-1.0000,0.117078
0.5200,0.3067,-0.9941,0.114469
0.5200,0.3067,-0.9766,0.016123
0.5200,0.3067,-0.9477,0.019816
0.5200,0.3067,-0.9076,0.017712
0.5200,0.3067,-0.8569,0.014357
0.5200,0.3067,-0.7961,0.015358
0.5200,0.3067,-0.7260,0.015986
0.5200,0.3067,-0.6474,0.016354
0.5200,0.3067,-0.5612,0.018199
0.5200,0.3067,-0.4684,0.034487
0.5200,0.3067,-0.3701,0.092814
0.5200,0.3067,-0.2675,0.227581
0.5200,0.3067,-0.1618,0.468999
0.5200,0.3067,-0.0541,0.502794
0.5200,0.3067,0.0541,0.447615
0.5200,0.3067,0.1618,0.417236
0.5200,0.3067,0.2675,0.214047
0.5200,0.3067,0.3701,0.105389
0.5200,0.3067,0.4684,0.061269
0.5200,0.3067,0.5612,0.037558
0.5200,0.3067,0.6474,0.031822
0.5200,0.3067,0.7260,0.028071
0.5200,0.3067,0.7961,0.027982
0.5200,0.3067,0.8569,0.025971
0.5200,0.3067,0.9076,0.026795
0.5200,0.3067,0.9477,0.021539
0.5200,0.3067,0.9766,0.023898
0.5200,0.3067,0.9941,0.021516
0.5200,0.3067,1.0000,0.021755
0.5200,0.3600,-1.0000,0.016008
0.5200,0.3600,-0.9941,0.015063
0.5200,0.3600,-0.9766,0.012463
0.5200,0.3600,-0.9477,0.011263
0.5200,0.3600,-0.9076,0.013901
0.5200,0.3600,-0.8569,0.012826
0.5200,0.3600,-0.7961,0.011265
0.5200,0.3600,-0.7260,0.010137
0.5200,0.3600,-0.6474,0.011912
0.5200,0.3600,-0.5612,0.040275
0.5200,0.3600,-0.4684,0.027119
0.5200,0.3600,-0.3701,0.081052
0.5200,0.3600,-0.2675,0.186204
0.5200,0.3600,-0.1618,0.357945
0.5200,0.3600,-0.0541,0.353132
0.5200,0.3600,0.0541,0.311421
0.5200,0.3600,0.1618,0.303837
0.5200,0.3600,0.2675,0.176794
0.5200,0.3600,0.3701,0.082047
0.5200,0.3600,0.4684,0.069224
0.5200,0.3600,0.5612,0.044865
0.5200,0.3600,0.6474,0.042788
0.5200,0.3600,0.7260,0.061278
0.5200,0.3600,0.7961,0.069025
0.5200,0.3600,0.8569,0.081230
0.5200,0.3600,0.9076,0.111532
0.5200,0.3600,0.9477,0.112265
0.5200,0.3600,0.9766,0.120434
0.5200,0.3600,0.9941,0.115891
0.5200,0.3600,1.0000,0.131272
0.5200,0.4133,-1.0000,0.219664
0.5200,0.4133,-0.9941,0.215783
0.5200,0.4133,-0.9766,0.385237
0.5200,0.4133,-0.9477,0.498361
0.5200,0.4133,-0.9076,0.593010
0.5200,0.4133,-0.8569,0.663227
0.5200,0.4133,-0.7961,0.717159
0.5200,0.4133,-0.7260,0.750818
0.5200,0.4133,-0.6474,0.784853
0.5200,0.4133,-0.5612,0.790940
0.5200,0.4133,-0.4684,0.782697
0.5200,0.4133,-0.3701,0.759020
0.5200,0.4133,-0.2675,0.704282
0.5200,0.4133,-0.1618,0.624793
0.5200,0.4133,-0.0541,0.461707
0.5200,0.4133,0.0541,0.275117
0.5200,0.4133,0.1618,0.273310
0.5200,0.4133,0.2675,0.270293
0.5200,0.4133,0.3701,0.267698
0.5200,0.4133,0.4684,0.264712
0.5200,0.4133,0.5612,0.260609
0.5200,0.4133,0.6474,0.259246
0.5200,0.4133,0.7260,0.256794
0.5200,0.4133,0.7961,0.257151
0.5200,0.4133,0.8569,0.254560
0.5200,0.4133,0.9076,0.252968
0.5200,0.4133,0.9477,0.254359
0.5200,0.4133,0.9766,0.248949
0.5200,0.4133,0.9941,0.251116
0.5200,0.4133,1.0000,0.248873
0.5200,0.4667,-1.0000,0.871114
0.5200,0.4667,-0.9941,0.870521
0.5200,0.4667,-0.9766,0.867217
0.5200,0.4667,-0.9477,0.863370
0.5200,0.4667,-0.9076,0.855755
0.5200,0.4667,-0.8569,0.851108
0.5200,0.4667,-0.7961,0.840461
0.5200,0.4667,-0.7260,0.825921
0.5200,0.4667,-0.6474,0.810774
0.5200,0.4667,-0.5612,0.789144
0.5200,0.4667,-0.4684,0.759541
0.5200,0.4667,-0.3701,0.723167
0.5200,0.4667,-0.2675,0.665013
0.5200,0.4667,-0.1618,0.571655
0.5200,0.4667,-0.0541,0.369755
0.5200,0.4667,0.0541,0.200454
0.5200,0.4667,0.1618,0.200213
0.5200,0.4667,0.2675,0.199009
0.5200,0.4667,0.3701,0.209080
0.5200,0.4667,0.4684,0.201595
0.5200,0.4667,0.5612,0.189493
0.5200,0.4667,0.6474,0.189601
0.5200,0.4667,0.7260,0.188883
0.5200,0.4667,0.7961,0.183623
0.5200,0.4667,0.8569,0.181772
0.5200,0.4667,0.9076,0.196039
0.5200,0.4667,0.9477,0.177261
0.5200,0.4667,0.9766,0.175905
0.5200,0.4667,0.9941,0.176025
0.5200,0.4667,1.0000,0.172742
0.5200,0.5200,-1.0000,0.964378
0.5200,0.5200,-0.9941,0.961563
0.5200,0.5200,-0.9766,0.958710
0.5200,0.5200,-0.9477,0.957005
0.5200,0.5200,-0.9076,0.955235
0.5200,0.5200,-0.8569,0.954204
0.5200,0.5200,-0.7961,0.952562
0.5200,0.5200,-0.7260,0.951663
0.5200,0.5200,-0.6474,0.950645
0.5200,0.5200,-0.5612,0.950718
0.5200,0.5200,-0.4684,0.949497
0.5200,0.5200,-0.3701,0.951106
0.5200,0.5200,-0.2675,0.949665
0.5200,0.5200,-0.1618,0.951144
0.5200,0.5200,-0.0541,0.952881
0.5200,0.5200,0.0541,0.953827
0.5200,0.5200,0.1618,0.954178
0.5200,0.5200,0.2675,0.955614
0.5200,0.5200,0.3701,0.958357
0.5200,0.5200,0.4684,0.960396
0.5200,0.5200,0.5612,0.962960
0.5200,0.5200,0.6474,0.966932
0.5200,0.5200,0.7260,0.968924
0.5200,0.5200,0.7961,0.971204
0.5200,0.5200,0.8569,0.975488
0.5200,0.5200,0.9076,0.977978
0.5200,0.5200,0.9477,0.981715
0.5200,0.5200,0.9766,0.983910
0.5200,0.5200,0.9941,0.987244
0.5200,0.5200,1.0000,0.988787
0.5733,0.2000,-1.0000,0.023894
0.5733,0.2000,-0.9941,0.024753
0.5733,0.2000,-0.9766,0.023821
0.5733,0.2000,-0.9477,0.024656
0.5733,0.2000,-0.9076,0.025221
0.5733,0.2000,-0.8569,0.024343
0.5733,0.2000,-0.7961,0.019248
0.5733,0.2000,-0.7260,0.021887
0.5733,0.2000,-0.6474,0.021895
0.5733,0.2000,-0.5612,0.030641
0.5733,0.2000,-0.4684,0.047228
0.5733,0.2000,-0.3701,0.123153
0.5733,0.2000,-0.2675,0.278646
0.5733,0.2000,-0.1618,0.583596
0.5733,0.2000,-0.0541,0.729322
0.5733,0.2000,0.0541,0.651609
0.5733,0.2000,0.1618,0.553383
0.5733,0.2000,0.2675,0.280129
0.5733,0.2000,0.3701,0.131129
0.5733,0.2000,0.4684,0.065838
0.5733,0.2000,0.5612,0.040848
0.5733,0.2000,0.6474,0.035614
0.5733,0.2000,0.7260,0.035400
0.5733,0.2000,0.7961,0.031949
0.5733,0.2000,0.8569,0.030546
0.5733,0.2000,0.9076,0.031289
0.5733,0.2000,0.9477,0.028791
0.5733,0.2000,0.9766,0.030795
0.5733,0.2000,0.9941,0.027175
0.5733,0.2000,1.0000,0.029282
0.5733,0.2533,-1.0000,0.023044
0.5733,0.2533,-0.9941,0.021033
0.5733,0.2533,-0.9766,0.025866
0.5733,0.2533,-0.9477,0.021354
0.5733,0.2533,-0.9076,0.023707
0.5733,0.2533,-0.8569,0.019313
0.5733,0.2533,-0.7961,0.019691
0.5733,0.2533,-0.7260,0.021704
0.5733,0.2533,-0.6474,0.022191
0.5733,0.2533,-0.5612,0.029858
0.5733,0.2533,-0.4684,0.049753
0.5733,0.2533,-0.3701,0.108550
0.5733,0.2533,-0.2675,0.258119
0.5733,0.2533,-0.1618,0.559250
0.5733,0.2533,-0.0541,0.679066
0.5733,0.2533,0.0541,0.609869
0.5733,0.2533,0.1618,0.532427
0.5733,0.2533,0.2675,0.268163
0.5733,0.2533,0.3701,0.125823
0.5733,0.2533,0.4684,0.066543
0.5733,0.2533,0.5612,0.043913
0.5733,0.2533,0.6474,0.039119
0.5733,0.2533,0.7260,0.033353
0.5733,0.2533,0.7961,0.031497
0.5733,0.2533,0.8569,0.030468
0.5733,0.2533,0.9076,0.029647
0.5733,0.2533,0.9477,0.025964
0.5733,0.2533,0.9766,0.027654
0.5733,0.2533,0.9941,0.025471
0.5733,0.2533,1.0000,0.024677
0.5733,0.3067,-1.0000,0.018575
0.5733,0.3067,-0.9941,0.031065
0.5733,0.3067,-0.9766,0.132935
0.5733,0.3067,-0.9477,0.018100
0.5733,0.3067,-0.9076,0.016725
0.5733,0.3067,-0.8569,0.020285
0.5733,0.3067,-0.7961,0.017414
0.5733,0.3067,-0.7260,0.020213
0.5733,0.3067,-0.6474,0.019235
0.5733,0.3067,-0.5612,0.022530
0.5733,0.3067,-0.4684,0.046839
0.5733,0.3067,-0.3701,0.105091
0.5733,0.3067,-0.2675,0.249751
0.5733,0.3067,-0.1618,0.526836
0.5733,0.3067,-0.0541,0.611350
0.5733,0.3067,0.0541,0.551079
0.5733,0.3067,0.1618,0.496032
0.5733,0.3067,0.2675,0.228230
0.5733,0.3067,0.3701,0.121745
0.5733,0.3067,0.4684,0.059076
0.5733,0.3067,0.5612,0.046252
0.5733,0.3067,0.6474,0.034569
0.5733,0.3067,0.7260,0.028944
0.5733,0.3067,0.7961,0.028626
0.5733,0.3067,0.8569,0.026830
0.5733,0.3067,0.9076,0.028628
0.5733,0.3067,0.9477,0.023789
0.5733,0.3067,0.9766,0.022243
0.5733,0.3067,0.9941,0.023485
0.5733,0.3067,1.0000,0.021547
0.5733,0.3600,-1.0000,0.017123
0.5733,0.3600,-0.9941,0.018283
0.5733,0.3600,-0.9766,0.014876
0.5733,0.3600,-0.9477,0.014804
0.5733,0.3600,-0.9076,0.015711
0.5733,0.3600,-0.8569,0.016667
0.5733,0.3600,-0.7961,0.017235
0.5733,0.3600,-0.7260,0.014233
0.5733,0.3600,-0.6474,0.017847
0.5733,0.3600,-0.5612,0.020366
0.5733,0.3600,-0.4684,0.035730
0.5733,0.3600,-0.3701,0.111836
0.5733,0.3600,-0.2675,0.210190
0.5733,0.3600,-0.1618,0.460198
0.5733,0.3600,-0.0541,0.509591
0.5733,0.3600,0.0541,0.457943
0.5733,0.3600,0.1618,0.431212
0.5733,0.3600,0.2675,0.204806
0.5733,0.3600,0.3701,0.102663
0.5733,0.3600,0.4684,0.059317
0.5733,0.3600,0.5612,0.037248
0.5733,0.3600,0.6474,0.034067
0.5733,0.3600,0.7260,0.024753
0.5733,0.3600,0.7961,0.022979
0.5733,0.3600,0.8569,0.022865
0.5733,0.3600,0.9076,0.020692
0.5733,0.3600,0.9477,0.021756
0.5733,0.3600,0.9766,0.019159
0.5733,0.3600,0.9941,0.020642
0.5733,0.3600,1.0000,0.017500
0.5733,0.4133,-1.0000,0.013830
0.5733,0.4133,-0.9941,0.013985
0.5733,0.4133,-0.9766,0.012538
0.5733,0.4133,-0.9477,0.012601
0.5733,0.4133,-0.9076,0.010560
0.5733,0.4133,-0.8569,0.009796
0.5733,0.4133,-0.7961,0.009968
0.5733,0.4133,-0.7260,0.010078
0.5733,0.4133,-0.6474,0.041450
0.5733,0.4133,-0.5612,0.013935
0.5733,0.4133,-0.4684,0.030642
0.5733,0.4133,-0.3701,0.083058
0.5733,0.4133,-0.2675,0.187091
0.5733,0.4133,-0.1618,0.364550
0.5733,0.4133,-0.0541,0.333789
0.5733,0.4133,0.0541,0.286064
0.5733,0.4133,0.1618,0.293279
0.5733,0.4133,0.2675,0.187563
0.5733,0.4133,0.3701,0.154884
0.5733,0.4133,0.4684,0.157974
0.5733,0.4133,0.5612,0.188992
0.5733,0.4133,0.6474,0.199702
0.5733,0.4133,0.7260,0.223395
0.5733,0.4133,0.7961,0.224464
0.5733,0.4133,0.8569,0.238859
0.5733,0.4133,0.9076,0.228981
0.5733,0.4133,0.9477,0.227242
0.5733,0.4133,0.9766,0.222930
0.5733,0.4133,0.9941,0.228695
0.5733,0.4133,1.0000,0.216201
0.5733,0.4667,-1.0000,0.733151
0.5733,0.4667,-0.9941,0.784282
0.5733,0.4667,-0.9766,0.800691
0.5733,0.4667,-0.9477,0.828956
0.5733,0.4667,-0.9076,0.841222
0.5733,0.4667,-0.8569,0.848730
0.5733,0.4667,-0.7961,0.850069
0.5733,0.4667,-0.7260,0.851253
0.5733,0.4667,-0.6474,0.836392
0.5733,0.4667,-0.5612,0.819014
0.5733,0.4667,-0.4684,0.794314
0.5733,0.4667,-0.3701,0.762271
0.5733,0.4667,-0.2675,0.709177
0.5733,0.4667,-0.1618,0.626266
0.5733,0.4667,-0.0541,0.461366
0.5733,0.4667,0.0541,0.271163
0.5733,0.4667,0.1618,0.269364
0.5733,0.4667,0.2675,0.270685
0.5733,0.4667,0.3701,0.264528
0.5733,0.4667,0.4684,0.263596
0.5733,0.4667,0.5612,0.260775
0.5733,0.4667,0.6474,0.259596
0.5733,0.4667,0.7260,0.256917
0.5733,0.4667,0.7961,0.256966
0.5733,0.4667,0.8569,0.257830
0.5733,0.4667,0.9076,0.254646
0.5733,0.4667,0.9477,0.254020
0.5733,0.4667,0.9766,0.250815
0.5733,0.4667,0.9941,0.247602
0.5733,0.4667,1.0000,0.249983
0.5733,0.5200,-1.0000,0.867320
0.5733,0.5200,-0.9941,0.867934
0.5733,0.5200,-0.9766,0.863817
0.5733,0.5200,-0.9477,0.857043
0.5733,0.5200,-0.9076,0.851708
0.5733,0.5200,-0.8569,0.842994
0.5733,0.5200,-0.7961,0.833763
0.5733,0.5200,-0.7260,0.820893
0.5733,0.5200,-0.6474,0.801958
0.5733,0.5200,-0.5612,0.780127
0.5733,0.5200,-0.4684,0.749704
0.5733,0.5200,-0.3701,0.710405
0.5733,0.5200,-0.2675,0.652314
0.5733,0.5200,-0.1618,0.562765
0.5733,0.5200,-0.0541,0.372578
0.5733,0.5200,0.0541,0.201780
0.5733,0.5200,0.1618,0.202289
0.5733,0.5200,0.2675,0.197449
0.5733,0.5200,0.3701,0.196105
0.5733,0.5200,0.4684,0.194421
0.5733,0.5200,0.5612,0.191665
0.5733,0.5200,0.6474,0.189306
0.5733,0.5200,0.7260,0.187596
0.5733,0.5200,0.7961,0.184504
0.5733,0.5200,0.8569,0.181961
0.5733,0.5200,0.9076,0.179261
0.5733,0.5200,0.9477,0.175277
0.5733,0.5200,0.9766,0.174254
0.5733,0.5200,0.9941,0.169649
0.5733,0.5200,1.0000,0.167591
0.5733,0.5733,-1.0000,0.953849
0.5733,0.5733,-0.9941,0.951338
0.5733,0.5733,-0.9766,0.950258
0.5733,0.5733,-0.9477,0.948725
0.5733,0.5733,-0.9076,0.947442
0.5733,0.5733,-0.8569,0.946735
0.5733,0.5733,-0.7961,0.946470
0.5733,0.5733,-0.7260,0.946443
0.5733,0.5733,-0.6474,0.946479
0.5733,0.5733,-0.5612,0.946784
0.5733,0.5733,-0.4684,0.947154
0.5733,0.5733,-0.3701,0.947882
0.5733,0.5733,-0.2675,0.948041
0.5733,0.5733,-0.1618,0.949789
0.5733,0.5733,-0.0541,0.950507
0.5733,0.5733,0.0541,0.953163
0.5733,0.5733,0.1618,0.954235
0.5733,0.5733,0.2675,0.956729
0.5733,0.5733,0.3701,0.957326
0.5733,0.5733,0.4684,0.958695
0.5733,0.5733,0.5612,0.959114
0.5733,0.5733,0.6474,0.961006
0.5733,0.5733,0.7260,0.962278
0.5733,0.5733,0.7961,0.965389
0.5733,0.5733,0.8569,0.966460
0.5733,0.5733,0.9076,0.968061
0.5733,0.5733,0.9477,0.969003
0.5733,0.5733,0.9766,0.972109
0.5733,0.5733,0.9941,0.973701
0.5733,0.5733,1.0000,0.974469
0.6267,0.2000,-1.0000,0.026188
0.6267,0.2000,-0.9941,0.025033
0.6267,0.2000,-0.9766,0.024122
0.6267,0.2000,-0.9477,0.024551
0.6267,0.2000,-0.9076,0.029053
0.6267,0.2000,-0.8569,0.025320
0.6267,0.2000,-0.7961,0.021460
0.6267,0.2000,-0.7260,0.022062
0.6267,0.2000,-0.6474,0.019255
0.6267,0.2000,-0.5612,0.030839
0.6267,0.2000,-0.4684,0.051321
0.6267,0.2000,-0.3701,0.126736
0.6267,0.2000,-0.2675,0.295449
0.6267,0.2000,-0.1618,0.605533
0.6267,0.2000,-0.0541,0.765992
0.6267,0.2000,0.0541,0.688884
0.6267,0.2000,0.1618,0.569338
0.6267,0.2000,0.2675,0.289329
0.6267,0.2000,0.3701,0.134612
0.6267,0.2000,0.4684,0.071219
0.6267,0.2000,0.5612,0.041267
0.6267,0.2000,0.6474,0.034136
0.6267,0.2000,0.7260,0.037369
0.6267,0.2000,0.7961,0.036906
0.6267,0.2000,0.8569,0.035843
0.6267,0.2000,0.9076,0.033497
0.6267,0.2000,0.9477,0.029220
0.6267,0.2000,0.9766,0.027830
0.6267,0.2000,0.9941,0.025850
0.6267,0.2000,1.0000,0.028852
0.6267,0.2533,-1.0000,0.023617
0.6267,0.2533,-0.9941,0.025911
0.6267,0.2533,-0.9766,0.027110
0.6267,0.2533,-0.9477,0.023093
0.6267,0.2533,-0.9076,0.022994
0.6267,0.2533,-0.8569,0.022677
0.6267,0.2533,-0.7961,0.021994
0.6267,0.2533,-0.7260,0.027788
0.6267,0.2533,-0.6474,0.021543
0.6267,0.2533,-0.5612,0.028422
0.6267,0.2533,-0.4684,0.050611
0.6267,0.2533,-0.3701,0.123835
0.6267,0.2533,-0.2675,0.263015
0.6267,0.2533,-0.1618,0.593387
0.6267,0.2533,-0.0541,0.732903
0.6267,0.2533,0.0541,0.664102
0.6267,0.2533,0.1618,0.546313
0.6267,0.2533,0.2675,0.260004
0.6267,0.2533,0.3701,0.123362
0.6267,0.2533,0.4684,0.067266
0.6267,0.2533,0.5612,0.044676
0.6267,0.2533,0.6474,0.043448
0.6267,0.2533,0.7260,0.035509
0.6267,0.2533,0.7961,0.026336
0.6267,0.2533,0.8569,0.033562
0.6267,0.2533,0.9076,0.033203
0.6267,0.2533,0.9477,0.029326
0.6267,0.2533,0.9766,0.025965
0.6267,0.2533,0.9941,0.027889
0.6267,0.2533,1.0000,0.025224
0.6267,0.3067,-1.0000,0.024391
0.6267,0.3067,-0.9941,0.023577
0.6267,0.3067,-0.9766,0.022441
0.6267,0.3067,-0.9477,0.021375
0.6267,0.3067,-0.9076,0.021503
0.6267,0.3067,-0.8569,0.022118
0.6267,0.3067,-0.7961,0.021058
0.6267,0.3067,-0.7260,0.019307
0.6267,0.3067,-0.6474,0.021022
0.6267,0.3067,-0.5612,0.026819
0.6267,0.3067,-0.4684,0.043736
0.6267,0.3067,-0.3701,0.121325
0.6267,0.3067,-0.2675,0.270996
0.6267,0.3067,-0.1618,0.578663
0.6267,0.3067,-0.0541,0.682413
0.6267,0.3067,0.0541,0.615698
0.6267,0.3067,0.1618,0.532262
0.6267,0.3067,0.2675,0.254262
0.6267,0.3067,0.3701,0.120141
0.6267,0.3067,0.4684,0.060806
0.6267,0.3067,0.5612,0.044458
0.6267,0.3067,0.6474,0.033214
0.6267,0.3067,0.7260,0.032606
0.6267,0.3067,0.7961,0.031077
0.6267,0.3067,0.8569,0.031979
0.6267,0.3067,0.9076,0.028675
0.6267,0.3067,0.9477,0.027413
0.6267,0.3067,0.9766,0.028213
0.6267,0.3067,0.9941,0.022508
0.6267,0.3067,1.0000,0.025191
0.6267,0.3600,-1.0000,0.021059
0.6267,0.3600,-0.9941,0.034510
0.6267,0.3600,-0.9766,0.017110
0.6267,0.3600,-0.9477,0.019801
0.6267,0.3600,-0.9076,0.018093
0.6267,0.3600,-0.8569,0.020233
0.6267,0.3600,-0.7961,0.015964
0.6267,0.3600,-0.7260,0.019924
0.6267,0.3600,-0.6474,0.017729
0.6267,0.3600,-0.5612,0.023308
0.6267,0.3600,-0.4684,0.043253
0.6267,0.3600,-0.3701,0.099485
0.6267,0.3600,-0.2675,0.251167
0.6267,0.3600,-0.1618,0.532169
0.6267,0.3600,-0.0541,0.607688
0.6267,0.3600,0.0541,0.552917
0.6267,0.3600,0.1618,0.492497
0.6267,0.3600,0.2675,0.224903
0.6267,0.3600,0.3701,0.116900
0.6267,0.3600,0.4684,0.056154
0.6267,0.3600,0.5612,0.040675
0.6267,0.3600,0.6474,0.033876
0.6267,0.3600,0.7260,0.034722
0.6267,0.3600,0.7961,0.027004
0.6267,0.3600,0.8569,0.024422
0.6267,0.3600,0.9076,0.023019
0.6267,0.3600,0.9477,0.025937
0.6267,0.3600,0.9766,0.021267
0.6267,0.3600,0.9941,0.019458
0.6267,0.3600,1.0000,0.021709
0.6267,0.4133,-1.0000,0.016878
0.6267,0.4133,-0.9941,0.017636
0.6267,0.4133,-0.9766,0.015005
0.6267,0.4133,-0.9477,0.015472
0.6267,0.4133,-0.9076,0.014526
0.6267,0.4133,-0.8569,0.013312
0.6267,0.4133,-0.7961,0.012648
0.6267,0.4133,-0.7260,0.016640
0.6267,0.4133,-0.6474,0.015862
0.6267,0.4133,-0.5612,0.018145
0.6267,0.4133,-0.4684,0.037246
0.6267,0.4133,-0.3701,0.092373
0.6267,0.4133,-0.2675,0.232545
0.6267,0.4133,-0.1618,0.458598
0.6267,0.4133,-0.0541,0.499761
0.6267,0.4133,0.0541,0.448803
0.6267,0.4133,0.1618,0.419402
0.6267,0.4133,0.2675,0.207411
0.6267,0.4133,0.3701,0.117804
0.6267,0.4133,0.4684,0.055119
0.6267,0.4133,0.5612,0.036150
0.6267,0.4133,0.6474,0.026630
0.6267,0.4133,0.7260,0.027603
0.6267,0.4133,0.7961,0.021678
0.6267,0.4133,0.8569,0.018928
0.6267,0.4133,0.9076,0.018939
0.6267,0.4133,0.9477,0.018315
0.6267,0.4133,0.9766,0.018795
0.6267,0.4133,0.9941,0.021225
0.6267,0.4133,1.0000,0.023133
0.6267,0.4667,-1.0000,0.017185
0.6267,0.4667,-0.9941,0.014767
0.6267,0.4667,-0.9766,0.015811
0.6267,0.4667,-0.9477,0.009593
0.6267,0.4667,-0.9076,0.007814
0.6267,0.4667,-0.8569,0.009506
0.6267,0.4667,-0.7961,0.117622
0.6267,0.4667,-0.7260,0.128991
0.6267,0.4667,-0.6474,0.313107
0.6267,0.4667,-0.5612,0.366673
0.6267,0.4667,-0.4684,0.414408
0.6267,0.4667,-0.3701,0.502769
0.6267,0.4667,-0.2675,0.501898
0.6267,0.4667,-0.1618,0.537013
0.6267,0.4667,-0.0541,0.427101
0.6267,0.4667,0.0541,0.294137
0.6267,0.4667,0.1618,0.293530
0.6267,0.4667,0.2675,0.272889
0.6267,0.4667,0.3701,0.271616
0.6267,0.4667,0.4684,0.275634
0.6267,0.4667,0.5612,0.276886
0.6267,0.4667,0.6474,0.277754
0.6267,0.4667,0.7260,0.276733
0.6267,0.4667,0.7961,0.273234
0.6267,0.4667,0.8569,0.276469
0.6267,0.4667,0.9076,0.272925
0.6267,0.4667,0.9477,0.273618
0.6267,0.4667,0.9766,0.270563
0.6267,0.4667,0.9941,0.269596
0.6267,0.4667,1.0000,0.265639
0.6267,0.5200,-1.0000,0.875803
0.6267,0.5200,-0.9941,0.876907
0.6267,0.5200,-0.9766,0.882295
0.6267,0.5200,-0.9477,0.882389
0.6267,0.5200,-0.9076,0.879750
0.6267,0.5200,-0.8569,0.872214
0.6267,0.5200,-0.7961,0.867430
0.6267,0.5200,-0.7260,0.857993
0.6267,0.5200,-0.6474,0.841524
0.6267,0.5200,-0.5612,0.820210
0.6267,0.5200,-0.4684,0.797205
0.6267,0.5200,-0.3701,0.762444
0.6267,0.5200,-0.2675,0.710130
0.6267,0.5200,-0.1618,0.625372
0.6267,0.5200,-0.0541,0.459135
0.6267,0.5200,0.0541,0.270196
0.6267,0.5200,0.1618,0.268076
0.6267,0.5200,0.2675,0.267843
0.6267,0.5200,0.3701,0.264059
0.6267,0.5200,0.4684,0.264015
0.6267,0.5200,0.5612,0.260855
0.6267,0.5200,0.6474,0.260661
0.6267,0.5200,0.7260,0.258948
0.6267,0.5200,0.7961,0.255860
0.6267,0.5200,0.8569,0.256053
0.6267,0.5200,0.9076,0.255044
0.6267,0.5200,0.9477,0.252340
0.6267,0.5200,0.9766,0.252829
0.6267,0.5200,0.9941,0.250005
0.6267,0.5200,1.0000,0.249055
0.6267,0.5733,-1.0000,0.861080
0.6267,0.5733,-0.9941,0.859870
0.6267,0.5733,-0.9766,0.853749
0.6267,0.5733,-0.9477,0.849406
0.6267,0.5733,-0.9076,0.844175
0.6267,0.5733,-0.8569,0.834459
0.6267,0.5733,-0.7961,0.823077
0.6267,0.5733,-0.7260,0.810102
0.6267,0.5733,-0.6474,0.792673
0.6267,0.5733,-0.5612,0.769592
0.6267,0.5733,-0.4684,0.735186
0.6267,0.5733,-0.3701,0.702257
0.6267,0.5733,-0.2675,0.636891
0.6267,0.5733,-0.1618,0.543952
0.6267,0.5733,-0.0541,0.369528
0.6267,0.5733,0.0541,0.195882
0.6267,0.5733,0.1618,0.193660
0.6267,0.5733,0.2675,0.191557
0.6267,0.5733,0.3701,0.191004
0.6267,0.5733,0.4684,0.187893
0.6267,0.5733,0.5612,0.184864
0.6267,0.5733,0.6474,0.182539
0.6267,0.5733,0.7260,0.180913
0.6267,0.5733,0.7961,0.177766
0.6267,0.5733,0.8569,0.174409
0.6267,0.5733,0.9076,0.171810
0.6267,0.5733,0.9477,0.169227
0.6267,0.5733,0.9766,0.167536
0.6267,0.5733,0.9941,0.161911
0.6267,0.5733,1.0000,0.158916
0.6267,0.6267,-1.0000,0.949724
0.6267,0.6267,-0.9941,0.947252
0.6267,0.6267,-0.9766,0.945110
0.6267,0.6267,-0.9477,0.944538
0.6267,0.6267,-0.9076,0.942512
0.6267,0.6267,-0.8569,0.941514
0.6267,0.6267,-0.7961,0.941356
0.6267,0.6267,-0.7260,0.941321
0.6267,0.6267,-0.6474,0.940519
0.6267,0.6267,-0.5612,0.940676
0.6267,0.6267,-0.4684,0.940572
0.6267,0.6267,-0.3701,0.941598
0.6267,0.6267,-0.2675,0.942772
0.6267,0.6267,-0.1618,0.943958
0.6267,0.6267,-0.0541,0.944357
0.6267,0.6267,0.0541,0.946384
0.6267,0.6267,0.1618,0.947595
0.6267,0.6267,0.2675,0.948715
0.6267,0.6267,0.3701,0.950573
0.6267,0.6267,0.4684,0.951594
0.6267,0.6267,0.5612,0.953758
0.6267,0.6267,0.6474,0.956052
0.6267,0.6267,0.7260,0.956296
0.6267,0.6267,0.7961,0.958831
0.6267,0.6267,0.8569,0.960400
0.6267,0.6267,0.9076,0.961515
0.6267,0.6267,0.9477,0.963728
0.6267,0.6267,0.9766,0.965935
0.6267,0.6267,0.9941,0.968578
0.6267,0.6267,1.0000,0.970710
0.6800,0.2000,-1.0000,0.026648
0.6800,0.2000,-0.9941,0.026273
0.6800,0.2000,-0.9766,0.028511
0.6800,0.2000,-0.9477,0.026353
0.6800,0.2000,-0.9076,0.025316
0.6800,0.2000,-0.8569,0.025790
0.6800,0.2000,-0.7961,0.027072
0.6800,0.2000,-0.7260,0.026574
0.6800,0.2000,-0.6474,0.026315
0.6800,0.2000,-0.5612,0.029250
0.6800,0.2000,-0.4684,0.049550
0.6800,0.2000,-0.3701,0.127761
0.6800,0.2000,-0.2675,0.305029
0.6800,0.2000,-0.1618,0.626892
0.6800,0.2000,-0.0541,0.798677
0.6800,0.2000,0.0541,0.727569
0.6800,0.2000,0.1618,0.573534
0.6800,0.2000,0.2675,0.273234
0.6800,0.2000,0.3701,0.144438
0.6800,0.2000,0.4684,0.069239
0.6800,0.2000,0.5612,0.046453
0.6800,0.2000,0.6474,0.039788
0.6800,0.2000,0.7260,0.037418
0.6800,0.2000,0.7961,0.033568
0.6800,0.2000,0.8569,0.031112
0.6800,0.2000,0.9076,0.034816
0.6800,0.2000,0.9477,0.033128
0.6800,0.2000,0.9766,0.033319
0.6800,0.2000,0.9941,0.030547
0.6800,0.2000,1.0000,0.029061
0.6800,0.2533,-1.0000,0.026079
0.6800,0.2533,-0.9941,0.025187
0.6800,0.2533,-0.9766,0.025846
0.6800,0.2533,-0.9477,0.025371
0.6800,0.2533,-0.9076,0.026799
0.6800,0.2533,-0.8569,0.024797
0.6800,0.2533,-0.7961,0.024701
0.6800,0.2533,-0.7260,0.024399
0.6800,0.2533,-0.6474,0.023670
0.6800,0.2533,-0.5612,0.025551
0.6800,0.2533,-0.4684,0.046873
0.6800,0.2533,-0.3701,0.128119
0.6800,0.2533,-0.2675,0.288216
0.6800,0.2533,-0.1618,0.617881
0.6800,0.2533,-0.0541,0.766817
0.6800,0.2533,0.0541,0.700357
0.6800,0.2533,0.1618,0.565763
0.6800,0.2533,0.2675,0.283017
0.6800,0.2533,0.3701,0.129105
0.6800,0.2533,0.4684,0.069115
0.6800,0.2533,0.5612,0.046309
0.6800,0.2533,0.6474,0.041400
0.6800,0.2533,0.7260,0.040361
0.6800,0.2533,0.7961,0.031650
0.6800,0.2533,0.8569,0.029963
0.6800,0.2533,0.9076,0.031356
0.6800,0.2533,0.9477,0.030691
0.6800,0.2533,0.9766,0.030628
0.6800,0.2533,0.9941,0.032155
0.6800,0.2533,1.0000,0.032319
0.6800,0.3067,-1.0000,0.021155
0.6800,0.3067,-0.9941,0.024235
0.6800,0.3067,-0.9766,0.023311
0.6800,0.3067,-0.9477,0.021402
0.6800,0.3067,-0.9076,0.020591
0.6800,0.3067,-0.8569,0.024066
0.6800,0.3067,-0.7961,0.023973
0.6800,0.3067,-0.7260,0.023678
0.6800,0.3067,-0.6474,0.024802
0.6800,0.3067,-0.5612,0.031570
0.6800,0.3067,-0.4684,0.046756
0.6800,0.3067,-0.3701,0.121388
0.6800,0.3067,-0.2675,0.284386
0.6800,0.3067,-0.1618,0.593273
0.6800,0.3067,-0.0541,0.733570
0.6800,0.3067,0.0541,0.668676
0.6800,0.3067,0.1618,0.561219
0.6800,0.3067,0.2675,0.268578
0.6800,0.3067,0.3701,0.129269
0.6800,0.3067,0.4684,0.066061
0.6800,0.3067,0.5612,0.042545
0.6800,0.3067,0.6474,0.035301
0.6800,0.3067,0.7260,0.036999
0.6800,0.3067,0.7961,0.035653
0.6800,0.3067,0.8569,0.030807
0.6800,0.3067,0.9076,0.027798
0.6800,0.3067,0.9477,0.028365
0.6800,0.3067,0.9766,0.026346
0.6800,0.3067,0.9941,0.026973
0.6800,0.3067,1.0000,0.026456
0.6800,0.3600,-1.0000,0.020730
0.6800,0.3600,-0.9941,0.024487
0.6800,0.3600,-0.9766,0.023723
0.6800,0.3600,-0.9477,0.023145
0.6800,0.3600,-0.9076,0.021278
0.6800,0.3600,-0.8569,0.019687
0.6800,0.3600,-0.7961,0.020799
0.6800,0.3600,-0.7260,0.022230
0.6800,0.3600,-0.6474,0.019436
0.6800,0.3600,-0.5612,0.024098
0.6800,0.3600,-0.4684,0.045541
0.6800,0.3600,-0.3701,0.123003
0.6800,0.3600,-0.2675,0.256469
0.6800,0.3600,-0.1618,0.558212
0.6800,0.3600,-0.0541,0.671412
0.6800,0.3600,0.0541,0.617166
0.6800,0.3600,0.1618,0.540953
0.6800,0.3600,0.2675,0.273830
0.6800,0.3600,0.3701,0.121915
0.6800,0.3600,0.4684,0.065248
0.6800,0.3600,0.5612,0.038403
0.6800,0.3600,0.6474,0.033368
0.6800,0.3600,0.7260,0.031337
0.6800,0.3600,0.7961,0.030431
0.6800,0.3600,0.8569,0.027735
0.6800,0.3600,0.9076,0.026341
0.6800,0.3600,0.9477,0.028974
0.6800,0.3600,0.9766,0.024550
0.6800,0.3600,0.9941,0.025287
0.6800,0.3600,1.0000,0.024382
0.6800,0.4133,-1.0000,0.018505
0.6800,0.4133,-0.9941,0.017486
0.6800,0.4133,-0.9766,0.022291
0.6800,0.4133,-0.9477,0.016756
0.6800,0.4133,-0.9076,0.016177
0.6800,0.4133,-0.8569,0.018412
0.6800,0.4133,-0.7961,0.018911
0.6800,0.4133,-0.7260,0.018407
0.6800,0.4133,-0.6474,0.018385
0.6800,0.4133,-0.5612,0.020107
0.6800,0.4133,-0.4684,0.041304
0.6800,0.4133,-0.3701,0.107209
0.6800,0.4133,-0.2675,0.251500
0.6800,0.4133,-0.1618,0.511577
0.6800,0.4133,-0.0541,0.600208
0.6800,0.4133,0.0541,0.545035
0.6800,0.4133,0.1618,0.493068
0.6800,0.4133,0.2675,0.236372
0.6800,0.4133,0.3701,0.110032
0.6800,0.4133,0.4684,0.053229
0.6800,0.4133,0.5612,0.039005
0.6800,0.4133,0.6474,0.028483
0.6800,0.4133,0.7260,0.029003
0.6800,0.4133,0.7961,0.022353
0.6800,0.4133,0.8569,0.021682
0.6800,0.4133,0.9076,0.025067
0.6800,0.4133,0.9477,0.023650
0.6800,0.4133,0.9766,0.020007
0.6800,0.4133,0.9941,0.020850
0.6800,0.4133,1.0000,0.020500
0.6800,0.4667,-1.0000,0.015743
0.6800,0.4667,-0.9941,0.013825
0.6800,0.4667,-0.9766,0.014320
0.6800,0.4667,-0.9477,0.013891
0.6800,0.4667,-0.9076,0.013227
0.6800,0.4667,-0.8569,0.012554
0.6800,0.4667,-0.7961,0.016032
0.6800,0.4667,-0.7260,0.013856
0.6800,0.4667,-0.6474,0.015134
0.6800,0.4667,-0.5612,0.018903
0.6800,0.4667,-0.4684,0.030594
0.6800,0.4667,-0.3701,0.114184
0.6800,0.4667,-0.2675,0.219100
0.6800,0.4667,-0.1618,0.444959
0.6800,0.4667,-0.0541,0.470381
0.6800,0.4667,0.0541,0.427188
0.6800,0.4667,0.1618,0.408843
0.6800,0.4667,0.2675,0.195887
0.6800,0.4667,0.3701,0.097022
0.6800,0.4667,0.4684,0.052949
0.6800,0.4667,0.5612,0.039028
0.6800,0.4667,0.6474,0.036428
0.6800,0.4667,0.7260,0.031001
0.6800,0.4667,0.7961,0.032629
0.6800,0.4667,0.8569,0.052706
0.6800,0.4667,0.9076,0.059466
0.6800,0.4667,0.9477,0.056057
0.6800,0.4667,0.9766,0.062152
0.6800,0.4667,0.9941,0.064011
0.6800,0.4667,1.0000,0.072400
0.6800,0.5200,-1.0000,0.422230
0.6800,0.5200,-0.9941,0.510693
0.6800,0.5200,-0.9766,0.570790
0.6800,0.5200,-0.9477,0.591703
0.6800,0.5200,-0.9076,0.671515
0.6800,0.5200,-0.8569,0.722437
0.6800,0.5200,-0.7961,0.750390
0.6800,0.5200,-0.7260,0.774283
0.6800,0.5200,-0.6474,0.774094
0.6800,0.5200,-0.5612,0.769275
0.6800,0.5200,-0.4684,0.756415
0.6800,0.5200,-0.3701,0.741274
0.6800,0.5200,-0.2675,0.699156
0.6800,0.5200,-0.1618,0.626181
0.6800,0.5200,-0.0541,0.468823
0.6800,0.5200,0.0541,0.292232
0.6800,0.5200,0.1618,0.291240
0.6800,0.5200,0.2675,0.283987
0.6800,0.5200,0.3701,0.283189
0.6800,0.5200,0.4684,0.289852
0.6800,0.5200,0.5612,0.279907
0.6800,0.5200,0.6474,0.279088
0.6800,0.5200,0.7260,0.276950
0.6800,0.5200,0.7961,0.278711
0.6800,0.5200,0.8569,0.276550
0.6800,0.5200,0.9076,0.276328
0.6800,0.5200,0.9477,0.272844
0.6800,0.5200,0.9766,0.274002
0.6800,0.5200,0.9941,0.274160
0.6800,0.5200,1.0000,0.271686
0.6800,0.5733,-1.0000,0.898770
0.6800,0.5733,-0.9941,0.899220
0.6800,0.5733,-0.9766,0.895204
0.6800,0.5733,-0.9477,0.889821
0.6800,0.5733,-0.9076,0.882806
0.6800,0.5733,-0.8569,0.877111
0.6800,0.5733,-0.7961,0.868005
0.6800,0.5733,-0.7260,0.856312
0.6800,0.5733,-0.6474,0.841485
0.6800,0.5733,-0.5612,0.822426
0.6800,0.5733,-0.4684,0.796009
0.6800,0.5733,-0.3701,0.760049
0.6800,0.5733,-0.2675,0.707738
0.6800,0.5733,-0.1618,0.622662
0.6800,0.5733,-0.0541,0.457095
0.6800,0.5733,0.0541,0.268276
0.6800,0.5733,0.1618,0.270094
0.6800,0.5733,0.2675,0.265206
0.6800,0.5733,0.3701,0.263778
0.6800,0.5733,0.4684,0.262603
0.6800,0.5733,0.5612,0.262553
0.6800,0.5733,0.6474,0.259486
0.6800,0.5733,0.7260,0.256726
0.6800,0.5733,0.7961,0.254988
0.6800,0.5733,0.8569,0.253773
0.6800,0.5733,0.9076,0.251595
0.6800,0.5733,0.9477,0.252003
0.6800,0.5733,0.9766,0.249679
0.6800,0.5733,0.9941,0.247594
0.6800,0.5733,1.0000,0.245581
0.6800,0.6267,-1.0000,0.843727
0.6800,0.6267,-0.9941,0.844100
0.6800,0.6267,-0.9766,0.840771
0.6800,0.6267,-0.9477,0.836130
0.6800,0.6267,-0.9076,0.829506
0.6800,0.6267,-0.8569,0.819531
0.6800,0.6267,-0.7961,0.808390
0.6800,0.6267,-0.7260,0.794863
0.6800,0.6267,-0.6474,0.774530
0.6800,0.6267,-0.5612,0.751570
0.6800,0.6267,-0.4684,0.721267
0.6800,0.6267,-0.3701,0.677213
0.6800,0.6267,-0.2675,0.619222
0.6800,0.6267,-0.1618,0.523962
0.6800,0.6267,-0.0541,0.356616
0.6800,0.6267,0.0541,0.184894
0.6800,0.6267,0.1618,0.179806
0.6800,0.6267,0.2675,0.180702
0.6800,0.6267,0.3701,0.178561
0.6800,0.6267,0.4684,0.175653
0.6800,0.6267,0.5612,0.173411
0.6800,0.6267,0.6474,0.176901
0.6800,0.6267,0.7260,0.176250
0.6800,0.6267,0.7961,0.163967
0.6800,0.6267,0.8569,0.160031
0.6800,0.6267,0.9076,0.153169
0.6800,0.6267,0.9477,0.152935
0.6800,0.6267,0.9766,0.147805
0.6800,0.6267,0.9941,0.144164
0.6800,0.6267,1.0000,0.138838
0.6800,0.6800,-1.0000,0.949487
0.6800,0.6800,-0.9941,0.947228
0.6800,0.6800,-0.9766,0.945378
0.6800,0.6800,-0.9477,0.944244
0.6800,0.6800,-0.9076,0.942495
0.6800,0.6800,-0.8569,0.940896
0.6800,0.6800,-0.7961,0.940064
0.6800,0.6800,-0.7260,0.939701
0.6800,0.6800,-0.6474,0.939392
0.6800,0.6800,-0.5612,0.939405
0.6800,0.6800,-0.4684,0.940045
0.6800,0.6800,-0.3701,0.941000
0.6800,0.6800,-0.2675,0.941031
0.6800,0.6800,-0.1618,0.942329
0.6800,0.6800,-0.0541,0.943812
0.6800,0.6800,0.0541,0.944801
0.6800,0.6800,0.1618,0.946196
0.6800,0.6800,0.2675,0.947502
0.6800,0.6800,0.3701,0.949140
0.6800,0.6800,0.4684,0.951242
0.6800,0.6800,0.5612,0.952239
0.6800,0.6800,0.6474,0.953795
0.6800,0.6800,0.7260,0.955717
0.6800,0.6800,0.7961,0.957160
0.6800,0.6800,0.8569,0.959468
0.6800,0.6800,0.9076,0.961985
0.6800,0.6800,0.9477,0.963632
0.6800,0.6800,0.9766,0.965816
0.6800,0.6800,0.9941,0.968859
0.6800,0.6800,1.0000,0.971015
0.7333,0.2000,-1.0000,0.028300
0.7333,0.2000,-0.9941,0.027602
0.7333,0.2000,-0.9766,0.026726
0.7333,0.2000,-0.9477,0.031470
0.7333,0.2000,-0.9076,0.030298
0.7333,0.2000,-0.8569,0.029583
0.7333,0.2000,-0.7961,0.024881
0.7333,0.2000,-0.7260,0.028705
0.7333,0.2000,-0.6474,0.028032
0.7333,0.2000,-0.5612,0.029153
0.7333,0.2000,-0.4684,0.059772
0.7333,0.2000,-0.3701,0.145821
0.7333,0.2000,-0.2675,0.284475
0.7333,0.2000,-0.1618,0.635782
0.7333,0.2000,-0.0541,0.816909
0.7333,0.2000,0.0541,0.747622
0.7333,0.2000,0.1618,0.580297
0.7333,0.2000,0.2675,0.287016
0.7333,0.2000,0.3701,0.133551
0.7333,0.2000,0.4684,0.064917
0.7333,0.2000,0.5612,0.042565
0.7333,0.2000,0.6474,0.038381
0.7333,0.2000,0.7260,0.036507
0.7333,0.2000,0.7961,0.034946
0.7333,0.2000,0.8569,0.031781
0.7333,0.2000,0.9076,0.031672
0.7333,0.2000,0.9477,0.033927
0.7333,0.2000,0.9766,0.030658
0.7333,0.2000,0.9941,0.029873
0.7333,0.2000,1.0000,0.033010
0.7333,0.2533,-1.0000,0.027774
0.7333,0.2533,-0.9941,0.027044
0.7333,0.2533,-0.9766,0.029168
0.7333,0.2533,-0.9477,0.026589
0.7333,0.2533,-0.9076,0.028260
0.7333,0.2533,-0.8569,0.026337
0.7333,0.2533,-0.7961,0.029258
0.7333,0.2533,-0.7260,0.029621
0.7333,0.2533,-0.6474,0.026301
0.7333,0.2533,-0.5612,0.031776
0.7333,0.2533,-0.4684,0.056560
0.7333,0.2533,-0.3701,0.124315
0.7333,0.2533,-0.2675,0.286642
0.7333,0.2533,-0.1618,0.613560
0.7333,0.2533,-0.0541,0.795680
0.7333,0.2533,0.0541,0.726284
0.7333,0.2533,0.1618,0.589400
0.7333,0.2533,0.2675,0.294215
0.7333,0.2533,0.3701,0.136420
0.7333,0.2533,0.4684,0.064479
0.7333,0.2533,0.5612,0.044167
0.7333,0.2533,0.6474,0.041654
0.7333,0.2533,0.7260,0.035084
0.7333,0.2533,0.7961,0.037135
0.7333,0.2533,0.8569,0.030530
0.7333,0.2533,0.9076,0.030541
0.7333,0.2533,0.9477,0.034905
0.7333,0.2533,0.9766,0.034270
0.7333,0.2533,0.9941,0.027347
0.7333,0.2533,1.0000,0.030093
0.7333,0.3067,-1.0000,0.027483
0.7333,0.3067,-0.9941,0.024853
0.7333,0.3067,-0.9766,0.024488
0.7333,0.3067,-0.9477,0.025108
0.7333,0.3067,-0.9076,0.025188
0.7333,0.3067,-0.8569,0.022822
0.7333,0.3067,-0.7961,0.025339
0.7333,0.3067,-0.7260,0.025418
0.7333,0.3067,-0.6474,0.023706
0.7333,0.3067,-0.5612,0.027554
0.7333,0.3067,-0.4684,0.050017
0.7333,0.3067,-0.3701,0.124353
0.7333,0.3067,-0.2675,0.275844
0.7333,0.3067,-0.1618,0.627595
0.7333,0.3067,-0.0541,0.763493
0.7333,0.3067,0.0541,0.700051
0.7333,0.3067,0.1618,0.579363
0.7333,0.3067,0.2675,0.285118
0.7333,0.3067,0.3701,0.128757
0.7333,0.3067,0.4684,0.068003
0.7333,0.3067,0.5612,0.043966
0.7333,0.3067,0.6474,0.035938
0.7333,0.3067,0.7260,0.032566
0.7333,0.3067,0.7961,0.032808
0.7333,0.3067,0.8569,0.030542
0.7333,0.3067,0.9076,0.030024
0.7333,0.3067,0.9477,0.029583
0.7333,0.3067,0.9766,0.030090
0.7333,0.3067,0.9941,0.029617
0.7333,0.3067,1.0000,0.029859
0.7333,0.3600,-1.0000,0.024236
0.7333,0.3600,-0.9941,0.023912
0.7333,0.3600,-0.9766,0.023795
0.7333,0.3600,-0.9477,0.026118
0.7333,0.3600,-0.9076,0.022017
0.7333,0.3600,-0.8569,0.021275
0.7333,0.3600,-0.7961,0.022247
0.7333,0.3600,-0.7260,0.024255
0.7333,0.3600,-0.6474,0.022812
0.7333,0.3600,-0.5612,0.031599
0.7333,0.3600,-0.4684,0.045115
0.7333,0.3600,-0.3701,0.120333
0.7333,0.3600,-0.2675,0.278129
0.7333,0.3600,-0.1618,0.576021
0.7333,0.3600,-0.0541,0.720287
0.7333,0.3600,0.0541,0.657840
0.7333,0.3600,0.1618,0.558955
0.7333,0.3600,0.2675,0.273175
0.7333,0.3600,0.3701,0.128306
0.7333,0.3600,0.4684,0.064985
0.7333,0.3600,0.5612,0.042668
0.7333,0.3600,0.6474,0.033755
0.7333,0.3600,0.7260,0.035444
0.7333,0.3600,0.7961,0.033683
0.7333,0.3600,0.8569,0.028282
0.7333,0.3600,0.9076,0.028641
0.7333,0.3600,0.9477,0.026310
0.7333,0.3600,0.9766,0.025832
0.7333,0.3600,0.9941,0.027059
0.7333,0.3600,1.0000,0.024031
0.7333,0.4133,-1.0000,0.017945
0.7333,0.4133,-0.9941,0.022017
0.7333,0.4133,-0.9766,0.019840
0.7333,0.4133,-0.9477,0.021247
0.7333,0.4133,-0.9076,0.021739
0.7333,0.4133,-0.8569,0.019248
0.7333,0.4133,-0.7961,0.021725
0.7333,0.4133,-0.7260,0.019873
0.7333,0.4133,-0.6474,0.021551
0.7333,0.4133,-0.5612,0.027019
0.7333,0.4133,-0.4684,0.047696
0.7333,0.4133,-0.3701,0.110938
0.7333,0.4133,-0.2675,0.272243
0.7333,0.4133,-0.1618,0.555189
0.7333,0.4133,-0.0541,0.663729
0.7333,0.4133,0.0541,0.611831
0.7333,0.4133,0.1618,0.517623
0.7333,0.4133,0.2675,0.253554
0.7333,0.4133,0.3701,0.117234
0.7333,0.4133,0.4684,0.065933
0.7333,0.4133,0.5612,0.038695
0.7333,0.4133,0.6474,0.030385
0.7333,0.4133,0.7260,0.032308
0.7333,0.4133,0.7961,0.027043
0.7333,0.4133,0.8569,0.025134
0.7333,0.4133,0.9076,0.027883
0.7333,0.4133,0.9477,0.024583
0.7333,0.4133,0.9766,0.023273
0.7333,0.4133,0.9941,0.022718
0.7333,0.4133,1.0000,0.023918
0.7333,0.4667,-1.0000,0.016729
0.7333,0.4667,-0.9941,0.016464
0.7333,0.4667,-0.9766,0.016600
0.7333,0.4667,-0.9477,0.017712
0.7333,0.4667,-0.9076,0.016829
0.7333,0.4667,-0.8569,0.016237
0.7333,0.4667,-0.7961,0.018245
0.7333,0.4667,-0.7260,0.017894
0.7333,0.4667,-0.6474,0.018872
0.7333,0.4667,-0.5612,0.023798
0.7333,0.4667,-0.4684,0.044740
0.7333,0.4667,-0.3701,0.101090
0.7333,0.4667,-0.2675,0.264514
0.7333,0.4667,-0.1618,0.528495
0.7333,0.4667,-0.0541,0.583174
0.7333,0.4667,0.0541,0.533926
0.7333,0.4667,0.1618,0.476125
0.7333,0.4667,0.2675,0.229872
0.7333,0.4667,0.3701,0.114883
0.7333,0.4667,0.4684,0.054489
0.7333,0.4667,0.5612,0.037974
0.7333,0.4667,0.6474,0.029643
0.7333,0.4667,0.7260,0.023811
0.7333,0.4667,0.7961,0.023796
0.7333,0.4667,0.8569,0.020066
0.7333,0.4667,0.9076,0.024407
0.7333,0.4667,0.9477,0.018571
0.7333,0.4667,0.9766,0.020505
0.7333,0.4667,0.9941,0.019073
0.7333,0.4667,1.0000,0.018496
0.7333,0.5200,-1.0000,0.012065
0.7333,0.5200,-0.9941,0.011821
0.7333,0.5200,-0.9766,0.011052
0.7333,0.5200,-0.9477,0.012080
0.7333,0.5200,-0.9076,0.013049
0.7333,0.5200,-0.8569,0.011795
0.7333,0.5200,-0.7961,0.012431
0.7333,0.5200,-0.7260,0.013235
0.7333,0.5200,-0.6474,0.096922
0.7333,0.5200,-0.5612,0.081589
0.7333,0.5200,-0.4684,0.124854
0.7333,0.5200,-0.3701,0.136221
0.7333,0.5200,-0.2675,0.271696
0.7333,0.5200,-0.1618,0.431206
0.7333,0.5200,-0.0541,0.434868
0.7333,0.5200,0.0541,0.371995
0.7333,0.5200,0.1618,0.364756
0.7333,0.5200,0.2675,0.215455
0.7333,0.5200,0.3701,0.173782
0.7333,0.5200,0.4684,0.166697
0.7333,0.5200,0.5612,0.187430
0.7333,0.5200,0.6474,0.197017
0.7333,0.5200,0.7260,0.203820
0.7333,0.5200,0.7961,0.210566
0.7333,0.5200,0.8569,0.223943
0.7333,0.5200,0.9076,0.233144
0.7333,0.5200,0.9477,0.238564
0.7333,0.5200,0.9766,0.241043
0.7333,0.5200,0.9941,0.248223
0.7333,0.5200,1.0000,0.244814
0.7333,0.5733,-1.0000,0.825757
0.7333,0.5733,-0.9941,0.836851
0.7333,0.5733,-0.9766,0.846900
0.7333,0.5733,-0.9477,0.858829
0.7333,0.5733,-0.9076,0.868085
0.7333,0.5733,-0.8569,0.865504
0.7333,0.5733,-0.7961,0.861703
0.7333,0.5733,-0.7260,0.852184
0.7333,0.5733,-0.6474,0.844819
0.7333,0.5733,-0.5612,0.826818
0.7333,0.5733,-0.4684,0.800904
0.7333,0.5733,-0.3701,0.769396
0.7333,0.5733,-0.2675,0.719186
0.7333,0.5733,-0.1618,0.637569
0.7333,0.5733,-0.0541,0.474370
0.7333,0.5733,0.0541,0.288487
0.7333,0.5733,0.1618,0.287947
0.7333,0.5733,0.2675,0.284237
0.7333,0.5733,0.3701,0.284014
0.7333,0.5733,0.4684,0.280187
0.7333,0.5733,0.5612,0.281079
0.7333,0.5733,0.6474,0.279639
0.7333,0.5733,0.7260,0.277545
0.7333,0.5733,0.7961,0.277217
0.7333,0.5733,0.8569,0.275048
0.7333,0.5733,0.9076,0.275721
0.7333,0.5733,0.9477,0.273728
0.7333,0.5733,0.9766,0.273269
0.7333,0.5733,0.9941,0.272176
0.7333,0.5733,1.0000,0.272568
0.7333,0.6267,-1.0000,0.903784
0.7333,0.6267,-0.9941,0.902039
0.7333,0.6267,-0.9766,0.896442
0.7333,0.6267,-0.9477,0.891177
0.7333,0.6267,-0.9076,0.883857
0.7333,0.6267,-0.8569,0.876539
0.7333,0.6267,-0.7961,0.866874
0.7333,0.6267,-0.7260,0.855223
0.7333,0.6267,-0.6474,0.839188
0.7333,0.6267,-0.5612,0.819239
0.7333,0.6267,-0.4684,0.792580
0.7333,0.6267,-0.3701,0.756641
0.7333,0.6267,-0.2675,0.706103
0.7333,0.6267,-0.1618,0.620121
0.7333,0.6267,-0.0541,0.452844
0.7333,0.6267,0.0541,0.267358
0.7333,0.6267,0.1618,0.265167
0.7333,0.6267,0.2675,0.262739
0.7333,0.6267,0.3701,0.260107
0.7333,0.6267,0.4684,0.259804
0.7333,0.6267,0.5612,0.257201
0.7333,0.6267,0.6474,0.255185
0.7333,0.6267,0.7260,0.253642
0.7333,0.6267,0.7961,0.252169
0.7333,0.6267,0.8569,0.249195
0.7333,0.6267,0.9076,0.265252
0.7333,0.6267,0.9477,0.247579
0.7333,0.6267,0.9766,0.245687
0.7333,0.6267,0.9941,0.263271
0.7333,0.6267,1.0000,0.242180
0.7333,0.6800,-1.0000,0.819499
0.7333,0.6800,-0.9941,0.818881
0.7333,0.6800,-0.9766,0.819397
0.7333,0.6800,-0.9477,0.811874
0.7333,0.6800,-0.9076,0.805165
0.7333,0.6800,-0.8569,0.797362
0.7333,0.6800,-0.7961,0.784050
0.7333,0.6800,-0.7260,0.770472
0.7333,0.6800,-0.6474,0.751020
0.7333,0.6800,-0.5612,0.723882
0.7333,0.6800,-0.4684,0.702287
0.7333,0.6800,-0.3701,0.650783
0.7333,0.6800,-0.2675,0.589256
0.7333,0.6800,-0.1618,0.491412
0.7333,0.6800,-0.0541,0.323275
0.7333,0.6800,0.0541,0.165190
0.7333,0.6800,0.1618,0.162178
0.7333,0.6800,0.2675,0.159673
0.7333,0.6800,0.3701,0.156879
0.7333,0.6800,0.4684,0.160065
0.7333,0.6800,0.5612,0.150332
0.7333,0.6800,0.6474,0.147345
0.7333,0.6800,0.7260,0.143409
0.7333,0.6800,0.7961,0.140854
0.7333,0.6800,0.8569,0.134214
0.7333,0.6800,0.9076,0.129437
0.7333,0.6800,0.9477,0.136945
0.7333,0.6800,0.9766,0.116619
0.7333,0.6800,0.9941,0.109144
0.7333,0.6800,1.0000,0.100016
0.7333,0.7333,-1.0000,0.949828
0.7333,0.7333,-0.9941,0.947456
0.7333,0.7333,-0.9766,0.946041
0.7333,0.7333,-0.9477,0.943674
0.7333,0.7333,-0.9076,0.941977
0.7333,0.7333,-0.8569,0.941495
0.7333,0.7333,-0.7961,0.940700
0.7333,0.7333,-0.7260,0.939950
0.7333,0.7333,-0.6474,0.939800
0.7333,0.7333,-0.5612,0.939963
0.7333,0.7333,-0.4684,0.940268
0.7333,0.7333,-0.3701,0.941140
0.7333,0.7333,-0.2675,0.941620
0.7333,0.7333,-0.1618,0.943560
0.7333,0.7333,-0.0541,0.944156
0.7333,0.7333,0.0541,0.945092
0.7333,0.7333,0.1618,0.946559
0.7333,0.7333,0.2675,0.948290
0.7333,0.7333,0.3701,0.949822
0.7333,0.7333,0.4684,0.951155
0.7333,0.7333,0.5612,0.953578
0.7333,0.7333,0.6474,0.954814
0.7333,0.7333,0.7260,0.956165
0.7333,0.7333,0.7961,0.958404
0.7333,0.7333,0.8569,0.960420
0.7333,0.7333,0.9076,0.962229
0.7333,0.7333,0.9477,0.964742
0.7333,0.7333,0.9766,0.967266
0.7333,0.7333,0.9941,0.969749
0.7333,0.7333,1.0000,0.972208
0.7867,0.2000,-1.0000,0.029077
0.7867,0.2000,-0.9941,0.028418
0.7867,0.2000,-0.9766,0.026729
0.7867,0.2000,-0.9477,0.032417
0.7867,0.2000,-0.9076,0.027616
0.7867,0.2000,-0.8569,0.031983
0.7867,0.2000,-0.7961,0.028964
0.7867,0.2000,-0.7260,0.028822
0.7867,0.2000,-0.6474,0.026772
0.7867,0.2000,-0.5612,0.030724
0.7867,0.2000,-0.4684,0.053428
0.7867,0.2000,-0.3701,0.128658
0.7867,0.2000,-0.2675,0.289502
0.7867,0.2000,-0.1618,0.643009
0.7867,0.2000,-0.0541,0.832798
0.7867,0.2000,0.0541,0.768186
0.7867,0.2000,0.1618,0.623705
0.7867,0.2000,0.2675,0.270491
0.7867,0.2000,0.3701,0.129598
0.7867,0.2000,0.4684,0.070038
0.7867,0.2000,0.5612,0.041141
0.7867,0.2000,0.6474,0.039994
0.7867,0.2000,0.7260,0.036493
0.7867,0.2000,0.7961,0.035413
0.7867,0.2000,0.8569,0.033099
0.7867,0.2000,0.9076,0.031898
0.7867,0.2000,0.9477,0.032882
0.7867,0.2000,0.9766,0.032706
0.7867,0.2000,0.9941,0.034988
0.7867,0.2000,1.0000,0.034015
0.7867,0.2533,-1.0000,0.030021
0.7867,0.2533,-0.9941,0.025887
0.7867,0.2533,-0.9766,0.028649
0.7867,0.2533,-0.9477,0.026229
0.7867,0.2533,-0.9076,0.026325
0.7867,0.2533,-0.8569,0.027081
0.7867,0.2533,-0.7961,0.025613
0.7867,0.2533,-0.7260,0.027821
0.7867,0.2533,-0.6474,0.025675
0.7867,0.2533,-0.5612,0.031775
0.7867,0.2533,-0.4684,0.058873
0.7867,0.2533,-0.3701,0.130986
0.7867,0.2533,-0.2675,0.285820
0.7867,0.2533,-0.1618,0.608366
0.7867,0.2533,-0.0541,0.815770
0.7867,0.2533,0.0541,0.741471
0.7867,0.2533,0.1618,0.600641
0.7867,0.2533,0.2675,0.309505
0.7867,0.2533,0.3701,0.131451
0.7867,0.2533,0.4684,0.066901
0.7867,0.2533,0.5612,0.042772
0.7867,0.2533,0.6474,0.042027
0.7867,0.2533,0.7260,0.037634
0.7867,0.2533,0.7961,0.032170
0.7867,0.2533,0.8569,0.035001
0.7867,0.2533,0.9076,0.031797
0.7867,0.2533,0.9477,0.029926
0.7867,0.2533,0.9766,0.031932
0.7867,0.2533,0.9941,0.031308
0.7867,0.2533,1.0000,0.030218
0.7867,0.3067,-1.0000,0.026327
0.7867,0.3067,-0.9941,0.030151
0.7867,0.3067,-0.9766,0.028987
0.7867,0.3067,-0.9477,0.028705
0.7867,0.3067,-0.9076,0.022572
0.7867,0.3067,-0.8569,0.029691
0.7867,0.3067,-0.7961,0.027252
0.7867,0.3067,-0.7260,0.018236
0.7867,0.3067,-0.6474,0.029840
0.7867,0.3067,-0.5612,0.032715
0.7867,0.3067,-0.4684,0.051287
0.7867,0.3067,-0.3701,0.114023
0.7867,0.3067,-0.2675,0.286223
0.7867,0.3067,-0.1618,0.623786
0.7867,0.3067,-0.0541,0.788062
0.7867,0.3067,0.0541,0.723924
0.7867,0.3067,0.1618,0.587461
0.7867,0.3067,0.2675,0.281886
0.7867,0.3067,0.3701,0.124739
0.7867,0.3067,0.4684,0.066178
0.7867,0.3067,0.5612,0.041386
0.7867,0.3067,0.6474,0.039338
0.7867,0.3067,0.7260,0.031282
0.7867,0.3067,0.7961,0.033506
0.7867,0.3067,0.8569,0.030666
0.7867,0.3067,0.9076,0.027705
0.7867,0.3067,0.9477,0.030343
0.7867,0.3067,0.9766,0.029055
0.7867,0.3067,0.9941,0.029390
0.7867,0.3067,1.0000,0.030184
0.7867,0.3600,-1.0000,0.024030
0.7867,0.3600,-0.9941,0.023719
0.7867,0.3600,-0.9766,0.025571
0.7867,0.3600,-0.9477,0.026018
0.7867,0.3600,-0.9076,0.027295
0.7867,0.3600,-0.8569,0.025970
0.7867,0.3600,-0.7961,0.027458
0.7867,0.3600,-0.7260,0.024866
0.7867,0.3600,-0.6474,0.027152
0.7867,0.3600,-0.5612,0.032523
0.7867,0.3600,-0.4684,0.057549
0.7867,0.3600,-0.3701,0.126859
0.7867,0.3600,-0.2675,0.288993
0.7867,0.3600,-0.1618,0.598848
0.7867,0.3600,-0.0541,0.756802
0.7867,0.3600,0.0541,0.696214
0.7867,0.3600,0.1618,0.580165
0.7867,0.3600,0.2675,0.261981
0.7867,0.3600,0.3701,0.126309
0.7867,0.3600,0.4684,0.069252
0.7867,0.3600,0.5612,0.040050
0.7867,0.3600,0.6474,0.038738
0.7867,0.3600,0.7260,0.030383
0.7867,0.3600,0.7961,0.030964
0.7867,0.3600,0.8569,0.027668
0.7867,0.3600,0.9076,0.029892
0.7867,0.3600,0.9477,0.028875
0.7867,0.3600,0.9766,0.029286
0.7867,0.3600,0.9941,0.027986
0.7867,0.3600,1.0000,0.027868
0.7867,0.4133,-1.0000,0.022806
0.7867,0.4133,-0.9941,0.022805
0.7867,0.4133,-0.9766,0.025288
0.7867,0.4133,-0.9477,0.023844
0.7867,0.4133,-0.9076,0.020113
0.7867,0.4133,-0.8569,0.023554
0.7867,0.4133,-0.7961,0.024610
0.7867,0.4133,-0.7260,0.027145
0.7867,0.4133,-0.6474,0.022223
0.7867,0.4133,-0.5612,0.029474
0.7867,0.4133,-0.4684,0.051715
0.7867,0.4133,-0.3701,0.111565
0.7867,0.4133,-0.2675,0.282288
0.7867,0.4133,-0.1618,0.584389
0.7867,0.4133,-0.0541,0.711479
0.7867,0.4133,0.0541,0.654206
0.7867,0.4133,0.1618,0.550183
0.7867,0.4133,0.2675,0.269914
0.7867,0.4133,0.3701,0.127852
0.7867,0.4133,0.4684,0.066328
0.7867,0.4133,0.5612,0.043448
0.7867,0.4133,0.6474,0.035611
0.7867,0.4133,0.7260,0.032428
0.7867,0.4133,0.7961,0.027973
0.7867,0.4133,0.8569,0.026939
0.7867,0.4133,0.9076,0.026336
0.7867,0.4133,0.9477,0.027224
0.7867,0.4133,0.9766,0.026635
0.7867,0.4133,0.9941,0.023366
0.7867,0.4133,1.0000,0.023664
0.7867,0.4667,-1.0000,0.021733
0.7867,0.4667,-0.9941,0.019078
0.7867,0.4667,-0.9766,0.019655
0.7867,0.4667,-0.9477,0.020882
0.7867,0.4667,-0.9076,0.021215
0.7867,0.4667,-0.8569,0.023499
0.7867,0.4667,-0.7961,0.021383
0.7867,0.4667,-0.7260,0.020014
0.7867,0.4667,-0.6474,0.021939
0.7867,0.4667,-0.5612,0.025310
0.7867,0.4667,-0.4684,0.042078
0.7867,0.4667,-0.3701,0.104960
0.7867,0.4667,-0.2675,0.276944
0.7867,0.4667,-0.1618,0.565049
0.7867,0.4667,-0.0541,0.650062
0.7867,0.4667,0.0541,0.604187
0.7867,0.4667,0.1618,0.523302
0.7867,0.4667,0.2675,0.235337
0.7867,0.4667,0.3701,0.122544
0.7867,0.4667,0.4684,0.051660
0.7867,0.4667,0.5612,0.035687
0.7867,0.4667,0.6474,0.030510
0.7867,0.4667,0.7260,0.027609
0.7867,0.4667,0.7961,0.027285
0.7867,0.4667,0.8569,0.025427
0.7867,0.4667,0.9076,0.024128
0.7867,0.4667,0.9477,0.022137
0.7867,0.4667,0.9766,0.021595
0.7867,0.4667,0.9941,0.022010
0.7867,0.4667,1.0000,0.020949
0.7867,0.5200,-1.0000,0.015630
0.7867,0.5200,-0.9941,0.016804
0.7867,0.5200,-0.9766,0.016418
0.7867,0.5200,-0.9477,0.016510
0.7867,0.5200,-0.9076,0.017229
0.7867,0.5200,-0.8569,0.014935
0.7867,0.5200,-0.7961,0.017006
0.7867,0.5200,-0.7260,0.015787
0.7867,0.5200,-0.6474,0.013287
0.7867,0.5200,-0.5612,0.021103
0.7867,0.5200,-0.4684,0.041653
0.7867,0.5200,-0.3701,0.125196
0.7867,0.5200,-0.2675,0.249110
0.7867,0.5200,-0.1618,0.500522
0.7867,0.5200,-0.0541,0.552864
0.7867,0.5200,0.0541,0.511115
0.7867,0.5200,0.1618,0.464862
0.7867,0.5200,0.2675,0.236052
0.7867,0.5200,0.3701,0.145792
0.7867,0.5200,0.4684,0.048842
0.7867,0.5200,0.5612,0.031518
0.7867,0.5200,0.6474,0.023116
0.7867,0.5200,0.7260,0.022599
0.7867,0.5200,0.7961,0.022452
0.7867,0.5200,0.8569,0.020917
0.7867,0.5200,0.9076,0.019494
0.7867,0.5200,0.9477,0.023493
0.7867,0.5200,0.9766,0.023683
0.7867,0.5200,0.9941,0.023512
0.7867,0.5200,1.0000,0.020389
0.7867,0.5733,-1.0000,0.101815
0.7867,0.5733,-0.9941,0.010023
0.7867,0.5733,-0.9766,0.009617
0.7867,0.5733,-0.9477,0.140283
0.7867,0.5733,-0.9076,0.356938
0.7867,0.5733,-0.8569,0.412957
0.7867,0.5733,-0.7961,0.481023
0.7867,0.5733,-0.7260,0.574266
0.7867,0.5733,-0.6474,0.583322
0.7867,0.5733,-0.5612,0.625852
0.7867,0.5733,-0.4684,0.630543
0.7867,0.5733,-0.3701,0.650303
0.7867,0.5733,-0.2675,0.611748
0.7867,0.5733,-0.1618,0.587353
0.7867,0.5733,-0.0541,0.462835
0.7867,0.5733,0.0541,0.312372
0.7867,0.5733,0.1618,0.306614
0.7867,0.5733,0.2675,0.282568
0.7867,0.5733,0.3701,0.273750
0.7867,0.5733,0.4684,0.271138
0.7867,0.5733,0.5612,0.274092
0.7867,0.5733,0.6474,0.275818
0.7867,0.5733,0.7260,0.274650
0.7867,0.5733,0.7961,0.277279
0.7867,0.5733,0.8569,0.276948
0.7867,0.5733,0.9076,0.280028
0.7867,0.5733,0.9477,0.277333
0.7867,0.5733,0.9766,0.275363
0.7867,0.5733,0.9941,0.276787
0.7867,0.5733,1.0000,0.274554
0.7867,0.6267,-1.0000,0.893494
0.7867,0.6267,-0.9941,0.895017
0.7867,0.6267,-0.9766,0.894021
0.7867,0.6267,-0.9477,0.893988
0.7867,0.6267,-0.9076,0.889946
0.7867,0.6267,-0.8569,0.881688
0.7867,0.6267,-0.7961,0.873971
0.7867,0.6267,-0.7260,0.863285
0.7867,0.6267,-0.6474,0.848995
0.7867,0.6267,-0.5612,0.828607
0.7867,0.6267,-0.4684,0.805475
0.7867,0.6267,-0.3701,0.770255
0.7867,0.6267,-0.2675,0.719298
0.7867,0.6267,-0.1618,0.636731
0.7867,0.6267,-0.0541,0.474097
0.7867,0.6267,0.0541,0.287909
0.7867,0.6267,0.1618,0.285827
0.7867,0.6267,0.2675,0.284925
0.7867,0.6267,0.3701,0.280181
0.7867,0.6267,0.4684,0.279592
0.7867,0.6267,0.5612,0.279821
0.7867,0.6267,0.6474,0.289412
0.7867,0.6267,0.7260,0.275607
0.7867,0.6267,0.7961,0.276408
0.7867,0.6267,0.8569,0.275748
0.7867,0.6267,0.9076,0.273494
0.7867,0.6267,0.9477,0.273476
0.7867,0.6267,0.9766,0.273932
0.7867,0.6267,0.9941,0.271692
0.7867,0.6267,1.0000,0.269809
0.7867,0.6800,-1.0000,0.901837
0.7867,0.6800,-0.9941,0.897861
0.7867,0.6800,-0.9766,0.894242
0.7867,0.6800,-0.9477,0.888172
0.7867,0.6800,-0.9076,0.881826
0.7867,0.6800,-0.8569,0.875204
0.7867,0.6800,-0.7961,0.863273
0.7867,0.6800,-0.7260,0.851432
0.7867,0.6800,-0.6474,0.834123
0.7867,0.6800,-0.5612,0.815171
0.7867,0.6800,-0.4684,0.789604
0.7867,0.6800,-0.3701,0.751751
0.7867,0.6800,-0.2675,0.700748
0.7867,0.6800,-0.1618,0.614352
0.7867,0.6800,-0.0541,0.446686
0.7867,0.6800,0.0541,0.261794
0.7867,0.6800,0.1618,0.258952
0.7867,0.6800,0.2675,0.257138
0.7867,0.6800,0.3701,0.254859
0.7867,0.6800,0.4684,0.254384
0.7867,0.6800,0.5612,0.251963
0.7867,0.6800,0.6474,0.250973
0.7867,0.6800,0.7260,0.248310
0.7867,0.6800,0.7961,0.245441
0.7867,0.6800,0.8569,0.245642
0.7867,0.6800,0.9076,0.243823
0.7867,0.6800,0.9477,0.242469
0.7867,0.6800,0.9766,0.240014
0.7867,0.6800,0.9941,0.238921
0.7867,0.6800,1.0000,0.234801
0.7867,0.7333,-1.0000,0.780722
0.7867,0.7333,-0.9941,0.785499
0.7867,0.7333,-0.9766,0.779921
0.7867,0.7333,-0.9477,0.778590
0.7867,0.7333,-0.9076,0.772368
0.7867,0.7333,-0.8569,0.762824
0.7867,0.7333,-0.7961,0.748027
0.7867,0.7333,-0.7260,0.736927
0.7867,0.7333,-0.6474,0.712230
0.7867,0.7333,-0.5612,0.691715
0.7867,0.7333,-0.4684,0.657457
0.7867,0.7333,-0.3701,0.611468
0.7867,0.7333,-0.2675,0.548060
0.7867,0.7333,-0.1618,0.451917
0.7867,0.7333,-0.0541,0.287390
0.7867,0.7333,0.0541,0.136839
0.7867,0.7333,0.1618,0.134501
0.7867,0.7333,0.2675,0.133500
0.7867,0.7333,0.3701,0.128884
0.7867,0.7333,0.4684,0.123970
0.7867,0.7333,0.5612,0.121987
0.7867,0.7333,0.6474,0.116867
0.7867,0.7333,0.7260,0.110990
0.7867,0.7333,0.7961,0.106239
0.7867,0.7333,0.8569,0.099113
0.7867,0.7333,0.9076,0.088014
0.7867,0.7333,0.9477,0.078467
0.7867,0.7333,0.9766,0.065545
0.7867,0.7333,0.9941,0.054480
0.7867,0.7333,1.0000,0.039965
0.7867,0.7867,-1.0000,0.950698
0.7867,0.7867,-0.9941,0.948605
0.7867,0.7867,-0.9766,0.946161
0.7867,0.7867,-0.9477,0.944372
0.7867,0.7867,-0.9076,0.942661
0.7867,0.7867,-0.8569,0.941329
0.7867,0.7867,-0.7961,0.940743
0.7867,0.7867,-0.7260,0.940464
0.7867,0.7867,-0.6474,0.940124
0.7867,0.7867,-0.5612,0.940475
0.7867,0.7867,-0.4684,0.941081
0.7867,0.7867,-0.3701,0.941496
0.7867,0.7867,-0.2675,0.942947
0.7867,0.7867,-0.1618,0.943314
0.7867,0.7867,-0.0541,0.944597
0.7867,0.7867,0.0541,0.945488
0.7867,0.7867,0.1618,0.947482
0.7867,0.7867,0.2675,0.949029
0.7867,0.7867,0.3701,0.950411
0.7867,0.7867,0.4684,0.952167
0.7867,0.7867,0.5612,0.953538
0.7867,0.7867,0.6474,0.955209
0.7867,0.7867,0.7260,0.957415
0.7867,0.7867,0.7961,0.959317
0.7867,0.7867,0.8569,0.961332
0.7867,0.7867,0.9076,0.963668
0.7867,0.7867,0.9477,0.966330
0.7867,0.7867,0.9766,0.968439
0.7867,0.7867,0.9941,0.970792
0.7867,0.7867,1.0000,0.974008
0.8400,0.2000,-1.0000,0.031796
0.8400,0.2000,-0.9941,0.029477
0.8400,0.2000,-0.9766,0.028309
0.8400,0.2000,-0.9477,0.033454
0.8400,0.2000,-0.9076,0.029346
0.8400,0.2000,-0.8569,0.032812
0.8400,0.2000,-0.7961,0.024666
0.8400,0.2000,-0.7260,0.028568
0.8400,0.2000,-0.6474,0.031264
0.8400,0.2000,-0.5612,0.034240
0.8400,0.2000,-0.4684,0.057491
0.8400,0.2000,-0.3701,0.134954
0.8400,0.2000,-0.2675,0.299660
0.8400,0.2000,-0.1618,0.631105
0.8400,0.2000,-0.0541,0.843382
0.8400,0.2000,0.0541,0.784656
0.8400,0.2000,0.1618,0.610419
0.8400,0.2000,0.2675,0.288709
0.8400,0.2000,0.3701,0.136072
0.8400,0.2000,0.4684,0.062921
0.8400,0.2000,0.5612,0.045431
0.8400,0.2000,0.6474,0.039266
0.8400,0.2000,0.7260,0.040797
0.8400,0.2000,0.7961,0.039137
0.8400,0.2000,0.8569,0.033960
0.8400,0.2000,0.9076,0.035640
0.8400,0.2000,0.9477,0.033891
0.8400,0.2000,0.9766,0.035736
0.8400,0.2000,0.9941,0.035249
0.8400,0.2000,1.0000,0.031513
0.8400,0.2533,-1.0000,0.026628
0.8400,0.2533,-0.9941,0.027632
0.8400,0.2533,-0.9766,0.028606
0.8400,0.2533,-0.9477,0.032234
0.8400,0.2533,-0.9076,0.030330
0.8400,0.2533,-0.8569,0.029693
0.8400,0.2533,-0.7961,0.026374
0.8400,0.2533,-0.7260,0.023364
0.8400,0.2533,-0.6474,0.023612
0.8400,0.2533,-0.5612,0.091788
0.8400,0.2533,-0.4684,0.051321
0.8400,0.2533,-0.3701,0.133622
0.8400,0.2533,-0.2675,0.290926
0.8400,0.2533,-0.1618,0.630351
0.8400,0.2533,-0.0541,0.825209
0.8400,0.2533,0.0541,0.767201
0.8400,0.2533,0.1618,0.613200
0.8400,0.2533,0.2675,0.278017
0.8400,0.2533,0.3701,0.135325
0.8400,0.2533,0.4684,0.068308
0.8400,0.2533,0.5612,0.049808
0.8400,0.2533,0.6474,0.042170
0.8400,0.2533,0.7260,0.032959
0.8400,0.2533,0.7961,0.032956
0.8400,0.2533,0.8569,0.036609
0.8400,0.2533,0.9076,0.035360
0.8400,0.2533,0.9477,0.035489
0.8400,0.2533,0.9766,0.033009
0.8400,0.2533,0.9941,0.029883
0.8400,0.2533,1.0000,0.036004
0.8400,0.3067,-1.0000,0.026006
0.8400,0.3067,-0.9941,0.026836
0.8400,0.3067,-0.9766,0.027530
0.8400,0.3067,-0.9477,0.025145
0.8400,0.3067,-0.9076,0.029197
0.8400,0.3067,-0.8569,0.024571
0.8400,0.3067,-0.7961,0.027999
0.8400,0.3067,-0.7260,0.030570
0.8400,0.3067,-0.6474,0.100458
0.8400,0.3067,-0.5612,0.029671
0.8400,0.3067,-0.4684,0.055429
0.8400,0.3067,-0.3701,0.135492
0.8400,0.3067,-0.2675,0.307028
0.8400,0.3067,-0.1618,0.629370
0.8400,0.3067,-0.0541,0.811795
0.8400,0.3067,0.0541,0.743530
0.8400,0.3067,0.1618,0.610176
0.8400,0.3067,0.2675,0.294512
0.8400,0.3067,0.3701,0.139451
0.8400,0.3067,0.4684,0.062140
0.8400,0.3067,0.5612,0.039938
0.8400,0.3067,0.6474,0.038812
0.8400,0.3067,0.7260,0.038058
0.8400,0.3067,0.7961,0.037385
0.8400,0.3067,0.8569,0.036172
0.8400,0.3067,0.9076,0.032979
0.8400,0.3067,0.9477,0.033581
0.8400,0.3067,0.9766,0.028783
0.8400,0.3067,0.9941,0.031899
0.8400,0.3067,1.0000,0.029199
0.8400,0.3600,-1.0000,0.028954
0.8400,0.3600,-0.9941,0.025486
0.8400,0.3600,-0.9766,0.027208
0.8400,0.3600,-0.9477,0.026590
0.8400,0.3600,-0.9076,0.024897
0.8400,0.3600,-0.8569,0.025317
0.8400,0.3600,-0.7961,0.024563
0.8400,0.3600,-0.7260,0.028753
0.8400,0.3600,-0.6474,0.026147
0.8400,0.3600,-0.5612,0.026838
0.8400,0.3600,-0.4684,0.050636
0.8400,0.3600,-0.3701,0.126058
0.8400,0.3600,-0.2675,0.295144
0.8400,0.3600,-0.1618,0.615288
0.8400,0.3600,-0.0541,0.778653
0.8400,0.3600,0.0541,0.728102
0.8400,0.3600,0.1618,0.566067
0.8400,0.3600,0.2675,0.283304
0.8400,0.3600,0.3701,0.130972
0.8400,0.3600,0.4684,0.067453
0.8400,0.3600,0.5612,0.040640
0.8400,0.3600,0.6474,0.035293
0.8400,0.3600,0.7260,0.034749
0.8400,0.3600,0.7961,0.032374
0.8400,0.3600,0.8569,0.031650
0.8400,0.3600,0.9076,0.033530
0.8400,0.3600,0.9477,0.027424
0.8400,0.3600,0.9766,0.027821
0.8400,0.3600,0.9941,0.029525
0.8400,0.3600,1.0000,0.029718
0.8400,0.4133,-1.0000,0.023909
0.8400,0.4133,-0.9941,0.022385
0.8400,0.4133,-0.9766,0.024665
0.8400,0.4133,-0.9477,0.026695
0.8400,0.4133,-0.9076,0.023054
0.8400,0.4133,-0.8569,0.020831
0.8400,0.4133,-0.7961,0.022245
0.8400,0.4133,-0.7260,0.025942
0.8400,0.4133,-0.6474,0.025790
0.8400,0.4133,-0.5612,0.029493
0.8400,0.4133,-0.4684,0.049653
0.8400,0.4133,-0.3701,0.119662
0.8400,0.4133,-0.2675,0.281507
0.8400,0.4133,-0.1618,0.585413
0.8400,0.4133,-0.0541,0.744484
0.8400,0.4133,0.0541,0.697071
0.8400,0.4133,0.1618,0.559831
0.8400,0.4133,0.2675,0.282418
0.8400,0.4133,0.3701,0.124483
0.8400,0.4133,0.4684,0.068147
0.8400,0.4133,0.5612,0.042018
0.8400,0.4133,0.6474,0.035574
0.8400,0.4133,0.7260,0.029615
0.8400,0.4133,0.7961,0.028522
0.8400,0.4133,0.8569,0.028005
0.8400,0.4133,0.9076,0.034170
0.8400,0.4133,0.9477,0.028685
0.8400,0.4133,0.9766,0.026296
0.8400,0.4133,0.9941,0.029751
0.8400,0.4133,1.0000,0.027654
0.8400,0.4667,-1.0000,0.023670
0.8400,0.4667,-0.9941,0.021746
0.8400,0.4667,-0.9766,0.021881
0.8400,0.4667,-0.9477,0.023152
0.8400,0.4667,-0.9076,0.022656
0.8400,0.4667,-0.8569,0.021214
0.8400,0.4667,-0.7961,0.019964
0.8400,0.4667,-0.7260,0.022474
0.8400,0.4667,-0.6474,0.023694
0.8400,0.4667,-0.5612,0.027439
0.8400,0.4667,-0.4684,0.048210
0.8400,0.4667,-0.3701,0.115029
0.8400,0.4667,-0.2675,0.269480
0.8400,0.4667,-0.1618,0.571874
0.8400,0.4667,-0.0541,0.700242
0.8400,0.4667,0.0541,0.651519
0.8400,0.4667,0.1618,0.540938
0.8400,0.4667,0.2675,0.254897
0.8400,0.4667,0.3701,0.122904
0.8400,0.4667,0.4684,0.061539
0.8400,0.4667,0.5612,0.046651
0.8400,0.4667,0.6474,0.033335
0.8400,0.4667,0.7260,0.030026
0.8400,0.4667,0.7961,0.032633
0.8400,0.4667,0.8569,0.027814
0.8400,0.4667,0.9076,0.027758
0.8400,0.4667,0.9477,0.026872
0.8400,0.4667,0.9766,0.026247
0.8400,0.4667,0.9941,0.025772
0.8400,0.4667,1.0000,0.027078
0.8400,0.5200,-1.0000,0.019209
0.8400,0.5200,-0.9941,0.019465
0.8400,0.5200,-0.9766,0.019654
0.8400,0.5200,-0.9477,0.020087
0.8400,0.5200,-0.9076,0.022095
0.8400,0.5200,-0.8569,0.020751
0.8400,0.5200,-0.7961,0.021936
0.8400,0.5200,-0.7260,0.019367
0.8400,0.5200,-0.6474,0.021400
0.8400,0.5200,-0.5612,0.026666
0.8400,0.5200,-0.4684,0.041911
0.8400,0.5200,-0.3701,0.107051
0.8400,0.5200,-0.2675,0.274971
0.8400,0.5200,-0.1618,0.537689
0.8400,0.5200,-0.0541,0.632071
0.8400,0.5200,0.0541,0.584380
0.8400,0.5200,0.1618,0.508529
0.8400,0.5200,0.2675,0.242796
0.8400,0.5200,0.3701,0.120823
0.8400,0.5200,0.4684,0.054207
0.8400,0.5200,0.5612,0.035256
0.8400,0.5200,0.6474,0.032568
0.8400,0.5200,0.7260,0.027754
0.8400,0.5200,0.7961,0.027583
0.8400,0.5200,0.8569,0.024929
0.8400,0.5200,0.9076,0.024980
0.8400,0.5200,0.9477,0.024223
0.8400,0.5200,0.9766,0.021405
0.8400,0.5200,0.9941,0.019133
0.8400,0.5200,1.0000,0.020465
0.8400,0.5733,-1.0000,0.014540
0.8400,0.5733,-0.9941,0.014062
0.8400,0.5733,-0.9766,0.012692
0.8400,0.5733,-0.9477,0.014452
0.8400,0.5733,-0.9076,0.014468
0.8400,0.5733,-0.8569,0.017119
0.8400,0.5733,-0.7961,0.014839
0.8400,0.5733,-0.7260,0.015364
0.8400,0.5733,-0.6474,0.014913
0.8400,0.5733,-0.5612,0.018139
0.8400,0.5733,-0.4684,0.067446
0.8400,0.5733,-0.3701,0.114254
0.8400,0.5733,-0.2675,0.245125
0.8400,0.5733,-0.1618,0.453878
0.8400,0.5733,-0.0541,0.505007
0.8400,0.5733,0.0541,0.459699
0.8400,0.5733,0.1618,0.424792
0.8400,0.5733,0.2675,0.227126
0.8400,0.5733,0.3701,0.114260
0.8400,0.5733,0.4684,0.091382
0.8400,0.5733,0.5612,0.080719
0.8400,0.5733,0.6474,0.091115
0.8400,0.5733,0.7260,0.100381
0.8400,0.5733,0.7961,0.116049
0.8400,0.5733,0.8569,0.117433
0.8400,0.5733,0.9076,0.120280
0.8400,0.5733,0.9477,0.137935
0.8400,0.5733,0.9766,0.146463
0.8400,0.5733,0.9941,0.149470
0.8400,0.5733,1.0000,0.154889
0.8400,0.6267,-1.0000,0.703352
0.8400,0.6267,-0.9941,0.752670
0.8400,0.6267,-0.9766,0.791252
0.8400,0.6267,-0.9477,0.806530
0.8400,0.6267,-0.9076,0.825392
0.8400,0.6267,-0.8569,0.832499
0.8400,0.6267,-0.7961,0.832213
0.8400,0.6267,-0.7260,0.820368
0.8400,0.6267,-0.6474,0.813561
0.8400,0.6267,-0.5612,0.806180
0.8400,0.6267,-0.4684,0.784162
0.8400,0.6267,-0.3701,0.754387
0.8400,0.6267,-0.2675,0.708447
0.8400,0.6267,-0.1618,0.638698
0.8400,0.6267,-0.0541,0.477214
0.8400,0.6267,0.0541,0.297643
0.8400,0.6267,0.1618,0.296158
0.8400,0.6267,0.2675,0.290271
0.8400,0.6267,0.3701,0.288236
0.8400,0.6267,0.4684,0.286542
0.8400,0.6267,0.5612,0.287017
0.8400,0.6267,0.6474,0.284454
0.8400,0.6267,0.7260,0.283419
0.8400,0.6267,0.7961,0.284125
0.8400,0.6267,0.8569,0.282321
0.8400,0.6267,0.9076,0.282994
0.8400,0.6267,0.9477,0.280019
0.8400,0.6267,0.9766,0.282667
0.8400,0.6267,0.9941,0.279258
0.8400,0.6267,1.0000,0.278353
0.8400,0.6800,-1.0000,0.908643
0.8400,0.6800,-0.9941,0.907336
0.8400,0.6800,-0.9766,0.903403
0.8400,0.6800,-0.9477,0.897930
0.8400,0.6800,-0.9076,0.892019
0.8400,0.6800,-0.8569,0.882949
0.8400,0.6800,-0.7961,0.874317
0.8400,0.6800,-0.7260,0.862553
0.8400,0.6800,-0.6474,0.847957
0.8400,0.6800,-0.5612,0.829300
0.8400,0.6800,-0.4684,0.804573
0.8400,0.6800,-0.3701,0.769890
0.8400,0.6800,-0.2675,0.719845
0.8400,0.6800,-0.1618,0.635508
0.8400,0.6800,-0.0541,0.471129
0.8400,0.6800,0.0541,0.285568
0.8400,0.6800,0.1618,0.283385
0.8400,0.6800,0.2675,0.284124
0.8400,0.6800,0.3701,0.279911
0.8400,0.6800,0.4684,0.278917
0.8400,0.6800,0.5612,0.276238
0.8400,0.6800,0.6474,0.276707
0.8400,0.6800,0.7260,0.273109
0.8400,0.6800,0.7961,0.285977
0.8400,0.6800,0.8569,0.271918
0.8400,0.6800,0.9076,0.270042
0.8400,0.6800,0.9477,0.269473
0.8400,0.6800,0.9766,0.268161
0.8400,0.6800,0.9941,0.266830
0.8400,0.6800,1.0000,0.289884
0.8400,0.7333,-1.0000,0.899248
0.8400,0.7333,-0.9941,0.894540
0.8400,0.7333,-0.9766,0.890146
0.8400,0.7333,-0.9477,0.884593
0.8400,0.7333,-0.9076,0.878486
0.8400,0.7333,-0.8569,0.869574
0.8400,0.7333,-0.7961,0.858831
0.8400,0.7333,-0.7260,0.846311
0.8400,0.7333,-0.6474,0.830957
0.8400,0.7333,-0.5612,0.810715
0.8400,0.7333,-0.4684,0.785187
0.8400,0.7333,-0.3701,0.747313
0.8400,0.7333,-0.2675,0.693905
0.8400,0.7333,-0.1618,0.607010
0.8400,0.7333,-0.0541,0.437522
0.8400,0.7333,0.0541,0.255376
0.8400,0.7333,0.1618,0.253084
0.8400,0.7333,0.2675,0.250829
0.8400,0.7333,0.3701,0.248311
0.8400,0.7333,0.4684,0.246799
0.8400,0.7333,0.5612,0.244300
0.8400,0.7333,0.6474,0.243449
0.8400,0.7333,0.7260,0.240307
0.8400,0.7333,0.7961,0.238602
0.8400,0.7333,0.8569,0.236466
0.8400,0.7333,0.9076,0.233644
0.8400,0.7333,0.9477,0.232704
0.8400,0.7333,0.9766,0.232102
0.8400,0.7333,0.9941,0.225497
0.8400,0.7333,1.0000,0.225117
0.8400,0.7867,-1.0000,0.738190
0.8400,0.7867,-0.9941,0.741075
0.8400,0.7867,-0.9766,0.743409
0.8400,0.7867,-0.9477,0.736734
0.8400,0.7867,-0.9076,0.731184
0.8400,0.7867,-0.8569,0.724065
0.8400,0.7867,-0.7961,0.712505
0.8400,0.7867,-0.7260,0.698990
0.8400,0.7867,-0.6474,0.676207
0.8400,0.7867,-0.5612,0.651037
0.8400,0.7867,-0.4684,0.613851
0.8400,0.7867,-0.3701,0.564656
0.8400,0.7867,-0.2675,0.499856
0.8400,0.7867,-0.1618,0.401624
0.8400,0.7867,-0.0541,0.243672
0.8400,0.7867,0.0541,0.109670
0.8400,0.7867,0.1618,0.105374
0.8400,0.7867,0.2675,0.099803
0.8400,0.7867,0.3701,0.096802
0.8400,0.7867,0.4684,0.092728
0.8400,0.7867,0.5612,0.088445
0.8400,0.7867,0.6474,0.080817
0.8400,0.7867,0.7260,0.071345
0.8400,0.7867,0.7961,0.063555
0.8400,0.7867,0.8569,0.053139
0.8400,0.7867,0.9076,0.042883
0.8400,0.7867,0.9477,0.032269
0.8400,0.7867,0.9766,0.023262
0.8400,0.7867,0.9941,0.014714
0.8400,0.7867,1.0000,0.007471
0.8400,0.8400,-1.0000,0.950345
0.8400,0.8400,-0.9941,0.947660
0.8400,0.8400,-0.9766,0.945464
0.8400,0.8400,-0.9477,0.943510
0.8400,0.8400,-0.9076,0.941711
0.8400,0.8400,-0.8569,0.941048
0.8400,0.8400,-0.7961,0.939944
0.8400,0.8400,-0.7260,0.939838
0.8400,0.8400,-0.6474,0.939533
0.8400,0.8400,-0.5612,0.939136
0.8400,0.8400,-0.4684,0.940523
0.8400,0.8400,-0.3701,0.940387
0.8400,0.8400,-0.2675,0.941693
0.8400,0.8400,-0.1618,0.942503
0.8400,0.8400,-0.0541,0.943624
0.8400,0.8400,0.0541,0.944821
0.8400,0.8400,0.1618,0.946810
0.8400,0.8400,0.2675,0.947751
0.8400,0.8400,0.3701,0.949563
0.8400,0.8400,0.4684,0.951038
0.8400,0.8400,0.5612,0.953108
0.8400,0.8400,0.6474,0.955177
0.8400,0.8400,0.7260,0.956676
0.8400,0.8400,0.7961,0.959311
0.8400,0.8400,0.8569,0.961631
0.8400,0.8400,0.9076,0.963679
0.8400,0.8400,0.9477,0.966140
0.8400,0.8400,0.9766,0.969022
0.8400,0.8400,0.9941,0.971621
0.8400,0.8400,1.0000,0.974660
0.8933,0.2000,-1.0000,0.030058
0.8933,0.2000,-0.9941,0.035801
0.8933,0.2000,-0.9766,0.030069
0.8933,0.2000,-0.9477,0.027159
0.8933,0.2000,-0.9076,0.029454
0.8933,0.2000,-0.8569,0.030059
0.8933,0.2000,-0.7961,0.027997
0.8933,0.2000,-0.7260,0.032904
0.8933,0.2000,-0.6474,0.027616
0.8933,0.2000,-0.5612,0.033761
0.8933,0.2000,-0.4684,0.057206
0.8933,0.2000,-0.3701,0.145751
0.8933,0.2000,-0.2675,0.310055
0.8933,0.2000,-0.1618,0.651915
0.8933,0.2000,-0.0541,0.858423
0.8933,0.2000,0.0541,0.795342
0.8933,0.2000,0.1618,0.631688
0.8933,0.2000,0.2675,0.291130
0.8933,0.2000,0.3701,0.155339
0.8933,0.2000,0.4684,0.064883
0.8933,0.2000,0.5612,0.048688
0.8933,0.2000,0.6474,0.035306
0.8933,0.2000,0.7260,0.037294
0.8933,0.2000,0.7961,0.040547
0.8933,0.2000,0.8569,0.033849
0.8933,0.2000,0.9076,0.033099
0.8933,0.2000,0.9477,0.034539
0.8933,0.2000,0.9766,0.031683
0.8933,0.2000,0.9941,0.031560
0.8933,0.2000,1.0000,0.034640
0.8933,0.2533,-1.0000,0.030359
0.8933,0.2533,-0.9941,0.028578
0.8933,0.2533,-0.9766,0.029181
0.8933,0.2533,-0.9477,0.027769
0.8933,0.2533,-0.9076,0.031446
0.8933,0.2533,-0.8569,0.035193
0.8933,0.2533,-0.7961,0.028885
0.8933,0.2533,-0.7260,0.028519
0.8933,0.2533,-0.6474,0.027071
0.8933,0.2533,-0.5612,0.034492
0.8933,0.2533,-0.4684,0.097187
0.8933,0.2533,-0.3701,0.129965
0.8933,0.2533,-0.2675,0.289314
0.8933,0.2533,-0.1618,0.654796
0.8933,0.2533,-0.0541,0.840960
0.8933,0.2533,0.0541,0.779327
0.8933,0.2533,0.1618,0.606679
0.8933,0.2533,0.2675,0.295324
0.8933,0.2533,0.3701,0.135072
0.8933,0.2533,0.4684,0.067091
0.8933,0.2533,0.5612,0.046347
0.8933,0.2533,0.6474,0.037633
0.8933,0.2533,0.7260,0.039926
0.8933,0.2533,0.7961,0.034683
0.8933,0.2533,0.8569,0.032354
0.8933,0.2533,0.9076,0.031605
0.8933,0.2533,0.9477,0.034912
0.8933,0.2533,0.9766,0.034485
0.8933,0.2533,0.9941,0.032280
0.8933,0.2533,1.0000,0.033008
0.8933,0.3067,-1.0000,0.030178
0.8933,0.3067,-0.9941,0.032234
0.8933,0.3067,-0.9766,0.028060
0.8933,0.3067,-0.9477,0.029763
0.8933,0.3067,-0.9076,0.028754
0.8933,0.3067,-0.8569,0.029755
0.8933,0.3067,-0.7961,0.025280
0.8933,0.3067,-0.7260,0.026501
0.8933,0.3067,-0.6474,0.021445
0.8933,0.3067,-0.5612,0.029652
0.8933,0.3067,-0.4684,0.063140
0.8933,0.3067,-0.3701,0.123840
0.8933,0.3067,-0.2675,0.297165
0.8933,0.3067,-0.1618,0.628666
0.8933,0.3067,-0.0541,0.824786
0.8933,0.3067,0.0541,0.768221
0.8933,0.3067,0.1618,0.591228
0.8933,0.3067,0.2675,0.278320
0.8933,0.3067,0.3701,0.140607
0.8933,0.3067,0.4684,0.069927
0.8933,0.3067,0.5612,0.043430
0.8933,0.3067,0.6474,0.038422
0.8933,0.3067,0.7260,0.033534
0.8933,0.3067,0.7961,0.031284
0.8933,0.3067,0.8569,0.032420
0.8933,0.3067,0.9076,0.029994
0.8933,0.3067,0.9477,0.031172
0.8933,0.3067,0.9766,0.033627
0.8933,0.3067,0.9941,0.033351
0.8933,0.3067,1.0000,0.030227
0.8933,0.3600,-1.0000,0.027253
0.8933,0.3600,-0.9941,0.031092
0.8933,0.3600,-0.9766,0.025875
0.8933,0.3600,-0.9477,0.027673
0.8933,0.3600,-0.9076,0.031054
0.8933,0.3600,-0.8569,0.028647
0.8933,0.3600,-0.7961,0.028487
0.8933,0.3600,-0.7260,0.028330
0.8933,0.3600,-0.6474,0.026991
0.8933,0.3600,-0.5612,0.028260
0.8933,0.3600,-0.4684,0.056384
0.8933,0.3600,-0.3701,0.124086
0.8933,0.3600,-0.2675,0.298523
0.8933,0.3600,-0.1618,0.629437
0.8933,0.3600,-0.0541,0.799046
0.8933,0.3600,0.0541,0.744993
0.8933,0.3600,0.1618,0.584930
0.8933,0.3600,0.2675,0.298999
0.8933,0.3600,0.3701,0.139227
0.8933,0.3600,0.4684,0.070336
0.8933,0.3600,0.5612,0.043196
0.8933,0.3600,0.6474,0.035331
0.8933,0.3600,0.7260,0.034433
0.8933,0.3600,0.7961,0.029594
0.8933,0.3600,0.8569,0.031498
0.8933,0.3600,0.9076,0.029929
0.8933,0.3600,0.9477,0.032565
0.8933,0.3600,0.9766,0.031147
0.8933,0.3600,0.9941,0.031123
0.8933,0.3600,1.0000,0.032086
0.8933,0.4133,-1.0000,0.026531
0.8933,0.4133,-0.9941,0.025009
0.8933,0.4133,-0.9766,0.027409
0.8933,0.4133,-0.9477,0.025304
0.8933,0.4133,-0.9076,0.026700
0.8933,0.4133,-0.8569,0.026625
0.8933,0.4133,-0.7961,0.024992
0.8933,0.4133,-0.7260,0.025610
0.8933,0.4133,-0.6474,0.028961
0.8933,0.4133,-0.5612,0.025314
0.8933,0.4133,-0.4684,0.051170
0.8933,0.4133,-0.3701,0.140569
0.8933,0.4133,-0.2675,0.280040
0.8933,0.4133,-0.1618,0.608183
0.8933,0.4133,-0.0541,0.769225
0.8933,0.4133,0.0541,0.718203
0.8933,0.4133,0.1618,0.574162
0.8933,0.4133,0.2675,0.279171
0.8933,0.4133,0.3701,0.114270
0.8933,0.4133,0.4684,0.069659
0.8933,0.4133,0.5612,0.038498
0.8933,0.4133,0.6474,0.036769
0.8933,0.4133,0.7260,0.034588
0.8933,0.4133,0.7961,0.030551
0.8933,0.4133,0.8569,0.030001
0.8933,0.4133,0.9076,0.032671
0.8933,0.4133,0.9477,0.028738
0.8933,0.4133,0.9766,0.029301
0.8933,0.4133,0.9941,0.025766
0.8933,0.4133,1.0000,0.026717
0.8933,0.4667,-1.0000,0.020438
0.8933,0.4667,-0.9941,0.024321
0.8933,0.4667,-0.9766,0.022772
0.8933,0.4667,-0.9477,0.025135
0.8933,0.4667,-0.9076,0.022895
0.8933,0.4667,-0.8569,0.025233
0.8933,0.4667,-0.7961,0.025575
0.8933,0.4667,-0.7260,0.024878
0.8933,0.4667,-0.6474,0.026709
0.8933,0.4667,-0.5612,0.031605
0.8933,0.4667,-0.4684,0.055546
0.8933,0.4667,-0.3701,0.122860
0.8933,0.4667,-0.2675,0.279747
0.8933,0.4667,-0.1618,0.598931
0.8933,0.4667,-0.0541,0.731372
0.8933,0.4667,0.0541,0.685361
0.8933,0.4667,0.1618,0.569105
0.8933,0.4667,0.2675,0.283532
0.8933,0.4667,0.3701,0.127451
0.8933,0.4667,0.4684,0.078085
0.8933,0.4667,0.5612,0.034770
0.8933,0.4667,0.6474,0.036201
0.8933,0.4667,0.7260,0.030556
0.8933,0.4667,0.7961,0.029582
0.8933,0.4667,0.8569,0.028820
0.8933,0.4667,0.9076,0.030965
0.8933,0.4667,0.9477,0.027073
0.8933,0.4667,0.9766,0.029835
0.8933,0.4667,0.9941,0.025113
0.8933,0.4667,1.0000,0.026398
0.8933,0.5200,-1.0000,0.021520
0.8933,0.5200,-0.9941,0.021395
0.8933,0.5200,-0.9766,0.023419
0.8933,0.5200,-0.9477,0.021872
0.8933,0.5200,-0.9076,0.021844
0.8933,0.5200,-0.8569,0.023055
0.8933,0.5200,-0.7961,0.020839
0.8933,0.5200,-0.7260,0.026243
0.8933,0.5200,-0.6474,0.025185
0.8933,0.5200,-0.5612,0.031446
0.8933,0.5200,-0.4684,0.039093
0.8933,0.5200,-0.3701,0.113777
0.8933,0.5200,-0.2675,0.282738
0.8933,0.5200,-0.1618,0.570860
0.8933,0.5200,-0.0541,0.681351
0.8933,0.5200,0.0541,0.638811
0.8933,0.5200,0.1618,0.543668
0.8933,0.5200,0.2675,0.259506
0.8933,0.5200,0.3701,0.122493
0.8933,0.5200,0.4684,0.063474
0.8933,0.5200,0.5612,0.038149
0.8933,0.5200,0.6474,0.031589
0.8933,0.5200,0.7260,0.029041
0.8933,0.5200,0.7961,0.031835
0.8933,0.5200,0.8569,0.026446
0.8933,0.5200,0.9076,0.030621
0.8933,0.5200,0.9477,0.022821
0.8933,0.5200,0.9766,0.024475
0.8933,0.5200,0.9941,0.025119
0.8933,0.5200,1.0000,0.022754
0.8933,0.5733,-1.0000,0.017291
0.8933,0.5733,-0.9941,0.018938
0.8933,0.5733,-0.9766,0.016319
0.8933,0.5733,-0.9477,0.021110
0.8933,0.5733,-0.9076,0.020306
0.8933,0.5733,-0.8569,0.018297
0.8933,0.5733,-0.7961,0.020538
0.8933,0.5733,-0.7260,0.015842
0.8933,0.5733,-0.6474,0.019726
0.8933,0.5733,-0.5612,0.026402
0.8933,0.5733,-0.4684,0.039180
0.8933,0.5733,-0.3701,0.101306
0.8933,0.5733,-0.2675,0.248918
0.8933,0.5733,-0.1618,0.530231
0.8933,0.5733,-0.0541,0.602979
0.8933,0.5733,0.0541,0.560082
0.8933,0.5733,0.1618,0.508773
0.8933,0.5733,0.2675,0.244908
0.8933,0.5733,0.3701,0.126045
0.8933,0.5733,0.4684,0.061289
0.8933,0.5733,0.5612,0.038475
0.8933,0.5733,0.6474,0.026104
0.8933,0.5733,0.7260,0.024796
0.8933,0.5733,0.7961,0.023732
0.8933,0.5733,0.8569,0.021195
0.8933,0.5733,0.9076,0.023317
0.8933,0.5733,0.9477,0.023164
0.8933,0.5733,0.9766,0.023624
0.8933,0.5733,0.9941,0.018157
0.8933,0.5733,1.0000,0.016676
0.8933,0.6267,-1.0000,0.013094
0.8933,0.6267,-0.9941,0.013735
0.8933,0.6267,-0.9766,0.013411
0.8933,0.6267,-0.9477,0.101992
0.8933,0.6267,-0.9076,0.156231
0.8933,0.6267,-0.8569,0.338087
0.8933,0.6267,-0.7961,0.336344
0.8933,0.6267,-0.7260,0.410239
0.8933,0.6267,-0.6474,0.423041
0.8933,0.6267,-0.5612,0.437574
0.8933,0.6267,-0.4684,0.437118
0.8933,0.6267,-0.3701,0.462765
0.8933,0.6267,-0.2675,0.499553
0.8933,0.6267,-0.1618,0.532976
0.8933,0.6267,-0.0541,0.475713
0.8933,0.6267,0.0541,0.364620
0.8933,0.6267,0.1618,0.343965
0.8933,0.6267,0.2675,0.256252
0.8933,0.6267,0.3701,0.226889
0.8933,0.6267,0.4684,0.230388
0.8933,0.6267,0.5612,0.235892
0.8933,0.6267,0.6474,0.245075
0.8933,0.6267,0.7260,0.248848
0.8933,0.6267,0.7961,0.258003
0.8933,0.6267,0.8569,0.258607
0.8933,0.6267,0.9076,0.264269
0.8933,0.6267,0.9477,0.261972
0.8933,0.6267,0.9766,0.260797
0.8933,0.6267,0.9941,0.259322
0.8933,0.6267,1.0000,0.264237
0.8933,0.6800,-1.0000,0.886676
0.8933,0.6800,-0.9941,0.886360
0.8933,0.6800,-0.9766,0.888059
0.8933,0.6800,-0.9477,0.885074
0.8933,0.6800,-0.9076,0.881099
0.8933,0.6800,-0.8569,0.877199
0.8933,0.6800,-0.7961,0.868227
0.8933,0.6800,-0.7260,0.861484
0.8933,0.6800,-0.6474,0.847631
0.8933,0.6800,-0.5612,0.829531
0.8933,0.6800,-0.4684,0.807871
0.8933,0.6800,-0.3701,0.772672
0.8933,0.6800,-0.2675,0.722103
0.8933,0.6800,-0.1618,0.641009
0.8933,0.6800,-0.0541,0.477744
0.8933,0.6800,0.0541,0.294096
0.8933,0.6800,0.1618,0.292963
0.8933,0.6800,0.2675,0.289234
0.8933,0.6800,0.3701,0.287886
0.8933,0.6800,0.4684,0.286885
0.8933,0.6800,0.5612,0.285139
0.8933,0.6800,0.6474,0.284441
0.8933,0.6800,0.7260,0.285090
0.8933,0.6800,0.7961,0.280529
0.8933,0.6800,0.8569,0.281466
0.8933,0.6800,0.9076,0.280370
0.8933,0.6800,0.9477,0.279897
0.8933,0.6800,0.9766,0.280341
0.8933,0.6800,0.9941,0.277446
0.8933,0.6800,1.0000,0.276951
0.8933,0.7333,-1.0000,0.911440
0.8933,0.7333,-0.9941,0.907575
0.8933,0.7333,-0.9766,0.903292
0.8933,0.7333,-0.9477,0.897672
0.8933,0.7333,-0.9076,0.891384
0.8933,0.7333,-0.8569,0.883691
0.8933,0.7333,-0.7961,0.873349
0.8933,0.7333,-0.7260,0.861892
0.8933,0.7333,-0.6474,0.846842
0.8933,0.7333,-0.5612,0.828907
0.8933,0.7333,-0.4684,0.804017
0.8933,0.7333,-0.3701,0.768820
0.8933,0.7333,-0.2675,0.716749
0.8933,0.7333,-0.1618,0.634155
0.8933,0.7333,-0.0541,0.467112
0.8933,0.7333,0.0541,0.282395
0.8933,0.7333,0.1618,0.280489
0.8933,0.7333,0.2675,0.277749
0.8933,0.7333,0.3701,0.277375
0.8933,0.7333,0.4684,0.281997
0.8933,0.7333,0.5612,0.283019
0.8933,0.7333,0.6474,0.282063
0.8933,0.7333,0.7260,0.304142
0.8933,0.7333,0.7961,0.282179
0.8933,0.7333,0.8569,0.268618
0.8933,0.7333,0.9076,0.266703
0.8933,0.7333,0.9477,0.265492
0.8933,0.7333,0.9766,0.266238
0.8933,0.7333,0.9941,0.263971
0.8933,0.7333,1.0000,0.263995
0.8933,0.7867,-1.0000,0.893588
0.8933,0.7867,-0.9941,0.889131
0.8933,0.7867,-0.9766,0.883999
0.8933,0.7867,-0.9477,0.878915
0.8933,0.7867,-0.9076,0.871765
0.8933,0.7867,-0.8569,0.862397
0.8933,0.7867,-0.7961,0.853359
0.8933,0.7867,-0.7260,0.839915
0.8933,0.7867,-0.6474,0.824698
0.8933,0.7867,-0.5612,0.803658
0.8933,0.7867,-0.4684,0.776625
0.8933,0.7867,-0.3701,0.737718
0.8933,0.7867,-0.2675,0.683105
0.8933,0.7867,-0.1618,0.595946
0.8933,0.7867,-0.0541,0.427341
0.8933,0.7867,0.0541,0.246741
0.8933,0.7867,0.1618,0.242954
0.8933,0.7867,0.2675,0.241067
0.8933,0.7867,0.3701,0.239177
0.8933,0.7867,0.4684,0.235954
0.8933,0.7867,0.5612,0.234472
0.8933,0.7867,0.6474,0.231488
0.8933,0.7867,0.7260,0.229691
0.8933,0.7867,0.7961,0.226121
0.8933,0.7867,0.8569,0.226186
0.8933,0.7867,0.9076,0.223337
0.8933,0.7867,0.9477,0.219332
0.8933,0.7867,0.9766,0.217752
0.8933,0.7867,0.9941,0.214099
0.8933,0.7867,1.0000,0.211616
0.8933,0.8400,-1.0000,0.698285
0.8933,0.8400,-0.9941,0.703747
0.8933,0.8400,-0.9766,0.702295
0.8933,0.8400,-0.9477,0.704850
0.8933,0.8400,-0.9076,0.699349
0.8933,0.8400,-0.8569,0.682333
0.8933,0.8400,-0.7961,0.676418
0.8933,0.8400,-0.7260,0.654674
0.8933,0.8400,-0.6474,0.638994
0.8933,0.8400,-0.5612,0.608471
0.8933,0.8400,-0.4684,0.570258
0.8933,0.8400,-0.3701,0.521793
0.8933,0.8400,-0.2675,0.456215
0.8933,0.8400,-0.1618,0.360775
0.8933,0.8400,-0.0541,0.205453
0.8933,0.8400,0.0541,0.080532
0.8933,0.8400,0.1618,0.075425
0.8933,0.8400,0.2675,0.072151
0.8933,0.8400,0.3701,0.066544
0.8933,0.8400,0.4684,0.059806
0.8933,0.8400,0.5612,0.051245
0.8933,0.8400,0.6474,0.044946
0.8933,0.8400,0.7260,0.036421
0.8933,0.8400,0.7961,0.029818
0.8933,0.8400,0.8569,0.021921
0.8933,0.8400,0.9076,0.015504
0.8933,0.8400,0.9477,0.009445
0.8933,0.8400,0.9766,0.005179
0.8933,0.8400,0.9941,0.002739
0.8933,0.8400,1.0000,0.001940
0.8933,0.8933,-1.0000,0.945545
0.8933,0.8933,-0.9941,0.942937
0.8933,0.8933,-0.9766,0.940570
0.8933,0.8933,-0.9477,0.938500
0.8933,0.8933,-0.9076,0.937007
0.8933,0.8933,-0.8569,0.935666
0.8933,0.8933,-0.7961,0.934787
0.8933,0.8933,-0.7260,0.934383
0.8933,0.8933,-0.6474,0.934677
0.8933,0.8933,-0.5612,0.935029
0.8933,0.8933,-0.4684,0.935180
0.8933,0.8933,-0.3701,0.935249
0.8933,0.8933,-0.2675,0.936265
0.8933,0.8933,-0.1618,0.937272
0.8933,0.8933,-0.0541,0.938596
0.8933,0.8933,0.0541,0.939806
0.8933,0.8933,0.1618,0.941486
0.8933,0.8933,0.2675,0.942750
0.8933,0.8933,0.3701,0.944227
0.8933,0.8933,0.4684,0.946424
0.8933,0.8933,0.5612,0.947955
0.8933,0.8933,0.6474,0.950713
0.8933,0.8933,0.7260,0.952476
0.8933,0.8933,0.7961,0.955014
0.8933,0.8933,0.8569,0.957838
0.8933,0.8933,0.9076,0.959839
0.8933,0.8933,0.9477,0.962828
0.8933,0.8933,0.9766,0.965887
0.8933,0.8933,0.9941,0.968376
0.8933,0.8933,1.0000,0.971592
0.9467,0.2000,-1.0000,0.030022
0.9467,0.2000,-0.9941,0.030965
0.9467,0.2000,-0.9766,0.033700
0.9467,0.2000,-0.9477,0.027996
0.9467,0.2000,-0.9076,0.032591
0.9467,0.2000,-0.8569,0.030274
0.9467,0.2000,-0.7961,0.027133
0.9467,0.2000,-0.7260,0.029825
0.9467,0.2000,-0.6474,0.031280
0.9467,0.2000,-0.5612,0.035260
0.9467,0.2000,-0.4684,0.060502
0.9467,0.2000,-0.3701,0.162948
0.9467,0.2000,-0.2675,0.312917
0.9467,0.2000,-0.1618,0.638898
0.9467,0.2000,-0.0541,0.858602
0.9467,0.2000,0.0541,0.804999
0.9467,0.2000,0.1618,0.617489
0.9467,0.2000,0.2675,0.282144
0.9467,0.2000,0.3701,0.133307
0.9467,0.2000,0.4684,0.070820
0.9467,0.2000,0.5612,0.046857
0.9467,0.2000,0.6474,0.040372
0.9467,0.2000,0.7260,0.042919
0.9467,0.2000,0.7961,0.033104
0.9467,0.2000,0.8569,0.038618
0.9467,0.2000,0.9076,0.039321
0.9467,0.2000,0.9477,0.032206
0.9467,0.2000,0.9766,0.034393
0.9467,0.2000,0.9941,0.033158
0.9467,0.2000,1.0000,0.033421
0.9467,0.2533,-1.0000,0.030194
0.9467,0.2533,-0.9941,0.032768
0.9467,0.2533,-0.9766,0.031701
0.9467,0.2533,-0.9477,0.029851
0.9467,0.2533,-0.9076,0.033961
0.9467,0.2533,-0.8569,0.031341
0.9467,0.2533,-0.7961,0.027197
0.9467,0.2533,-0.7260,0.026976
0.9467,0.2533,-0.6474,0.025278
0.9467,0.2533,-0.5612,0.037845
0.9467,0.2533,-0.4684,0.096553
0.9467,0.2533,-0.3701,0.138775
0.9467,0.2533,-0.2675,0.298476
0.9467,0.2533,-0.1618,0.632016
0.9467,0.2533,-0.0541,0.849808
0.9467,0.2533,0.0541,0.793866
0.9467,0.2533,0.1618,0.611074
0.9467,0.2533,0.2675,0.301109
0.9467,0.2533,0.3701,0.143775
0.9467,0.2533,0.4684,0.060958
0.9467,0.2533,0.5612,0.047312
0.9467,0.2533,0.6474,0.034251
0.9467,0.2533,0.7260,0.039870
0.9467,0.2533,0.7961,0.036769
0.9467,0.2533,0.8569,0.032558
0.9467,0.2533,0.9076,0.033426
0.9467,0.2533,0.9477,0.032366
0.9467,0.2533,0.9766,0.034958
0.9467,0.2533,0.9941,0.034855
0.9467,0.2533,1.0000,0.033303
0.9467,0.3067,-1.0000,0.033258
0.9467,0.3067,-0.9941,0.030017
0.9467,0.3067,-0.9766,0.027121
0.9467,0.3067,-0.9477,0.033263
0.9467,0.3067,-0.9076,0.031874
0.9467,0.3067,-0.8569,0.027233
0.9467,0.3067,-0.7961,0.026783
0.9467,0.3067,-0.7260,0.026954
0.9467,0.3067,-0.6474,0.031593
0.9467,0.3067,-0.5612,0.090587
0.9467,0.3067,-0.4684,0.054505
0.9467,0.3067,-0.3701,0.131156
0.9467,0.3067,-0.2675,0.287985
0.9467,0.3067,-0.1618,0.644457
0.9467,0.3067,-0.0541,0.837315
0.9467,0.3067,0.0541,0.780205
0.9467,0.3067,0.1618,0.616726
0.9467,0.3067,0.2675,0.287801
0.9467,0.3067,0.3701,0.144947
0.9467,0.3067,0.4684,0.071380
0.9467,0.3067,0.5612,0.046511
0.9467,0.3067,0.6474,0.040464
0.9467,0.3067,0.7260,0.036353
0.9467,0.3067,0.7961,0.034313
0.9467,0.3067,0.8569,0.035763
0.9467,0.3067,0.9076,0.032929
0.9467,0.3067,0.9477,0.033761
0.9467,0.3067,0.9766,0.032548
0.9467,0.3067,0.9941,0.033171
0.9467,0.3067,1.0000,0.034144
0.9467,0.3600,-1.0000,0.032724
0.9467,0.3600,-0.9941,0.028431
0.9467,0.3600,-0.9766,0.027262
0.9467,0.3600,-0.9477,0.030436
0.9467,0.3600,-0.9076,0.025725
0.9467,0.3600,-0.8569,0.027265
0.9467,0.3600,-0.7961,0.026316
0.9467,0.3600,-0.7260,0.027822
0.9467,0.3600,-0.6474,0.026143
0.9467,0.3600,-0.5612,0.029357
0.9467,0.3600,-0.4684,0.053267
0.9467,0.3600,-0.3701,0.123806
0.9467,0.3600,-0.2675,0.288576
0.9467,0.3600,-0.1618,0.641980
0.9467,0.3600,-0.0541,0.813825
0.9467,0.3600,0.0541,0.759975
0.9467,0.3600,0.1618,0.609578
0.9467,0.3600,0.2675,0.285572
0.9467,0.3600,0.3701,0.136457
0.9467,0.3600,0.4684,0.064544
0.9467,0.3600,0.5612,0.044647
0.9467,0.3600,0.6474,0.037180
0.9467,0.3600,0.7260,0.035589
0.9467,0.3600,0.7961,0.032506
0.9467,0.3600,0.8569,0.032266
0.9467,0.3600,0.9076,0.031708
0.9467,0.3600,0.9477,0.036687
0.9467,0.3600,0.9766,0.032003
0.9467,0.3600,0.9941,0.032823
0.9467,0.3600,1.0000,0.029356
0.9467,0.4133,-1.0000,0.027820
0.9467,0.4133,-0.9941,0.028692
0.9467,0.4133,-0.9766,0.026907
0.9467,0.4133,-0.9477,0.023873
0.9467,0.4133,-0.9076,0.028500
0.9467,0.4133,-0.8569,0.026327
0.9467,0.4133,-0.7961,0.026266
0.9467,0.4133,-0.7260,0.029775
0.9467,0.4133,-0.6474,0.028557
0.9467,0.4133,-0.5612,0.031306
0.9467,0.4133,-0.4684,0.048571
0.9467,0.4133,-0.3701,0.123603
0.9467,0.4133,-0.2675,0.283647
0.9467,0.4133,-0.1618,0.602163
0.9467,0.4133,-0.0541,0.792532
0.9467,0.4133,0.0541,0.735502
0.9467,0.4133,0.1618,0.588050
0.9467,0.4133,0.2675,0.291746
0.9467,0.4133,0.3701,0.137895
0.9467,0.4133,0.4684,0.068310
0.9467,0.4133,0.5612,0.040434
0.9467,0.4133,0.6474,0.033915
0.9467,0.4133,0.7260,0.034791
0.9467,0.4133,0.7961,0.034142
0.9467,0.4133,0.8569,0.029065
0.9467,0.4133,0.9076,0.031184
0.9467,0.4133,0.9477,0.031012
0.9467,0.4133,0.9766,0.029613
0.9467,0.4133,0.9941,0.030499
0.9467,0.4133,1.0000,0.030774
0.9467,0.4667,-1.0000,0.023504
0.9467,0.4667,-0.9941,0.026548
0.9467,0.4667,-0.9766,0.028646
0.9467,0.4667,-0.9477,0.027302
0.9467,0.4667,-0.9076,0.025256
0.9467,0.4667,-0.8569,0.026241
0.9467,0.4667,-0.7961,0.027236
0.9467,0.4667,-0.7260,0.025932
0.9467,0.4667,-0.6474,0.025977
0.9467,0.4667,-0.5612,0.033735
0.9467,0.4667,-0.4684,0.057739
0.9467,0.4667,-0.3701,0.127225
0.9467,0.4667,-0.2675,0.299754
0.9467,0.4667,-0.1618,0.603261
0.9467,0.4667,-0.0541,0.762295
0.9467,0.4667,0.0541,0.708788
0.9467,0.4667,0.1618,0.568605
0.9467,0.4667,0.2675,0.285304
0.9467,0.4667,0.3701,0.125885
0.9467,0.4667,0.4684,0.065859
0.9467,0.4667,0.5612,0.043989
0.9467,0.4667,0.6474,0.036920
0.9467,0.4667,0.7260,0.031871
0.9467,0.4667,0.7961,0.034003
0.9467,0.4667,0.8569,0.034711
0.9467,0.4667,0.9076,0.028217
0.9467,0.4667,0.9477,0.027408
0.9467,0.4667,0.9766,0.027754
0.9467,0.4667,0.9941,0.027887
0.9467,0.4667,1.0000,0.028128
0.9467,0.5200,-1.0000,0.023465
0.9467,0.5200,-0.9941,0.022141
0.9467,0.5200,-0.9766,0.024450
0.9467,0.5200,-0.9477,0.023406
0.9467,0.5200,-0.9076,0.020990
0.9467,0.5200,-0.8569,0.028069
0.9467,0.5200,-0.7961,0.020303
0.9467,0.5200,-0.7260,0.023110
0.9467,0.5200,-0.6474,0.021326
0.9467,0.5200,-0.5612,0.030299
0.9467,0.5200,-0.4684,0.052955
0.9467,0.5200,-0.3701,0.121448
0.9467,0.5200,-0.2675,0.272995
0.9467,0.5200,-0.1618,0.602000
0.9467,0.5200,-0.0541,0.724563
0.9467,0.5200,0.0541,0.667995
0.9467,0.5200,0.1618,0.567314
0.9467,0.5200,0.2675,0.272924
0.9467,0.5200,0.3701,0.129269
0.9467,0.5200,0.4684,0.066206
0.9467,0.5200,0.5612,0.038809
0.9467,0.5200,0.6474,0.033017
0.9467,0.5200,0.7260,0.032500
0.9467,0.5200,0.7961,0.031040
0.9467,0.5200,0.8569,0.031425
0.9467,0.5200,0.9076,0.027854
0.9467,0.5200,0.9477,0.030182
0.9467,0.5200,0.9766,0.028486
0.9467,0.5200,0.9941,0.022887
0.9467,0.5200,1.0000,0.023720
0.9467,0.5733,-1.0000,0.021944
0.9467,0.5733,-0.9941,0.019522
0.9467,0.5733,-0.9766,0.019574
0.9467,0.5733,-0.9477,0.020109
0.9467,0.5733,-0.9076,0.019358
0.9467,0.5733,-0.8569,0.022974
0.9467,0.5733,-0.7961,0.019429
0.9467,0.5733,-0.7260,0.023198
0.9467,0.5733,-0.6474,0.023877
0.9467,0.5733,-0.5612,0.031171
0.9467,0.5733,-0.4684,0.046566
0.9467,0.5733,-0.3701,0.116873
0.9467,0.5733,-0.2675,0.255523
0.9467,0.5733,-0.1618,0.555842
0.9467,0.5733,-0.0541,0.660000
0.9467,0.5733,0.0541,0.618939
0.9467,0.5733,0.1618,0.520237
0.9467,0.5733,0.2675,0.263473
0.9467,0.5733,0.3701,0.116578
0.9467,0.5733,0.4684,0.057294
0.9467,0.5733,0.5612,0.036552
0.9467,0.5733,0.6474,0.029471
0.9467,0.5733,0.7260,0.026079
0.9467,0.5733,0.7961,0.028459
0.9467,0.5733,0.8569,0.023457
0.9467,0.5733,0.9076,0.025579
0.9467,0.5733,0.9477,0.026289
0.9467,0.5733,0.9766,0.022302
0.9467,0.5733,0.9941,0.022431
0.9467,0.5733,1.0000,0.021639
0.9467,0.6267,-1.0000,0.018427
0.9467,0.6267,-0.9941,0.019643
0.9467,0.6267,-0.9766,0.016991
0.9467,0.6267,-0.9477,0.017618
0.9467,0.6267,-0.9076,0.015328
0.9467,0.6267,-0.8569,0.015170
0.9467,0.6267,-0.7961,0.015952
0.9467,0.6267,-0.7260,0.016551
0.9467,0.6267,-0.6474,0.018872
0.9467,0.6267,-0.5612,0.023540
0.9467,0.6267,-0.4684,0.037462
0.9467,0.6267,-0.3701,0.096506
0.9467,0.6267,-0.2675,0.226806
0.9467,0.6267,-0.1618,0.501922
0.9467,0.6267,-0.0541,0.552782
0.9467,0.6267,0.0541,0.516327
0.9467,0.6267,0.1618,0.455519
0.9467,0.6267,0.2675,0.227648
0.9467,0.6267,0.3701,0.108557
0.9467,0.6267,0.4684,0.063058
0.9467,0.6267,0.5612,0.087034
0.9467,0.6267,0.6474,0.059044
0.9467,0.6267,0.7260,0.059726
0.9467,0.6267,0.7961,0.056643
0.9467,0.6267,0.8569,0.070401
0.9467,0.6267,0.9076,0.056048
0.9467,0.6267,0.9477,0.072286
0.9467,0.6267,0.9766,0.087653
0.9467,0.6267,0.9941,0.087585
0.9467,0.6267,1.0000,0.078333
0.9467,0.6800,-1.0000,0.537653
0.9467,0.6800,-0.9941,0.561184
0.9467,0.6800,-0.9766,0.655811
0.9467,0.6800,-0.9477,0.697895
0.9467,0.6800,-0.9076,0.754515
0.9467,0.6800,-0.8569,0.764198
0.9467,0.6800,-0.7961,0.771950
0.9467,0.6800,-0.7260,0.781765
0.9467,0.6800,-0.6474,0.769539
0.9467,0.6800,-0.5612,0.769822
0.9467,0.6800,-0.4684,0.741940
0.9467,0.6800,-0.3701,0.726762
0.9467,0.6800,-0.2675,0.688694
0.9467,0.6800,-0.1618,0.625467
0.9467,0.6800,-0.0541,0.478592
0.9467,0.6800,0.0541,0.309106
0.9467,0.6800,0.1618,0.303878
0.9467,0.6800,0.2675,0.289538
0.9467,0.6800,0.3701,0.289952
0.9467,0.6800,0.4684,0.284014
0.9467,0.6800,0.5612,0.292399
0.9467,0.6800,0.6474,0.282628
0.9467,0.6800,0.7260,0.283904
0.9467,0.6800,0.7961,0.283532
0.9467,0.6800,0.8569,0.284165
0.9467,0.6800,0.9076,0.283244
0.9467,0.6800,0.9477,0.282294
0.9467,0.6800,0.9766,0.283790
0.9467,0.6800,0.9941,0.281108
0.9467,0.6800,1.0000,0.280531
0.9467,0.7333,-1.0000,0.907742
0.9467,0.7333,-0.9941,0.906420
0.9467,0.7333,-0.9766,0.904005
0.9467,0.7333,-0.9477,0.899696
0.9467,0.7333,-0.9076,0.893228
0.9467,0.7333,-0.8569,0.886244
0.9467,0.7333,-0.7961,0.876559
0.9467,0.7333,-0.7260,0.866041
0.9467,0.7333,-0.6474,0.850629
0.9467,0.7333,-0.5612,0.832152
0.9467,0.7333,-0.4684,0.808137
0.9467,0.7333,-0.3701,0.773633
0.9467,0.7333,-0.2675,0.723542
0.9467,0.7333,-0.1618,0.641780
0.9467,0.7333,-0.0541,0.477433
0.9467,0.7333,0.0541,0.292880
0.9467,0.7333,0.1618,0.290893
0.9467,0.7333,0.2675,0.289186
0.9467,0.7333,0.3701,0.287944
0.9467,0.7333,0.4684,0.285549
0.9467,0.7333,0.5612,0.284262
0.9467,0.7333,0.6474,0.284604
0.9467,0.7333,0.7260,0.281343
0.9467,0.7333,0.7961,0.281044
0.9467,0.7333,0.8569,0.280036
0.9467,0.7333,0.9076,0.278636
0.9467,0.7333,0.9477,0.278379
0.9467,0.7333,0.9766,0.278574
0.9467,0.7333,0.9941,0.278116
0.9467,0.7333,1.0000,0.275164
0.9467,0.7867,-1.0000,0.910053
0.9467,0.7867,-0.9941,0.906154
0.9467,0.7867,-0.9766,0.901909
0.9467,0.7867,-0.9477,0.896355
0.9467,0.7867,-0.9076,0.888675
0.9467,0.7867,-0.8569,0.881669
0.9467,0.7867,-0.7961,0.871548
0.9467,0.7867,-0.7260,0.860412
0.9467,0.7867,-0.6474,0.845068
0.9467,0.7867,-0.5612,0.826724
0.9467,0.7867,-0.4684,0.800880
0.9467,0.7867,-0.3701,0.764493
0.9467,0.7867,-0.2675,0.714121
0.9467,0.7867,-0.1618,0.630451
0.9467,0.7867,-0.0541,0.462003
0.9467,0.7867,0.0541,0.276780
0.9467,0.7867,0.1618,0.276628
0.9467,0.7867,0.2675,0.275328
0.9467,0.7867,0.3701,0.273344
0.9467,0.7867,0.4684,0.278508
0.9467,0.7867,0.5612,0.278464
0.9467,0.7867,0.6474,0.268532
0.9467,0.7867,0.7260,0.266764
0.9467,0.7867,0.7961,0.264369
0.9467,0.7867,0.8569,0.263813
0.9467,0.7867,0.9076,0.262035
0.9467,0.7867,0.9477,0.262051
0.9467,0.7867,0.9766,0.260509
0.9467,0.7867,0.9941,0.259470
0.9467,0.7867,1.0000,0.259017
0.9467,0.8400,-1.0000,0.884867
0.9467,0.8400,-0.9941,0.880890
0.9467,0.8400,-0.9766,0.876130
0.9467,0.8400,-0.9477,0.870056
0.9467,0.8400,-0.9076,0.863853
0.9467,0.8400,-0.8569,0.854339
0.9467,0.8400,-0.7961,0.844657
0.9467,0.8400,-0.7260,0.830999
0.9467,0.8400,-0.6474,0.815688
0.9467,0.8400,-0.5612,0.793576
0.9467,0.8400,-0.4684,0.765124
0.9467,0.8400,-0.3701,0.726868
0.9467,0.8400,-0.2675,0.669875
0.9467,0.8400,-0.1618,0.580029
0.9467,0.8400,-0.0541,0.409883
0.9467,0.8400,0.0541,0.234423
0.9467,0.8400,0.1618,0.230008
0.9467,0.8400,0.2675,0.228580
0.9467,0.8400,0.3701,0.226342
0.9467,0.8400,0.4684,0.223830
0.9467,0.8400,0.5612,0.221975
0.9467,0.8400,0.6474,0.218844
0.9467,0.8400,0.7260,0.215742
0.9467,0.8400,0.7961,0.212807
0.9467,0.8400,0.8569,0.210487
0.9467,0.8400,0.9076,0.207366
0.9467,0.8400,0.9477,0.204287
0.9467,0.8400,0.9766,0.199556
0.9467,0.8400,0.9941,0.196504
0.9467,0.8400,1.0000,0.190716
0.9467,0.8933,-1.0000,0.667675
0.9467,0.8933,-0.9941,0.669242
0.9467,0.8933,-0.9766,0.671618
0.9467,0.8933,-0.9477,0.669241
0.9467,0.8933,-0.9076,0.663233
0.9467,0.8933,-0.8569,0.652455
0.9467,0.8933,-0.7961,0.644317
0.9467,0.8933,-0.7260,0.624797
0.9467,0.8933,-0.6474,0.601749
0.9467,0.8933,-0.5612,0.568845
0.9467,0.8933,-0.4684,0.531647
0.9467,0.8933,-0.3701,0.483970
0.9467,0.8933,-0.2675,0.414601
0.9467,0.8933,-0.1618,0.317563
0.9467,0.8933,-0.0541,0.171368
0.9467,0.8933,0.0541,0.056240
0.9467,0.8933,0.1618,0.052270
0.9467,0.8933,0.2675,0.046416
0.9467,0.8933,0.3701,0.040851
0.9467,0.8933,0.4684,0.034904
0.9467,0.8933,0.5612,0.027540
0.9467,0.8933,0.6474,0.021163
0.9467,0.8933,0.7260,0.016481
0.9467,0.8933,0.7961,0.010896
0.9467,0.8933,0.8569,0.007240
0.9467,0.8933,0.9076,0.003608
0.9467,0.8933,0.9477,0.002238
0.9467,0.8933,0.9766,0.001534
0.9467,0.8933,0.9941,0.004259
0.9467,0.8933,1.0000,0.007410
0.9467,0.9467,-1.0000,0.931328
0.9467,0.9467,-0.9941,0.929214
0.9467,0.9467,-0.9766,0.926294
0.9467,0.9467,-0.9477,0.923754
0.9467,0.9467,-0.9076,0.921914
0.9467,0.9467,-0.8569,0.920571
0.9467,0.9467,-0.7961,0.919718
0.9467,0.9467,-0.7260,0.918832
0.9467,0.9467,-0.6474,0.918921
0.9467,0.9467,-0.5612,0.919068
0.9467,0.9467,-0.4684,0.919364
0.9467,0.9467,-0.3701,0.919922
0.9467,0.9467,-0.2675,0.920862
0.9467,0.9467,-0.1618,0.921665
0.9467,0.9467,-0.0541,0.923219
0.9467,0.9467,0.0541,0.924422
0.9467,0.9467,0.1618,0.926396
0.9467,0.9467,0.2675,0.928045
0.9467,0.9467,0.3701,0.930042
0.9467,0.9467,0.4684,0.932372
0.9467,0.9467,0.5612,0.933829
0.9467,0.9467,0.6474,0.936325
0.9467,0.9467,0.7260,0.938565
0.9467,0.9467,0.7961,0.941750
0.9467,0.9467,0.8569,0.944714
0.9467,0.9467,0.9076,0.946597
0.9467,0.9467,0.9477,0.949524
0.9467,0.9467,0.9766,0.953124
0.9467,0.9467,0.9941,0.956245
0.9467,0.9467,1.0000,0.959157
1.0000,0.2000,-1.0000,0.033046
1.0000,0.2000,-0.9941,0.029038
1.0000,0.2000,-0.9766,0.033427
1.0000,0.2000,-0.9477,0.030344
1.0000,0.2000,-0.9076,0.029953
1.0000,0.2000,-0.8569,0.030852
1.0000,0.2000,-0.7961,0.028185
1.0000,0.2000,-0.7260,0.027964
1.0000,0.2000,-0.6474,0.027505
1.0000,0.2000,-0.5612,0.038346
1.0000,0.2000,-0.4684,0.056728
1.0000,0.2000,-0.3701,0.137544
1.0000,0.2000,-0.2675,0.323250
1.0000,0.2000,-0.1618,0.642445
1.0000,0.2000,-0.0541,0.868290
1.0000,0.2000,0.0541,0.813826
1.0000,0.2000,0.1618,0.637284
1.0000,0.2000,0.2675,0.316101
1.0000,0.2000,0.3701,0.149208
1.0000,0.2000,0.4684,0.069714
1.0000,0.2000,0.5612,0.045465
1.0000,0.2000,0.6474,0.038694
1.0000,0.2000,0.7260,0.044397
1.0000,0.2000,0.7961,0.032841
1.0000,0.2000,0.8569,0.037322
1.0000,0.2000,0.9076,0.038943
1.0000,0.2000,0.9477,0.032954
1.0000,0.2000,0.9766,0.032531
1.0000,0.2000,0.9941,0.038373
1.0000,0.2000,1.0000,0.032906
1.0000,0.2533,-1.0000,0.030863
1.0000,0.2533,-0.9941,0.030833
1.0000,0.2533,-0.9766,0.031032
1.0000,0.2533,-0.9477,0.029091
1.0000,0.2533,-0.9076,0.029504
1.0000,0.2533,-0.8569,0.030070
1.0000,0.2533,-0.7961,0.027428
1.0000,0.2533,-0.7260,0.027885
1.0000,0.2533,-0.6474,0.027172
1.0000,0.2533,-0.5612,0.035524
1.0000,0.2533,-0.4684,0.056975
1.0000,0.2533,-0.3701,0.163310
1.0000,0.2533,-0.2675,0.299054
1.0000,0.2533,-0.1618,0.657322
1.0000,0.2533,-0.0541,0.860381
1.0000,0.2533,0.0541,0.804808
1.0000,0.2533,0.1618,0.626394
1.0000,0.2533,0.2675,0.319851
1.0000,0.2533,0.3701,0.139873
1.0000,0.2533,0.4684,0.067817
1.0000,0.2533,0.5612,0.043136
1.0000,0.2533,0.6474,0.037027
1.0000,0.2533,0.7260,0.039802
1.0000,0.2533,0.7961,0.042969
1.0000,0.2533,0.8569,0.033237
1.0000,0.2533,0.9076,0.032653
1.0000,0.2533,0.9477,0.032864
1.0000,0.2533,0.9766,0.030950
1.0000,0.2533,0.9941,0.034660
1.0000,0.2533,1.0000,0.034401
1.0000,0.3067,-1.0000,0.029097
1.0000,0.3067,-0.9941,0.030175
1.0000,0.3067,-0.9766,0.028720
1.0000,0.3067,-0.9477,0.026977
1.0000,0.3067,-0.9076,0.029502
1.0000,0.3067,-0.8569,0.030199
1.0000,0.3067,-0.7961,0.027234
1.0000,0.3067,-0.7260,0.028802
1.0000,0.3067,-0.6474,0.024708
1.0000,0.3067,-0.5612,0.033191
1.0000,0.3067,-0.4684,0.105999
1.0000,0.3067,-0.3701,0.119146
1.0000,0.3067,-0.2675,0.296808
1.0000,0.3067,-0.1618,0.622508
1.0000,0.3067,-0.0541,0.841159
1.0000,0.3067,0.0541,0.788084
1.0000,0.3067,0.1618,0.624643
1.0000,0.3067,0.2675,0.295793
1.0000,0.3067,0.3701,0.140836
1.0000,0.3067,0.4684,0.066232
1.0000,0.3067,0.5612,0.046107
1.0000,0.3067,0.6474,0.034559
1.0000,0.3067,0.7260,0.041011
1.0000,0.3067,0.7961,0.037054
1.0000,0.3067,0.8569,0.034199
1.0000,0.3067,0.9076,0.031485
1.0000,0.3067,0.9477,0.034114
1.0000,0.3067,0.9766,0.034099
1.0000,0.3067,0.9941,0.035544
1.0000,0.3067,1.0000,0.032276
1.0000,0.3600,-1.0000,0.030488
1.0000,0.3600,-0.9941,0.029626
1.0000,0.3600,-0.9766,0.028819
1.0000,0.3600,-0.9477,0.028943
1.0000,0.3600,-0.9076,0.025645
1.0000,0.3600,-0.8569,0.029001
1.0000,0.3600,-0.7961,0.025516
1.0000,0.3600,-0.7260,0.025726
1.0000,0.3600,-0.6474,0.027413
1.0000,0.3600,-0.5612,0.039363
1.0000,0.3600,-0.4684,0.063258
1.0000,0.3600,-0.3701,0.127507
1.0000,0.3600,-0.2675,0.289165
1.0000,0.3600,-0.1618,0.629051
1.0000,0.3600,-0.0541,0.826519
1.0000,0.3600,0.0541,0.772685
1.0000,0.3600,0.1618,0.613686
1.0000,0.3600,0.2675,0.296294
1.0000,0.3600,0.3701,0.147796
1.0000,0.3600,0.4684,0.065933
1.0000,0.3600,0.5612,0.047895
1.0000,0.3600,0.6474,0.034802
1.0000,0.3600,0.7260,0.032195
1.0000,0.3600,0.7961,0.033103
1.0000,0.3600,0.8569,0.034375
1.0000,0.3600,0.9076,0.034517
1.0000,0.3600,0.9477,0.036155
1.0000,0.3600,0.9766,0.033836
1.0000,0.3600,0.9941,0.035278
1.0000,0.3600,1.0000,0.029925
1.0000,0.4133,-1.0000,0.028035
1.0000,0.4133,-0.9941,0.027259
1.0000,0.4133,-0.9766,0.027931
1.0000,0.4133,-0.9477,0.024884
1.0000,0.4133,-0.9076,0.026856
1.0000,0.4133,-0.8569,0.028758
1.0000,0.4133,-0.7961,0.027457
1.0000,0.4133,-0.7260,0.024504
1.0000,0.4133,-0.6474,0.027013
1.0000,0.4133,-0.5612,0.026745
1.0000,0.4133,-0.4684,0.054636
1.0000,0.4133,-0.3701,0.116765
1.0000,0.4133,-0.2675,0.299143
1.0000,0.4133,-0.1618,0.636492
1.0000,0.4133,-0.0541,0.806539
1.0000,0.4133,0.0541,0.752844
1.0000,0.4133,0.1618,0.597904
1.0000,0.4133,0.2675,0.304397
1.0000,0.4133,0.3701,0.132453
1.0000,0.4133,0.4684,0.070247
1.0000,0.4133,0.5612,0.039680
1.0000,0.4133,0.6474,0.042510
1.0000,0.4133,0.7260,0.030857
1.0000,0.4133,0.7961,0.037801
1.0000,0.4133,0.8569,0.034945
1.0000,0.4133,0.9076,0.028187
1.0000,0.4133,0.9477,0.029618
1.0000,0.4133,0.9766,0.029365
1.0000,0.4133,0.9941,0.031425
1.0000,0.4133,1.0000,0.032126
1.0000,0.4667,-1.0000,0.028285
1.0000,0.4667,-0.9941,0.025073
1.0000,0.4667,-0.9766,0.027270
1.0000,0.4667,-0.9477,0.026317
1.0000,0.4667,-0.9076,0.026928
1.0000,0.4667,-0.8569,0.024083
1.0000,0.4667,-0.7961,0.025051
1.0000,0.4667,-0.7260,0.031040
1.0000,0.4667,-0.6474,0.021947
1.0000,0.4667,-0.5612,0.031060
1.0000,0.4667,-0.4684,0.050987
1.0000,0.4667,-0.3701,0.123365
1.0000,0.4667,-0.2675,0.273805
1.0000,0.4667,-0.1618,0.611683
1.0000,0.4667,-0.0541,0.779919
1.0000,0.4667,0.0541,0.731163
1.0000,0.4667,0.1618,0.576942
1.0000,0.4667,0.2675,0.264765
1.0000,0.4667,0.3701,0.127783
1.0000,0.4667,0.4684,0.067038
1.0000,0.4667,0.5612,0.040596
1.0000,0.4667,0.6474,0.036791
1.0000,0.4667,0.7260,0.031438
1.0000,0.4667,0.7961,0.031866
1.0000,0.4667,0.8569,0.031416
1.0000,0.4667,0.9076,0.029951
1.0000,0.4667,0.9477,0.029311
1.0000,0.4667,0.9766,0.027912
1.0000,0.4667,0.9941,0.029148
1.0000,0.4667,1.0000,0.031428
1.0000,0.5200,-1.0000,0.025209
1.0000,0.5200,-0.9941,0.023992
1.0000,0.5200,-0.9766,0.024891
1.0000,0.5200,-0.9477,0.028279
1.0000,0.5200,-0.9076,0.025382
1.0000,0.5200,-0.8569,0.026359
1.0000,0.5200,-0.7961,0.025281
1.0000,0.5200,-0.7260,0.028042
1.0000,0.5200,-0.6474,0.022917
1.0000,0.5200,-0.5612,0.033173
1.0000,0.5200,-0.4684,0.051451
1.0000,0.5200,-0.3701,0.116521
1.0000,0.5200,-0.2675,0.271685
1.0000,0.5200,-0.1618,0.598410
1.0000,0.5200,-0.0541,0.750798
1.0000,0.5200,0.0541,0.698924
1.0000,0.5200,0.1618,0.572117
1.0000,0.5200,0.2675,0.276874
1.0000,0.5200,0.3701,0.137554
1.0000,0.5200,0.4684,0.062123
1.0000,0.5200,0.5612,0.043071
1.0000,0.5200,0.6474,0.036922
1.0000,0.5200,0.7260,0.032385
1.0000,0.5200,0.7961,0.031741
1.0000,0.5200,0.8569,0.031037
1.0000,0.5200,0.9076,0.031451
1.0000,0.5200,0.9477,0.027995
1.0000,0.5200,0.9766,0.028418
1.0000,0.5200,0.9941,0.026527
1.0000,0.5200,1.0000,0.026727
1.0000,0.5733,-1.0000,0.024470
1.0000,0.5733,-0.9941,0.023058
1.0000,0.5733,-0.9766,0.022681
1.0000,0.5733,-0.9477,0.023930
1.0000,0.5733,-0.9076,0.021392
1.0000,0.5733,-0.8569,0.022285
1.0000,0.5733,-0.7961,0.023017
1.0000,0.5733,-0.7260,0.023056
1.0000,0.5733,-0.6474,0.019329
1.0000,0.5733,-0.5612,0.032806
1.0000,0.5733,-0.4684,0.048304
1.0000,0.5733,-0.3701,0.112218
1.0000,0.5733,-0.2675,0.281464
1.0000,0.5733,-0.1618,0.577136
1.0000,0.5733,-0.0541,0.701446
1.0000,0.5733,0.0541,0.654822
1.0000,0.5733,0.1618,0.568233
1.0000,0.5733,0.2675,0.271819
1.0000,0.5733,0.3701,0.127161
1.0000,0.5733,0.4684,0.059905
1.0000,0.5733,0.5612,0.037629
1.0000,0.5733,0.6474,0.034173
1.0000,0.5733,0.7260,0.028620
1.0000,0.5733,0.7961,0.026473
1.0000,0.5733,0.8569,0.025382
1.0000,0.5733,0.9076,0.027079
1.0000,0.5733,0.9477,0.024113
1.0000,0.5733,0.9766,0.025876
1.0000,0.5733,0.9941,0.027181
1.0000,0.5733,1.0000,0.025267
1.0000,0.6267,-1.0000,0.023074
1.0000,0.6267,-0.9941,0.021220
1.0000,0.6267,-0.9766,0.018363
1.0000,0.6267,-0.9477,0.022545
1.0000,0.6267,-0.9076,0.017719
1.0000,0.6267,-0.8569,0.019738
1.0000,0.6267,-0.7961,0.022789
1.0000,0.6267,-0.7260,0.021080
1.0000,0.6267,-0.6474,0.021595
1.0000,0.6267,-0.5612,0.026272
1.0000,0.6267,-0.4684,0.043158
1.0000,0.6267,-0.3701,0.105780
1.0000,0.6267,-0.2675,0.254732
1.0000,0.6267,-0.1618,0.529906
1.0000,0.6267,-0.0541,0.628455
1.0000,0.6267,0.0541,0.592210
1.0000,0.6267,0.1618,0.520707
1.0000,0.6267,0.2675,0.248514
1.0000,0.6267,0.3701,0.110026
1.0000,0.6267,0.4684,0.054531
1.0000,0.6267,0.5612,0.034494
1.0000,0.6267,0.6474,0.028294
1.0000,0.6267,0.7260,0.025167
1.0000,0.6267,0.7961,0.024151
1.0000,0.6267,0.8569,0.023754
1.0000,0.6267,0.9076,0.022076
1.0000,0.6267,0.9477,0.020929
1.0000,0.6267,0.9766,0.020593
1.0000,0.6267,0.9941,0.021646
1.0000,0.6267,1.0000,0.019289
1.0000,0.6800,-1.0000,0.016711
1.0000,0.6800,-0.9941,0.013776
1.0000,0.6800,-0.9766,0.015316
1.0000,0.6800,-0.9477,0.013398
1.0000,0.6800,-0.9076,0.178685
1.0000,0.6800,-0.8569,0.014538
1.0000,0.6800,-0.7961,0.145567
1.0000,0.6800,-0.7260,0.132522
1.0000,0.6800,-0.6474,0.179673
1.0000,0.6800,-0.5612,0.288395
1.0000,0.6800,-0.4684,0.315085
1.0000,0.6800,-0.3701,0.258900
1.0000,0.6800,-0.2675,0.404978
1.0000,0.6800,-0.1618,0.526000
1.0000,0.6800,-0.0541,0.498484
1.0000,0.6800,0.0541,0.412022
1.0000,0.6800,0.1618,0.420688
1.0000,0.6800,0.2675,0.242712
1.0000,0.6800,0.3701,0.181038
1.0000,0.6800,0.4684,0.179703
1.0000,0.6800,0.5612,0.186994
1.0000,0.6800,0.6474,0.191433
1.0000,0.6800,0.7260,0.205175
1.0000,0.6800,0.7961,0.211390
1.0000,0.6800,0.8569,0.225938
1.0000,0.6800,0.9076,0.228575
1.0000,0.6800,0.9477,0.234559
1.0000,0.6800,0.9766,0.236905
1.0000,0.6800,0.9941,0.238246
1.0000,0.6800,1.0000,0.242359
1.0000,0.7333,-1.0000,0.855228
1.0000,0.7333,-0.9941,0.865224
1.0000,0.7333,-0.9766,0.873335
1.0000,0.7333,-0.9477,0.872499
1.0000,0.7333,-0.9076,0.873229
1.0000,0.7333,-0.8569,0.868525
1.0000,0.7333,-0.7961,0.865639
1.0000,0.7333,-0.7260,0.853521
1.0000,0.7333,-0.6474,0.843951
1.0000,0.7333,-0.5612,0.826400
1.0000,0.7333,-0.4684,0.803350
1.0000,0.7333,-0.3701,0.768444
1.0000,0.7333,-0.2675,0.721973
1.0000,0.7333,-0.1618,0.643234
1.0000,0.7333,-0.0541,0.481235
1.0000,0.7333,0.0541,0.299267
1.0000,0.7333,0.1618,0.296818
1.0000,0.7333,0.2675,0.292239
1.0000,0.7333,0.3701,0.298129
1.0000,0.7333,0.4684,0.291592
1.0000,0.7333,0.5612,0.288164
1.0000,0.7333,0.6474,0.287835
1.0000,0.7333,0.7260,0.286177
1.0000,0.7333,0.7961,0.286618
1.0000,0.7333,0.8569,0.284939
1.0000,0.7333,0.9076,0.285297
1.0000,0.7333,0.9477,0.281717
1.0000,0.7333,0.9766,0.283389
1.0000,0.7333,0.9941,0.283898
1.0000,0.7333,1.0000,0.281666
1.0000,0.7867,-1.0000,0.913224
1.0000,0.7867,-0.9941,0.909730
1.0000,0.7867,-0.9766,0.904773
1.0000,0.7867,-0.9477,0.900320
1.0000,0.7867,-0.9076,0.893945
1.0000,0.7867,-0.8569,0.886399
1.0000,0.7867,-0.7961,0.876496
1.0000,0.7867,-0.7260,0.864702
1.0000,0.7867,-0.6474,0.850336
1.0000,0.7867,-0.5612,0.833117
1.0000,0.7867,-0.4684,0.806911
1.0000,0.7867,-0.3701,0.772996
1.0000,0.7867,-0.2675,0.721789
1.0000,0.7867,-0.1618,0.641060
1.0000,0.7867,-0.0541,0.475075
1.0000,0.7867,0.0541,0.290752
1.0000,0.7867,0.1618,0.289487
1.0000,0.7867,0.2675,0.287355
1.0000,0.7867,0.3701,0.285008
1.0000,0.7867,0.4684,0.283754
1.0000,0.7867,0.5612,0.281822
1.0000,0.7867,0.6474,0.280626
1.0000,0.7867,0.7260,0.279087
1.0000,0.7867,0.7961,0.279081
1.0000,0.7867,0.8569,0.276032
1.0000,0.7867,0.9076,0.276976
1.0000,0.7867,0.9477,0.277161
1.0000,0.7867,0.9766,0.274913
1.0000,0.7867,0.9941,0.275289
1.0000,0.7867,1.0000,0.273293
1.0000,0.8400,-1.0000,0.908005
1.0000,0.8400,-0.9941,0.903983
1.0000,0.8400,-0.9766,0.900170
1.0000,0.8400,-0.9477,0.893810
1.0000,0.8400,-0.9076,0.886881
1.0000,0.8400,-0.8569,0.879062
1.0000,0.8400,-0.7961,0.869514
1.0000,0.8400,-0.7260,0.857921
1.0000,0.8400,-0.6474,0.842575
1.0000,0.8400,-0.5612,0.823253
1.0000,0.8400,-0.4684,0.797406
1.0000,0.8400,-0.3701,0.761721
1.0000,0.8400,-0.2675,0.709997
1.0000,0.8400,-0.1618,0.626484
1.0000,0.8400,-0.0541,0.457609
1.0000,0.8400,0.0541,0.274302
1.0000,0.8400,0.1618,0.272353
1.0000,0.8400,0.2675,0.269233
1.0000,0.8400,0.3701,0.267657
1.0000,0.8400,0.4684,0.266634
1.0000,0.8400,0.5612,0.263877
1.0000,0.8400,0.6474,0.263054
1.0000,0.8400,0.7260,0.260725
1.0000,0.8400,0.7961,0.273386
1.0000,0.8400,0.8569,0.257745
1.0000,0.8400,0.9076,0.257275
1.0000,0.8400,0.9477,0.256350
1.0000,0.8400,0.9766,0.254868
1.0000,0.8400,0.9941,0.251861
1.0000,0.8400,1.0000,0.248685
1.0000,0.8933,-1.0000,0.873995
1.0000,0.8933,-0.9941,0.870423
1.0000,0.8933,-0.9766,0.866571
1.0000,0.8933,-0.9477,0.860761
1.0000,0.8933,-0.9076,0.853479
1.0000,0.8933,-0.8569,0.845041
1.0000,0.8933,-0.7961,0.835330
1.0000,0.8933,-0.7260,0.820588
1.0000,0.8933,-0.6474,0.804324
1.0000,0.8933,-0.5612,0.781003
1.0000,0.8933,-0.4684,0.752924
1.0000,0.8933,-0.3701,0.711607
1.0000,0.8933,-0.2675,0.653865
1.0000,0.8933,-0.1618,0.562074
1.0000,0.8933,-0.0541,0.391226
1.0000,0.8933,0.0541,0.219443
1.0000,0.8933,0.1618,0.216900
1.0000,0.8933,0.2675,0.213673
1.0000,0.8933,0.3701,0.211863
1.0000,0.8933,0.4684,0.209559
1.0000,0.8933,0.5612,0.206157
1.0000,0.8933,0.6474,0.202238
1.0000,0.8933,0.7260,0.199556
1.0000,0.8933,0.7961,0.196519
1.0000,0.8933,0.8569,0.192960
1.0000,0.8933,0.9076,0.190135
1.0000,0.8933,0.9477,0.183214
1.0000,0.8933,0.9766,0.177676
1.0000,0.8933,0.9941,0.176229
1.0000,0.8933,1.0000,0.169948
1.0000,0.9467,-1.0000,0.651832
1.0000,0.9467,-0.9941,0.647676
1.0000,0.9467,-0.9766,0.643927
1.0000,0.9467,-0.9477,0.638814
1.0000,0.9467,-0.9076,0.636203
1.0000,0.9467,-0.8569,0.626510
1.0000,0.9467,-0.7961,0.613994
1.0000,0.9467,-0.7260,0.592838
1.0000,0.9467,-0.6474,0.568060
1.0000,0.9467,-0.5612,0.538132
1.0000,0.9467,-0.4684,0.495966
1.0000,0.9467,-0.3701,0.449495
1.0000,0.9467,-0.2675,0.379657
1.0000,0.9467,-0.1618,0.287751
1.0000,0.9467,-0.0541,0.142085
1.0000,0.9467,0.0541,0.034975
1.0000,0.9467,0.1618,0.032728
1.0000,0.9467,0.2675,0.028119
1.0000,0.9467,0.3701,0.023058
1.0000,0.9467,0.4684,0.019313
1.0000,0.9467,0.5612,0.013762
1.0000,0.9467,0.6474,0.009884
1.0000,0.9467,0.7260,0.006138
1.0000,0.9467,0.7961,0.003738
1.0000,0.9467,0.8569,0.001944
1.0000,0.9467,0.9076,0.001776
1.0000,0.9467,0.9477,0.002267
1.0000,0.9467,0.9766,0.006119
1.0000,0.9467,0.9941,0.014346
1.0000,0.9467,1.0000,0.025843
1.0000,1.0000,-1.0000,0.896017
1.0000,1.0000,-0.9941,0.892894
1.0000,1.0000,-0.9766,0.890749
1.0000,1.0000,-0.9477,0.887816
1.0000,1.0000,-0.9076,0.885096
1.0000,1.0000,-0.8569,0.883779
1.0000,1.0000,-0.7961,0.883712
1.0000,1.0000,-0.7260,0.881648
1.0000,1.0000,-0.6474,0.881652
1.0000,1.0000,-0.5612,0.881052
1.0000,1.0000,-0.4684,0.881515
1.0000,1.0000,-0.3701,0.881937
1.0000,1.0000,-0.2675,0.883564
1.0000,1.0000,-0.1618,0.884304
1.0000,1.0000,-0.0541,0.885742
1.0000,1.0000,0.0541,0.887058
1.0000,1.0000,0.1618,0.889416
1.0000,1.0000,0.2675,0.890785
1.0000,1.0000,0.3701,0.893059
1.0000,1.0000,0.4684,0.895415
1.0000,1.0000,0.5612,0.897252
1.0000,1.0000,0.6474,0.900392
1.0000,1.0000,0.7260,0.903305
1.0000,1.0000,0.7961,0.906185
1.0000,1.0000,0.8569,0.909159
1.0000,1.0000,0.9076,0.911994
1.0000,1.0000,0.9477,0.915889
1.0000,1.0000,0.9766,0.919742
1.0000,1.0000,0.9941,0.923984
1.0000,1.0000,1.0000,0.927209
