alpha,beta,rho,fitted_exponent
0.2000,0.2000,-1.0000,0.970709
0.2000,0.2000,-0.9941,0.919576
0.2000,0.2000,-0.9766,0.869027
0.2000,0.2000,-0.9477,0.825824
0.2000,0.2000,-0.9076,0.791526
0.2000,0.2000,-0.8569,0.759616
0.2000,0.2000,-0.7961,0.731888
0.2000,0.2000,-0.7260,0.705713
0.2000,0.2000,-0.6474,0.684483
0.2000,0.2000,-0.5612,0.665898
0.2000,0.2000,-0.4684,0.648842
0.2000,0.2000,-0.3701,0.633756
0.2000,0.2000,-0.2675,0.620753
0.2000,0.2000,-0.1618,0.610693
0.2000,0.2000,-0.0541,0.600471
0.2000,0.2000,0.0541,0.592642
0.2000,0.2000,0.1618,0.584990
0.2000,0.2000,0.2675,0.578167
0.2000,0.2000,0.3701,0.574416
0.2000,0.2000,0.4684,0.571256
0.2000,0.2000,0.5612,0.568872
0.2000,0.2000,0.6474,0.567108
0.2000,0.2000,0.7260,0.564612
0.2000,0.2000,0.7961,0.563093
0.2000,0.2000,0.8569,0.565378
0.2000,0.2000,0.9076,0.566502
0.2000,0.2000,0.9477,0.567843
0.2000,0.2000,0.9766,0.568914
0.2000,0.2000,0.9941,0.572135
0.2000,0.2000,1.0000,0.577576
0.2533,0.2000,-1.0000,0.516084
0.2533,0.2000,-0.9941,0.550862
0.2533,0.2000,-0.9766,0.594000
0.2533,0.2000,-0.9477,0.653373
0.2533,0.2000,-0.9076,0.729627
0.2533,0.2000,-0.8569,0.851386
0.2533,0.2000,-0.7961,1.027905
0.2533,0.2000,-0.7260,1.111132
0.2533,0.2000,-0.6474,1.090589
0.2533,0.2000,-0.5612,1.019089
0.2533,0.2000,-0.4684,0.920963
0.2533,0.2000,-0.3701,0.797841
0.2533,0.2000,-0.2675,0.637537
0.2533,0.2000,-0.1618,0.474653
0.2533,0.2000,-0.0541,0.455629
0.2533,0.2000,0.0541,0.438994
0.2533,0.2000,0.1618,0.425059
0.2533,0.2000,0.2675,0.411992
0.2533,0.2000,0.3701,0.400628
0.2533,0.2000,0.4684,0.391408
0.2533,0.2000,0.5612,0.382531
0.2533,0.2000,0.6474,0.375047
0.2533,0.2000,0.7260,0.368296
0.2533,0.2000,0.7961,0.363846
0.2533,0.2000,0.8569,0.358154
0.2533,0.2000,0.9076,0.353583
0.2533,0.2000,0.9477,0.349839
0.2533,0.2000,0.9766,0.345760
0.2533,0.2000,0.9941,0.343330
0.2533,0.2000,1.0000,0.339806
0.2533,0.2533,-1.0000,0.835343
0.2533,0.2533,-0.9941,0.799172
0.2533,0.2533,-0.9766,0.764867
0.2533,0.2533,-0.9477,0.736646
0.2533,0.2533,-0.9076,0.710341
0.2533,0.2533,-0.8569,0.690109
0.2533,0.2533,-0.7961,0.671904
0.2533,0.2533,-0.7260,0.654001
0.2533,0.2533,-0.6474,0.641192
0.2533,0.2533,-0.5612,0.627677
0.2533,0.2533,-0.4684,0.617945
0.2533,0.2533,-0.3701,0.608600
0.2533,0.2533,-0.2675,0.600466
0.2533,0.2533,-0.1618,0.593503
0.2533,0.2533,-0.0541,0.586756
0.2533,0.2533,0.0541,0.583237
0.2533,0.2533,0.1618,0.578155
0.2533,0.2533,0.2675,0.575602
0.2533,0.2533,0.3701,0.572506
0.2533,0.2533,0.4684,0.570227
0.2533,0.2533,0.5612,0.569871
0.2533,0.2533,0.6474,0.570281
0.2533,0.2533,0.7260,0.571285
0.2533,0.2533,0.7961,0.572904
0.2533,0.2533,0.8569,0.574314
0.2533,0.2533,0.9076,0.576569
0.2533,0.2533,0.9477,0.580518
0.2533,0.2533,0.9766,0.584491
0.2533,0.2533,0.9941,0.588889
0.2533,0.2533,1.0000,0.595359
0.3067,0.2000,-1.0000,0.356026
0.3067,0.2000,-0.9941,0.367065
0.3067,0.2000,-0.9766,0.382278
0.3067,0.2000,-0.9477,0.397899
0.3067,0.2000,-0.9076,0.418025
0.3067,0.2000,-0.8569,0.437963
0.3067,0.2000,-0.7961,0.461260
0.3067,0.2000,-0.7260,0.488335
0.3067,0.2000,-0.6474,0.514847
0.3067,0.2000,-0.5612,0.544183
0.3067,0.2000,-0.4684,0.572323
0.3067,0.2000,-0.3701,0.598904
0.3067,0.2000,-0.2675,0.615964
0.3067,0.2000,-0.1618,0.557407
0.3067,0.2000,-0.0541,0.411449
0.3067,0.2000,0.0541,0.452939
0.3067,0.2000,0.1618,0.516349
0.3067,0.2000,0.2675,0.519674
0.3067,0.2000,0.3701,0.492107
0.3067,0.2000,0.4684,0.458808
0.3067,0.2000,0.5612,0.432519
0.3067,0.2000,0.6474,0.412528
0.3067,0.2000,0.7260,0.393177
0.3067,0.2000,0.7961,0.376774
0.3067,0.2000,0.8569,0.361000
0.3067,0.2000,0.9076,0.351827
0.3067,0.2000,0.9477,0.341848
0.3067,0.2000,0.9766,0.333797
0.3067,0.2000,0.9941,0.326474
0.3067,0.2000,1.0000,0.320603
0.3067,0.2533,-1.0000,0.341080
0.3067,0.2533,-0.9941,0.384309
0.3067,0.2533,-0.9766,0.465652
0.3067,0.2533,-0.9477,0.602591
0.3067,0.2533,-0.9076,0.803386
0.3067,0.2533,-0.8569,0.947380
0.3067,0.2533,-0.7961,0.984188
0.3067,0.2533,-0.7260,0.978936
0.3067,0.2533,-0.6474,0.960802
0.3067,0.2533,-0.5612,0.938296
0.3067,0.2533,-0.4684,0.884624
0.3067,0.2533,-0.3701,0.807526
0.3067,0.2533,-0.2675,0.684962
0.3067,0.2533,-0.1618,0.512713
0.3067,0.2533,-0.0541,0.320103
0.3067,0.2533,0.0541,0.311500
0.3067,0.2533,0.1618,0.304077
0.3067,0.2533,0.2675,0.297436
0.3067,0.2533,0.3701,0.291354
0.3067,0.2533,0.4684,0.285036
0.3067,0.2533,0.5612,0.280158
0.3067,0.2533,0.6474,0.275503
0.3067,0.2533,0.7260,0.272428
0.3067,0.2533,0.7961,0.268766
0.3067,0.2533,0.8569,0.264855
0.3067,0.2533,0.9076,0.261980
0.3067,0.2533,0.9477,0.259030
0.3067,0.2533,0.9766,0.257094
0.3067,0.2533,0.9941,0.254946
0.3067,0.2533,1.0000,0.252110
0.3067,0.3067,-1.0000,0.773230
0.3067,0.3067,-0.9941,0.749090
0.3067,0.3067,-0.9766,0.726923
0.3067,0.3067,-0.9477,0.709513
0.3067,0.3067,-0.9076,0.693260
0.3067,0.3067,-0.8569,0.679232
0.3067,0.3067,-0.7961,0.666444
0.3067,0.3067,-0.7260,0.655770
0.3067,0.3067,-0.6474,0.646440
0.3067,0.3067,-0.5612,0.637873
0.3067,0.3067,-0.4684,0.630759
0.3067,0.3067,-0.3701,0.624769
0.3067,0.3067,-0.2675,0.619447
0.3067,0.3067,-0.1618,0.615359
0.3067,0.3067,-0.0541,0.612304
0.3067,0.3067,0.0541,0.610578
0.3067,0.3067,0.1618,0.608265
0.3067,0.3067,0.2675,0.608052
0.3067,0.3067,0.3701,0.606284
0.3067,0.3067,0.4684,0.606972
0.3067,0.3067,0.5612,0.608139
0.3067,0.3067,0.6474,0.609540
0.3067,0.3067,0.7260,0.611303
0.3067,0.3067,0.7961,0.614446
0.3067,0.3067,0.8569,0.616406
0.3067,0.3067,0.9076,0.620629
0.3067,0.3067,0.9477,0.625634
0.3067,0.3067,0.9766,0.629791
0.3067,0.3067,0.9941,0.636072
0.3067,0.3067,1.0000,0.642337
0.3600,0.2000,-1.0000,0.464783
0.3600,0.2000,-0.9941,0.475156
0.3600,0.2000,-0.9766,0.489360
0.3600,0.2000,-0.9477,0.501692
0.3600,0.2000,-0.9076,0.515358
0.3600,0.2000,-0.8569,0.532692
0.3600,0.2000,-0.7961,0.547066
0.3600,0.2000,-0.7260,0.565654
0.3600,0.2000,-0.6474,0.582649
0.3600,0.2000,-0.5612,0.597612
0.3600,0.2000,-0.4684,0.606778
0.3600,0.2000,-0.3701,0.611280
0.3600,0.2000,-0.2675,0.595776
0.3600,0.2000,-0.1618,0.540232
0.3600,0.2000,-0.0541,0.318017
0.3600,0.2000,0.0541,0.293987
0.3600,0.2000,0.1618,0.474521
0.3600,0.2000,0.2675,0.541880
0.3600,0.2000,0.3701,0.569362
0.3600,0.2000,0.4684,0.577338
0.3600,0.2000,0.5612,0.572511
0.3600,0.2000,0.6474,0.566999
0.3600,0.2000,0.7260,0.554869
0.3600,0.2000,0.7961,0.540812
0.3600,0.2000,0.8569,0.526402
0.3600,0.2000,0.9076,0.515283
0.3600,0.2000,0.9477,0.502742
0.3600,0.2000,0.9766,0.487996
0.3600,0.2000,0.9941,0.474285
0.3600,0.2000,1.0000,0.464485
0.3600,0.2533,-1.0000,0.322959
0.3600,0.2533,-0.9941,0.332840
0.3600,0.2533,-0.9766,0.346340
0.3600,0.2533,-0.9477,0.364409
0.3600,0.2533,-0.9076,0.380049
0.3600,0.2533,-0.8569,0.401137
0.3600,0.2533,-0.7961,0.423629
0.3600,0.2533,-0.7260,0.443251
0.3600,0.2533,-0.6474,0.462157
0.3600,0.2533,-0.5612,0.476888
0.3600,0.2533,-0.4684,0.487703
0.3600,0.2533,-0.3701,0.495457
0.3600,0.2533,-0.2675,0.491664
0.3600,0.2533,-0.1618,0.464927
0.3600,0.2533,-0.0541,0.321408
0.3600,0.2533,0.0541,0.359196
0.3600,0.2533,0.1618,0.458745
0.3600,0.2533,0.2675,0.465113
0.3600,0.2533,0.3701,0.425859
0.3600,0.2533,0.4684,0.387828
0.3600,0.2533,0.5612,0.362278
0.3600,0.2533,0.6474,0.343976
0.3600,0.2533,0.7260,0.332367
0.3600,0.2533,0.7961,0.319466
0.3600,0.2533,0.8569,0.310557
0.3600,0.2533,0.9076,0.303547
0.3600,0.2533,0.9477,0.295851
0.3600,0.2533,0.9766,0.292243
0.3600,0.2533,0.9941,0.286097
0.3600,0.2533,1.0000,0.281465
0.3600,0.3067,-1.0000,0.477590
0.3600,0.3067,-0.9941,0.649975
0.3600,0.3067,-0.9766,0.798570
0.3600,0.3067,-0.9477,0.875199
0.3600,0.3067,-0.9076,0.909436
0.3600,0.3067,-0.8569,0.903735
0.3600,0.3067,-0.7961,0.898204
0.3600,0.3067,-0.7260,0.885448
0.3600,0.3067,-0.6474,0.871150
0.3600,0.3067,-0.5612,0.852067
0.3600,0.3067,-0.4684,0.825210
0.3600,0.3067,-0.3701,0.780297
0.3600,0.3067,-0.2675,0.692060
0.3600,0.3067,-0.1618,0.545135
0.3600,0.3067,-0.0541,0.298094
0.3600,0.3067,0.0541,0.235012
0.3600,0.3067,0.1618,0.230324
0.3600,0.3067,0.2675,0.228514
0.3600,0.3067,0.3701,0.223855
0.3600,0.3067,0.4684,0.220487
0.3600,0.3067,0.5612,0.218094
0.3600,0.3067,0.6474,0.215935
0.3600,0.3067,0.7260,0.212621
0.3600,0.3067,0.7961,0.211417
0.3600,0.3067,0.8569,0.208643
0.3600,0.3067,0.9076,0.205528
0.3600,0.3067,0.9477,0.204031
0.3600,0.3067,0.9766,0.202335
0.3600,0.3067,0.9941,0.199984
0.3600,0.3067,1.0000,0.198331
0.3600,0.3600,-1.0000,0.800677
0.3600,0.3600,-0.9941,0.784783
0.3600,0.3600,-0.9766,0.767569
0.3600,0.3600,-0.9477,0.751872
0.3600,0.3600,-0.9076,0.739365
0.3600,0.3600,-0.8569,0.727462
0.3600,0.3600,-0.7961,0.717400
0.3600,0.3600,-0.7260,0.710328
0.3600,0.3600,-0.6474,0.702043
0.3600,0.3600,-0.5612,0.696565
0.3600,0.3600,-0.4684,0.690368
0.3600,0.3600,-0.3701,0.686216
0.3600,0.3600,-0.2675,0.683435
0.3600,0.3600,-0.1618,0.680910
0.3600,0.3600,-0.0541,0.678467
0.3600,0.3600,0.0541,0.676123
0.3600,0.3600,0.1618,0.675474
0.3600,0.3600,0.2675,0.676416
0.3600,0.3600,0.3701,0.676747
0.3600,0.3600,0.4684,0.678036
0.3600,0.3600,0.5612,0.680439
0.3600,0.3600,0.6474,0.682670
0.3600,0.3600,0.7260,0.685074
0.3600,0.3600,0.7961,0.688460
0.3600,0.3600,0.8569,0.693298
0.3600,0.3600,0.9076,0.699058
0.3600,0.3600,0.9477,0.703809
0.3600,0.3600,0.9766,0.709658
0.3600,0.3600,0.9941,0.717985
0.3600,0.3600,1.0000,0.726019
0.4133,0.2000,-1.0000,0.522752
0.4133,0.2000,-0.9941,0.533483
0.4133,0.2000,-0.9766,0.547414
0.4133,0.2000,-0.9477,0.564531
0.4133,0.2000,-0.9076,0.580437
0.4133,0.2000,-0.8569,0.599437
0.4133,0.2000,-0.7961,0.619297
0.4133,0.2000,-0.7260,0.640217
0.4133,0.2000,-0.6474,0.660251
0.4133,0.2000,-0.5612,0.681646
0.4133,0.2000,-0.4684,0.699554
0.4133,0.2000,-0.3701,0.711099
0.4133,0.2000,-0.2675,0.706679
0.4133,0.2000,-0.1618,0.665680
0.4133,0.2000,-0.0541,0.480076
0.4133,0.2000,0.0541,0.405116
0.4133,0.2000,0.1618,0.603178
0.4133,0.2000,0.2675,0.659515
0.4133,0.2000,0.3701,0.675285
0.4133,0.2000,0.4684,0.672281
0.4133,0.2000,0.5612,0.659909
0.4133,0.2000,0.6474,0.643965
0.4133,0.2000,0.7260,0.625722
0.4133,0.2000,0.7961,0.609555
0.4133,0.2000,0.8569,0.590430
0.4133,0.2000,0.9076,0.575004
0.4133,0.2000,0.9477,0.558494
0.4133,0.2000,0.9766,0.546240
0.4133,0.2000,0.9941,0.533475
0.4133,0.2000,1.0000,0.521062
0.4133,0.2533,-1.0000,0.478303
0.4133,0.2533,-0.9941,0.488424
0.4133,0.2533,-0.9766,0.500854
0.4133,0.2533,-0.9477,0.514931
0.4133,0.2533,-0.9076,0.529207
0.4133,0.2533,-0.8569,0.545332
0.4133,0.2533,-0.7961,0.560965
0.4133,0.2533,-0.7260,0.577603
0.4133,0.2533,-0.6474,0.592953
0.4133,0.2533,-0.5612,0.610602
0.4133,0.2533,-0.4684,0.619734
0.4133,0.2533,-0.3701,0.619850
0.4133,0.2533,-0.2675,0.604922
0.4133,0.2533,-0.1618,0.544480
0.4133,0.2533,-0.0541,0.340096
0.4133,0.2533,0.0541,0.300368
0.4133,0.2533,0.1618,0.491661
0.4133,0.2533,0.2675,0.560203
0.4133,0.2533,0.3701,0.585732
0.4133,0.2533,0.4684,0.590465
0.4133,0.2533,0.5612,0.586220
0.4133,0.2533,0.6474,0.578236
0.4133,0.2533,0.7260,0.565756
0.4133,0.2533,0.7961,0.552353
0.4133,0.2533,0.8569,0.537522
0.4133,0.2533,0.9076,0.525973
0.4133,0.2533,0.9477,0.512474
0.4133,0.2533,0.9766,0.499712
0.4133,0.2533,0.9941,0.486936
0.4133,0.2533,1.0000,0.474102
0.4133,0.3067,-1.0000,0.297051
0.4133,0.3067,-0.9941,0.306680
0.4133,0.3067,-0.9766,0.320648
0.4133,0.3067,-0.9477,0.336125
0.4133,0.3067,-0.9076,0.355400
0.4133,0.3067,-0.8569,0.378104
0.4133,0.3067,-0.7961,0.404384
0.4133,0.3067,-0.7260,0.427095
0.4133,0.3067,-0.6474,0.439465
0.4133,0.3067,-0.5612,0.446274
0.4133,0.3067,-0.4684,0.453356
0.4133,0.3067,-0.3701,0.456142
0.4133,0.3067,-0.2675,0.464902
0.4133,0.3067,-0.1618,0.486778
0.4133,0.3067,-0.0541,0.401840
0.4133,0.3067,0.0541,0.349886
0.4133,0.3067,0.1618,0.369231
0.4133,0.3067,0.2675,0.345892
0.4133,0.3067,0.3701,0.323881
0.4133,0.3067,0.4684,0.310423
0.4133,0.3067,0.5612,0.299266
0.4133,0.3067,0.6474,0.290742
0.4133,0.3067,0.7260,0.283592
0.4133,0.3067,0.7961,0.278381
0.4133,0.3067,0.8569,0.274178
0.4133,0.3067,0.9076,0.270063
0.4133,0.3067,0.9477,0.267311
0.4133,0.3067,0.9766,0.265647
0.4133,0.3067,0.9941,0.261231
0.4133,0.3067,1.0000,0.260988
0.4133,0.3600,-1.0000,0.807794
0.4133,0.3600,-0.9941,0.856064
0.4133,0.3600,-0.9766,0.870402
0.4133,0.3600,-0.9477,0.874970
0.4133,0.3600,-0.9076,0.875142
0.4133,0.3600,-0.8569,0.868160
0.4133,0.3600,-0.7961,0.859064
0.4133,0.3600,-0.7260,0.846519
0.4133,0.3600,-0.6474,0.831724
0.4133,0.3600,-0.5612,0.810861
0.4133,0.3600,-0.4684,0.784368
0.4133,0.3600,-0.3701,0.747217
0.4133,0.3600,-0.2675,0.689229
0.4133,0.3600,-0.1618,0.562428
0.4133,0.3600,-0.0541,0.323206
0.4133,0.3600,0.0541,0.205215
0.4133,0.3600,0.1618,0.204220
0.4133,0.3600,0.2675,0.201762
0.4133,0.3600,0.3701,0.199899
0.4133,0.3600,0.4684,0.197222
0.4133,0.3600,0.5612,0.194573
0.4133,0.3600,0.6474,0.192642
0.4133,0.3600,0.7260,0.190817
0.4133,0.3600,0.7961,0.188964
0.4133,0.3600,0.8569,0.186870
0.4133,0.3600,0.9076,0.184263
0.4133,0.3600,0.9477,0.182709
0.4133,0.3600,0.9766,0.180926
0.4133,0.3600,0.9941,0.178990
0.4133,0.3600,1.0000,0.176867
0.4133,0.4133,-1.0000,0.891812
0.4133,0.4133,-0.9941,0.875992
0.4133,0.4133,-0.9766,0.860874
0.4133,0.4133,-0.9477,0.846071
0.4133,0.4133,-0.9076,0.835083
0.4133,0.4133,-0.8569,0.824245
0.4133,0.4133,-0.7961,0.814930
0.4133,0.4133,-0.7260,0.806940
0.4133,0.4133,-0.6474,0.798998
0.4133,0.4133,-0.5612,0.792497
0.4133,0.4133,-0.4684,0.789288
0.4133,0.4133,-0.3701,0.783006
0.4133,0.4133,-0.2675,0.781456
0.4133,0.4133,-0.1618,0.779242
0.4133,0.4133,-0.0541,0.776729
0.4133,0.4133,0.0541,0.776229
0.4133,0.4133,0.1618,0.776141
0.4133,0.4133,0.2675,0.775907
0.4133,0.4133,0.3701,0.777365
0.4133,0.4133,0.4684,0.780453
0.4133,0.4133,0.5612,0.783239
0.4133,0.4133,0.6474,0.787729
0.4133,0.4133,0.7260,0.791968
0.4133,0.4133,0.7961,0.797615
0.4133,0.4133,0.8569,0.803587
0.4133,0.4133,0.9076,0.810726
0.4133,0.4133,0.9477,0.819983
0.4133,0.4133,0.9766,0.829719
0.4133,0.4133,0.9941,0.841030
0.4133,0.4133,1.0000,0.851814
0.4667,0.2000,-1.0000,0.547638
0.4667,0.2000,-0.9941,0.560891
0.4667,0.2000,-0.9766,0.576330
0.4667,0.2000,-0.9477,0.593977
0.4667,0.2000,-0.9076,0.613186
0.4667,0.2000,-0.8569,0.634037
0.4667,0.2000,-0.7961,0.654541
0.4667,0.2000,-0.7260,0.677686
0.4667,0.2000,-0.6474,0.702940
0.4667,0.2000,-0.5612,0.728536
0.4667,0.2000,-0.4684,0.750143
0.4667,0.2000,-0.3701,0.771514
0.4667,0.2000,-0.2675,0.779715
0.4667,0.2000,-0.1618,0.757819
0.4667,0.2000,-0.0541,0.600263
0.4667,0.2000,0.0541,0.521076
0.4667,0.2000,0.1618,0.703170
0.4667,0.2000,0.2675,0.742836
0.4667,0.2000,0.3701,0.742893
0.4667,0.2000,0.4684,0.729376
0.4667,0.2000,0.5612,0.711550
0.4667,0.2000,0.6474,0.688396
0.4667,0.2000,0.7260,0.668984
0.4667,0.2000,0.7961,0.646736
0.4667,0.2000,0.8569,0.627078
0.4667,0.2000,0.9076,0.606200
0.4667,0.2000,0.9477,0.589707
0.4667,0.2000,0.9766,0.572938
0.4667,0.2000,0.9941,0.560482
0.4667,0.2000,1.0000,0.545554
0.4667,0.2533,-1.0000,0.529621
0.4667,0.2533,-0.9941,0.541689
0.4667,0.2533,-0.9766,0.556961
0.4667,0.2533,-0.9477,0.571328
0.4667,0.2533,-0.9076,0.589536
0.4667,0.2533,-0.8569,0.609642
0.4667,0.2533,-0.7961,0.629128
0.4667,0.2533,-0.7260,0.651358
0.4667,0.2533,-0.6474,0.672719
0.4667,0.2533,-0.5612,0.694535
0.4667,0.2533,-0.4684,0.713512
0.4667,0.2533,-0.3701,0.726672
0.4667,0.2533,-0.2675,0.724200
0.4667,0.2533,-0.1618,0.686424
0.4667,0.2533,-0.0541,0.504797
0.4667,0.2533,0.0541,0.437104
0.4667,0.2533,0.1618,0.633787
0.4667,0.2533,0.2675,0.685670
0.4667,0.2533,0.3701,0.696540
0.4667,0.2533,0.4684,0.688889
0.4667,0.2533,0.5612,0.674907
0.4667,0.2533,0.6474,0.657549
0.4667,0.2533,0.7260,0.638651
0.4667,0.2533,0.7961,0.619189
0.4667,0.2533,0.8569,0.601573
0.4667,0.2533,0.9076,0.584426
0.4667,0.2533,0.9477,0.568666
0.4667,0.2533,0.9766,0.553596
0.4667,0.2533,0.9941,0.538919
0.4667,0.2533,1.0000,0.527510
0.4667,0.3067,-1.0000,0.487112
0.4667,0.3067,-0.9941,0.498157
0.4667,0.3067,-0.9766,0.510560
0.4667,0.3067,-0.9477,0.524514
0.4667,0.3067,-0.9076,0.538524
0.4667,0.3067,-0.8569,0.554444
0.4667,0.3067,-0.7961,0.571978
0.4667,0.3067,-0.7260,0.588739
0.4667,0.3067,-0.6474,0.606605
0.4667,0.3067,-0.5612,0.618892
0.4667,0.3067,-0.4684,0.630927
0.4667,0.3067,-0.3701,0.632863
0.4667,0.3067,-0.2675,0.618613
0.4667,0.3067,-0.1618,0.558249
0.4667,0.3067,-0.0541,0.364064
0.4667,0.3067,0.0541,0.315266
0.4667,0.3067,0.1618,0.511892
0.4667,0.3067,0.2675,0.579531
0.4667,0.3067,0.3701,0.599905
0.4667,0.3067,0.4684,0.603101
0.4667,0.3067,0.5612,0.598542
0.4667,0.3067,0.6474,0.585285
0.4667,0.3067,0.7260,0.573861
0.4667,0.3067,0.7961,0.558884
0.4667,0.3067,0.8569,0.545049
0.4667,0.3067,0.9076,0.528908
0.4667,0.3067,0.9477,0.515911
0.4667,0.3067,0.9766,0.502634
0.4667,0.3067,0.9941,0.483383
0.4667,0.3067,1.0000,0.464112
0.4667,0.3600,-1.0000,0.278205
0.4667,0.3600,-0.9941,0.286665
0.4667,0.3600,-0.9766,0.295929
0.4667,0.3600,-0.9477,0.308610
0.4667,0.3600,-0.9076,0.335776
0.4667,0.3600,-0.8569,0.363984
0.4667,0.3600,-0.7961,0.406228
0.4667,0.3600,-0.7260,0.456809
0.4667,0.3600,-0.6474,0.486467
0.4667,0.3600,-0.5612,0.564915
0.4667,0.3600,-0.4684,0.614941
0.4667,0.3600,-0.3701,0.673457
0.4667,0.3600,-0.2675,0.661466
0.4667,0.3600,-0.1618,0.604441
0.4667,0.3600,-0.0541,0.463707
0.4667,0.3600,0.0541,0.298602
0.4667,0.3600,0.1618,0.292591
0.4667,0.3600,0.2675,0.283359
0.4667,0.3600,0.3701,0.278406
0.4667,0.3600,0.4684,0.273998
0.4667,0.3600,0.5612,0.270594
0.4667,0.3600,0.6474,0.266791
0.4667,0.3600,0.7260,0.264617
0.4667,0.3600,0.7961,0.261976
0.4667,0.3600,0.8569,0.260191
0.4667,0.3600,0.9076,0.257822
0.4667,0.3600,0.9477,0.256133
0.4667,0.3600,0.9766,0.255262
0.4667,0.3600,0.9941,0.253680
0.4667,0.3600,1.0000,0.252112
0.4667,0.4133,-1.0000,0.867939
0.4667,0.4133,-0.9941,0.870952
0.4667,0.4133,-0.9766,0.869110
0.4667,0.4133,-0.9477,0.866299
0.4667,0.4133,-0.9076,0.860988
0.4667,0.4133,-0.8569,0.852152
0.4667,0.4133,-0.7961,0.843759
0.4667,0.4133,-0.7260,0.831992
0.4667,0.4133,-0.6474,0.814824
0.4667,0.4133,-0.5612,0.794830
0.4667,0.4133,-0.4684,0.768206
0.4667,0.4133,-0.3701,0.726092
0.4667,0.4133,-0.2675,0.672218
0.4667,0.4133,-0.1618,0.571594
0.4667,0.4133,-0.0541,0.351583
0.4667,0.4133,0.0541,0.200888
0.4667,0.4133,0.1618,0.198115
0.4667,0.4133,0.2675,0.196473
0.4667,0.4133,0.3701,0.194631
0.4667,0.4133,0.4684,0.192260
0.4667,0.4133,0.5612,0.191346
0.4667,0.4133,0.6474,0.189427
0.4667,0.4133,0.7260,0.187176
0.4667,0.4133,0.7961,0.184724
0.4667,0.4133,0.8569,0.182297
0.4667,0.4133,0.9076,0.179826
0.4667,0.4133,0.9477,0.178058
0.4667,0.4133,0.9766,0.176611
0.4667,0.4133,0.9941,0.174145
0.4667,0.4133,1.0000,0.171274
0.4667,0.4667,-1.0000,0.961046
0.4667,0.4667,-0.9941,0.953423
0.4667,0.4667,-0.9766,0.945182
0.4667,0.4667,-0.9477,0.937807
0.4667,0.4667,-0.9076,0.930967
0.4667,0.4667,-0.8569,0.923114
0.4667,0.4667,-0.7961,0.916727
0.4667,0.4667,-0.7260,0.910490
0.4667,0.4667,-0.6474,0.906259
0.4667,0.4667,-0.5612,0.901745
0.4667,0.4667,-0.4684,0.897924
0.4667,0.4667,-0.3701,0.894092
0.4667,0.4667,-0.2675,0.893765
0.4667,0.4667,-0.1618,0.891432
0.4667,0.4667,-0.0541,0.891329
0.4667,0.4667,0.0541,0.892610
0.4667,0.4667,0.1618,0.892582
0.4667,0.4667,0.2675,0.893868
0.4667,0.4667,0.3701,0.898394
0.4667,0.4667,0.4684,0.902602
0.4667,0.4667,0.5612,0.906940
0.4667,0.4667,0.6474,0.912627
0.4667,0.4667,0.7260,0.917924
0.4667,0.4667,0.7961,0.925553
0.4667,0.4667,0.8569,0.932047
0.4667,0.4667,0.9076,0.941349
0.4667,0.4667,0.9477,0.949664
0.4667,0.4667,0.9766,0.961331
0.4667,0.4667,0.9941,0.971236
0.4667,0.4667,1.0000,0.981635
0.5200,0.2000,-1.0000,0.562182
0.5200,0.2000,-0.9941,0.576106
0.5200,0.2000,-0.9766,0.591524
0.5200,0.2000,-0.9477,0.608369
0.5200,0.2000,-0.9076,0.626501
0.5200,0.2000,-0.8569,0.650346
0.5200,0.2000,-0.7961,0.673480
0.5200,0.2000,-0.7260,0.697465
0.5200,0.2000,-0.6474,0.722918
0.5200,0.2000,-0.5612,0.753297
0.5200,0.2000,-0.4684,0.780374
0.5200,0.2000,-0.3701,0.805430
0.5200,0.2000,-0.2675,0.820773
0.5200,0.2000,-0.1618,0.810929
0.5200,0.2000,-0.0541,0.684195
0.5200,0.2000,0.0541,0.605528
0.5200,0.2000,0.1618,0.765946
0.5200,0.2000,0.2675,0.787936
0.5200,0.2000,0.3701,0.779776
0.5200,0.2000,0.4684,0.762320
0.5200,0.2000,0.5612,0.737395
0.5200,0.2000,0.6474,0.713254
0.5200,0.2000,0.7260,0.689072
0.5200,0.2000,0.7961,0.666919
0.5200,0.2000,0.8569,0.645467
0.5200,0.2000,0.9076,0.625275
0.5200,0.2000,0.9477,0.605534
0.5200,0.2000,0.9766,0.589435
0.5200,0.2000,0.9941,0.572107
0.5200,0.2000,1.0000,0.560106
0.5200,0.2533,-1.0000,0.550537
0.5200,0.2533,-0.9941,0.565205
0.5200,0.2533,-0.9766,0.580583
0.5200,0.2533,-0.9477,0.597716
0.5200,0.2533,-0.9076,0.616237
0.5200,0.2533,-0.8569,0.636409
0.5200,0.2533,-0.7961,0.658913
0.5200,0.2533,-0.7260,0.682628
0.5200,0.2533,-0.6474,0.706304
0.5200,0.2533,-0.5612,0.732393
0.5200,0.2533,-0.4684,0.757760
0.5200,0.2533,-0.3701,0.780260
0.5200,0.2533,-0.2675,0.788039
0.5200,0.2533,-0.1618,0.768341
0.5200,0.2533,-0.0541,0.616365
0.5200,0.2533,0.0541,0.545083
0.5200,0.2533,0.1618,0.721617
0.5200,0.2533,0.2675,0.755694
0.5200,0.2533,0.3701,0.756353
0.5200,0.2533,0.4684,0.738560
0.5200,0.2533,0.5612,0.719663
0.5200,0.2533,0.6474,0.697321
0.5200,0.2533,0.7260,0.674902
0.5200,0.2533,0.7961,0.652846
0.5200,0.2533,0.8569,0.631856
0.5200,0.2533,0.9076,0.612599
0.5200,0.2533,0.9477,0.593986
0.5200,0.2533,0.9766,0.578347
0.5200,0.2533,0.9941,0.563067
0.5200,0.2533,1.0000,0.547588
0.5200,0.3067,-1.0000,0.533466
0.5200,0.3067,-0.9941,0.544631
0.5200,0.3067,-0.9766,0.559231
0.5200,0.3067,-0.9477,0.575685
0.5200,0.3067,-0.9076,0.593354
0.5200,0.3067,-0.8569,0.612695
0.5200,0.3067,-0.7961,0.633742
0.5200,0.3067,-0.7260,0.654006
0.5200,0.3067,-0.6474,0.675285
0.5200,0.3067,-0.5612,0.698481
0.5200,0.3067,-0.4684,0.719933
0.5200,0.3067,-0.3701,0.733719
0.5200,0.3067,-0.2675,0.733473
0.5200,0.3067,-0.1618,0.695892
0.5200,0.3067,-0.0541,0.516885
0.5200,0.3067,0.0541,0.459718
0.5200,0.3067,0.1618,0.651896
0.5200,0.3067,0.2675,0.699048
0.5200,0.3067,0.3701,0.707704
0.5200,0.3067,0.4684,0.699323
0.5200,0.3067,0.5612,0.683204
0.5200,0.3067,0.6474,0.663502
0.5200,0.3067,0.7260,0.646746
0.5200,0.3067,0.7961,0.624800
0.5200,0.3067,0.8569,0.608910
0.5200,0.3067,0.9076,0.589087
0.5200,0.3067,0.9477,0.572018
0.5200,0.3067,0.9766,0.558228
0.5200,0.3067,0.9941,0.542958
0.5200,0.3067,1.0000,0.530635
0.5200,0.3600,-1.0000,0.489437
0.5200,0.3600,-0.9941,0.501170
0.5200,0.3600,-0.9766,0.513742
0.5200,0.3600,-0.9477,0.527503
0.5200,0.3600,-0.9076,0.540902
0.5200,0.3600,-0.8569,0.559621
0.5200,0.3600,-0.7961,0.576723
0.5200,0.3600,-0.7260,0.593568
0.5200,0.3600,-0.6474,0.609282
0.5200,0.3600,-0.5612,0.623415
0.5200,0.3600,-0.4684,0.636538
0.5200,0.3600,-0.3701,0.637460
0.5200,0.3600,-0.2675,0.618692
0.5200,0.3600,-0.1618,0.559898
0.5200,0.3600,-0.0541,0.361846
0.5200,0.3600,0.0541,0.323127
0.5200,0.3600,0.1618,0.517317
0.5200,0.3600,0.2675,0.581648
0.5200,0.3600,0.3701,0.601014
0.5200,0.3600,0.4684,0.600922
0.5200,0.3600,0.5612,0.593816
0.5200,0.3600,0.6474,0.580968
0.5200,0.3600,0.7260,0.566084
0.5200,0.3600,0.7961,0.539320
0.5200,0.3600,0.8569,0.516527
0.5200,0.3600,0.9076,0.489119
0.5200,0.3600,0.9477,0.460317
0.5200,0.3600,0.9766,0.423537
0.5200,0.3600,0.9941,0.390534
0.5200,0.3600,1.0000,0.365571
0.5200,0.4133,-1.0000,0.285453
0.5200,0.4133,-0.9941,0.309766
0.5200,0.4133,-0.9766,0.372272
0.5200,0.4133,-0.9477,0.473079
0.5200,0.4133,-0.9076,0.566874
0.5200,0.4133,-0.8569,0.673548
0.5200,0.4133,-0.7961,0.707953
0.5200,0.4133,-0.7260,0.754914
0.5200,0.4133,-0.6474,0.780420
0.5200,0.4133,-0.5612,0.792773
0.5200,0.4133,-0.4684,0.773967
0.5200,0.4133,-0.3701,0.754257
0.5200,0.4133,-0.2675,0.705203
0.5200,0.4133,-0.1618,0.621043
0.5200,0.4133,-0.0541,0.459698
0.5200,0.4133,0.0541,0.276480
0.5200,0.4133,0.1618,0.272458
0.5200,0.4133,0.2675,0.269545
0.5200,0.4133,0.3701,0.267175
0.5200,0.4133,0.4684,0.265359
0.5200,0.4133,0.5612,0.263176
0.5200,0.4133,0.6474,0.260230
0.5200,0.4133,0.7260,0.259602
0.5200,0.4133,0.7961,0.257551
0.5200,0.4133,0.8569,0.256973
0.5200,0.4133,0.9076,0.255089
0.5200,0.4133,0.9477,0.253905
0.5200,0.4133,0.9766,0.251123
0.5200,0.4133,0.9941,0.251498
0.5200,0.4133,1.0000,0.250402
0.5200,0.4667,-1.0000,0.871072
0.5200,0.4667,-0.9941,0.869993
0.5200,0.4667,-0.9766,0.866022
0.5200,0.4667,-0.9477,0.861234
0.5200,0.4667,-0.9076,0.853862
0.5200,0.4667,-0.8569,0.846579
0.5200,0.4667,-0.7961,0.837116
0.5200,0.4667,-0.7260,0.825224
0.5200,0.4667,-0.6474,0.807728
0.5200,0.4667,-0.5612,0.785152
0.5200,0.4667,-0.4684,0.757762
0.5200,0.4667,-0.3701,0.716808
0.5200,0.4667,-0.2675,0.659547
0.5200,0.4667,-0.1618,0.567989
0.5200,0.4667,-0.0541,0.366267
0.5200,0.4667,0.0541,0.200466
0.5200,0.4667,0.1618,0.200093
0.5200,0.4667,0.2675,0.197302
0.5200,0.4667,0.3701,0.196247
0.5200,0.4667,0.4684,0.193137
0.5200,0.4667,0.5612,0.190880
0.5200,0.4667,0.6474,0.189608
0.5200,0.4667,0.7260,0.186988
0.5200,0.4667,0.7961,0.184423
0.5200,0.4667,0.8569,0.181451
0.5200,0.4667,0.9076,0.180701
0.5200,0.4667,0.9477,0.178439
0.5200,0.4667,0.9766,0.176107
0.5200,0.4667,0.9941,0.173073
0.5200,0.4667,1.0000,0.170483
0.5200,0.5200,-1.0000,0.963379
0.5200,0.5200,-0.9941,0.960244
0.5200,0.5200,-0.9766,0.958426
0.5200,0.5200,-0.9477,0.957020
0.5200,0.5200,-0.9076,0.954677
0.5200,0.5200,-0.8569,0.952734
0.5200,0.5200,-0.7961,0.952580
0.5200,0.5200,-0.7260,0.950816
0.5200,0.5200,-0.6474,0.950361
0.5200,0.5200,-0.5612,0.949934
0.5200,0.5200,-0.4684,0.949080
0.5200,0.5200,-0.3701,0.949168
0.5200,0.5200,-0.2675,0.949424
0.5200,0.5200,-0.1618,0.949091
0.5200,0.5200,-0.0541,0.950785
0.5200,0.5200,0.0541,0.952715
0.5200,0.5200,0.1618,0.954658
0.5200,0.5200,0.2675,0.956398
0.5200,0.5200,0.3701,0.958850
0.5200,0.5200,0.4684,0.960674
0.5200,0.5200,0.5612,0.963496
0.5200,0.5200,0.6474,0.966483
0.5200,0.5200,0.7260,0.969511
0.5200,0.5200,0.7961,0.972516
0.5200,0.5200,0.8569,0.975368
0.5200,0.5200,0.9076,0.979576
0.5200,0.5200,0.9477,0.981232
0.5200,0.5200,0.9766,0.983891
0.5200,0.5200,0.9941,0.986800
0.5200,0.5200,1.0000,0.988665
0.5733,0.2000,-1.0000,0.567698
0.5733,0.2000,-0.9941,0.582891
0.5733,0.2000,-0.9766,0.597715
0.5733,0.2000,-0.9477,0.614345
0.5733,0.2000,-0.9076,0.636391
0.5733,0.2000,-0.8569,0.657515
0.5733,0.2000,-0.7961,0.683403
0.5733,0.2000,-0.7260,0.709605
0.5733,0.2000,-0.6474,0.733932
0.5733,0.2000,-0.5612,0.763668
0.5733,0.2000,-0.4684,0.793672
0.5733,0.2000,-0.3701,0.820458
0.5733,0.2000,-0.2675,0.841792
0.5733,0.2000,-0.1618,0.842015
0.5733,0.2000,-0.0541,0.739893
0.5733,0.2000,0.0541,0.663035
0.5733,0.2000,0.1618,0.802247
0.5733,0.2000,0.2675,0.815458
0.5733,0.2000,0.3701,0.802092
0.5733,0.2000,0.4684,0.779320
0.5733,0.2000,0.5612,0.753788
0.5733,0.2000,0.6474,0.726897
0.5733,0.2000,0.7260,0.702113
0.5733,0.2000,0.7961,0.677378
0.5733,0.2000,0.8569,0.654974
0.5733,0.2000,0.9076,0.633031
0.5733,0.2000,0.9477,0.612350
0.5733,0.2000,0.9766,0.598542
0.5733,0.2000,0.9941,0.582043
0.5733,0.2000,1.0000,0.566245
0.5733,0.2533,-1.0000,0.562280
0.5733,0.2533,-0.9941,0.578266
0.5733,0.2533,-0.9766,0.593720
0.5733,0.2533,-0.9477,0.610581
0.5733,0.2533,-0.9076,0.630324
0.5733,0.2533,-0.8569,0.651023
0.5733,0.2533,-0.7961,0.674124
0.5733,0.2533,-0.7260,0.699412
0.5733,0.2533,-0.6474,0.725624
0.5733,0.2533,-0.5612,0.753141
0.5733,0.2533,-0.4684,0.780972
0.5733,0.2533,-0.3701,0.805303
0.5733,0.2533,-0.2675,0.822704
0.5733,0.2533,-0.1618,0.814802
0.5733,0.2533,-0.0541,0.691868
0.5733,0.2533,0.0541,0.619110
0.5733,0.2533,0.1618,0.772154
0.5733,0.2533,0.2675,0.794288
0.5733,0.2533,0.3701,0.787673
0.5733,0.2533,0.4684,0.765660
0.5733,0.2533,0.5612,0.741876
0.5733,0.2533,0.6474,0.716696
0.5733,0.2533,0.7260,0.693783
0.5733,0.2533,0.7961,0.670154
0.5733,0.2533,0.8569,0.647790
0.5733,0.2533,0.9076,0.624945
0.5733,0.2533,0.9477,0.606325
0.5733,0.2533,0.9766,0.589241
0.5733,0.2533,0.9941,0.574874
0.5733,0.2533,1.0000,0.561050
0.5733,0.3067,-1.0000,0.550635
0.5733,0.3067,-0.9941,0.564844
0.5733,0.3067,-0.9766,0.582021
0.5733,0.3067,-0.9477,0.596899
0.5733,0.3067,-0.9076,0.618098
0.5733,0.3067,-0.8569,0.638159
0.5733,0.3067,-0.7961,0.661548
0.5733,0.3067,-0.7260,0.683747
0.5733,0.3067,-0.6474,0.707534
0.5733,0.3067,-0.5612,0.733907
0.5733,0.3067,-0.4684,0.759292
0.5733,0.3067,-0.3701,0.780189
0.5733,0.3067,-0.2675,0.789944
0.5733,0.3067,-0.1618,0.771631
0.5733,0.3067,-0.0541,0.620852
0.5733,0.3067,0.0541,0.558911
0.5733,0.3067,0.1618,0.731256
0.5733,0.3067,0.2675,0.763085
0.5733,0.3067,0.3701,0.759297
0.5733,0.3067,0.4684,0.743040
0.5733,0.3067,0.5612,0.723249
0.5733,0.3067,0.6474,0.700791
0.5733,0.3067,0.7260,0.678886
0.5733,0.3067,0.7961,0.655583
0.5733,0.3067,0.8569,0.633650
0.5733,0.3067,0.9076,0.614726
0.5733,0.3067,0.9477,0.594504
0.5733,0.3067,0.9766,0.580014
0.5733,0.3067,0.9941,0.563004
0.5733,0.3067,1.0000,0.552134
0.5733,0.3600,-1.0000,0.533339
0.5733,0.3600,-0.9941,0.545779
0.5733,0.3600,-0.9766,0.559138
0.5733,0.3600,-0.9477,0.576003
0.5733,0.3600,-0.9076,0.593471
0.5733,0.3600,-0.8569,0.611972
0.5733,0.3600,-0.7961,0.634918
0.5733,0.3600,-0.7260,0.656236
0.5733,0.3600,-0.6474,0.676430
0.5733,0.3600,-0.5612,0.700090
0.5733,0.3600,-0.4684,0.721561
0.5733,0.3600,-0.3701,0.735600
0.5733,0.3600,-0.2675,0.734390
0.5733,0.3600,-0.1618,0.697045
0.5733,0.3600,-0.0541,0.518673
0.5733,0.3600,0.0541,0.468372
0.5733,0.3600,0.1618,0.659178
0.5733,0.3600,0.2675,0.706398
0.5733,0.3600,0.3701,0.712672
0.5733,0.3600,0.4684,0.702156
0.5733,0.3600,0.5612,0.687812
0.5733,0.3600,0.6474,0.666337
0.5733,0.3600,0.7260,0.649242
0.5733,0.3600,0.7961,0.628866
0.5733,0.3600,0.8569,0.609033
0.5733,0.3600,0.9076,0.590585
0.5733,0.3600,0.9477,0.572762
0.5733,0.3600,0.9766,0.557723
0.5733,0.3600,0.9941,0.544330
0.5733,0.3600,1.0000,0.533086
0.5733,0.4133,-1.0000,0.471872
0.5733,0.4133,-0.9941,0.494406
0.5733,0.4133,-0.9766,0.508617
0.5733,0.4133,-0.9477,0.524076
0.5733,0.4133,-0.9076,0.538240
0.5733,0.4133,-0.8569,0.554942
0.5733,0.4133,-0.7961,0.571049
0.5733,0.4133,-0.7260,0.586812
0.5733,0.4133,-0.6474,0.604186
0.5733,0.4133,-0.5612,0.616306
0.5733,0.4133,-0.4684,0.624465
0.5733,0.4133,-0.3701,0.623107
0.5733,0.4133,-0.2675,0.600057
0.5733,0.4133,-0.1618,0.537523
0.5733,0.4133,-0.0541,0.343999
0.5733,0.4133,0.0541,0.304848
0.5733,0.4133,0.1618,0.482129
0.5733,0.4133,0.2675,0.532159
0.5733,0.4133,0.3701,0.538409
0.5733,0.4133,0.4684,0.527513
0.5733,0.4133,0.5612,0.503872
0.5733,0.4133,0.6474,0.459833
0.5733,0.4133,0.7260,0.417967
0.5733,0.4133,0.7961,0.379657
0.5733,0.4133,0.8569,0.359127
0.5733,0.4133,0.9076,0.332196
0.5733,0.4133,0.9477,0.314896
0.5733,0.4133,0.9766,0.304032
0.5733,0.4133,0.9941,0.295953
0.5733,0.4133,1.0000,0.288087
0.5733,0.4667,-1.0000,0.710060
0.5733,0.4667,-0.9941,0.752665
0.5733,0.4667,-0.9766,0.792438
0.5733,0.4667,-0.9477,0.829634
0.5733,0.4667,-0.9076,0.845407
0.5733,0.4667,-0.8569,0.847438
0.5733,0.4667,-0.7961,0.848135
0.5733,0.4667,-0.7260,0.846647
0.5733,0.4667,-0.6474,0.834006
0.5733,0.4667,-0.5612,0.815477
0.5733,0.4667,-0.4684,0.792844
0.5733,0.4667,-0.3701,0.758464
0.5733,0.4667,-0.2675,0.706175
0.5733,0.4667,-0.1618,0.621557
0.5733,0.4667,-0.0541,0.458942
0.5733,0.4667,0.0541,0.270751
0.5733,0.4667,0.1618,0.269727
0.5733,0.4667,0.2675,0.267093
0.5733,0.4667,0.3701,0.264616
0.5733,0.4667,0.4684,0.263065
0.5733,0.4667,0.5612,0.260263
0.5733,0.4667,0.6474,0.258786
0.5733,0.4667,0.7260,0.259327
0.5733,0.4667,0.7961,0.257723
0.5733,0.4667,0.8569,0.255125
0.5733,0.4667,0.9076,0.253375
0.5733,0.4667,0.9477,0.253424
0.5733,0.4667,0.9766,0.250656
0.5733,0.4667,0.9941,0.250532
0.5733,0.4667,1.0000,0.250591
0.5733,0.5200,-1.0000,0.868148
0.5733,0.5200,-0.9941,0.865414
0.5733,0.5200,-0.9766,0.860400
0.5733,0.5200,-0.9477,0.856346
0.5733,0.5200,-0.9076,0.849418
0.5733,0.5200,-0.8569,0.841470
0.5733,0.5200,-0.7961,0.830249
0.5733,0.5200,-0.7260,0.817626
0.5733,0.5200,-0.6474,0.801337
0.5733,0.5200,-0.5612,0.776350
0.5733,0.5200,-0.4684,0.747946
0.5733,0.5200,-0.3701,0.707381
0.5733,0.5200,-0.2675,0.648406
0.5733,0.5200,-0.1618,0.556510
0.5733,0.5200,-0.0541,0.369535
0.5733,0.5200,0.0541,0.198769
0.5733,0.5200,0.1618,0.197100
0.5733,0.5200,0.2675,0.196788
0.5733,0.5200,0.3701,0.193181
0.5733,0.5200,0.4684,0.192534
0.5733,0.5200,0.5612,0.189607
0.5733,0.5200,0.6474,0.187220
0.5733,0.5200,0.7260,0.184126
0.5733,0.5200,0.7961,0.183021
0.5733,0.5200,0.8569,0.179491
0.5733,0.5200,0.9076,0.177708
0.5733,0.5200,0.9477,0.174898
0.5733,0.5200,0.9766,0.172360
0.5733,0.5200,0.9941,0.169180
0.5733,0.5200,1.0000,0.165601
0.5733,0.5733,-1.0000,0.953128
0.5733,0.5733,-0.9941,0.950638
0.5733,0.5733,-0.9766,0.948953
0.5733,0.5733,-0.9477,0.947734
0.5733,0.5733,-0.9076,0.946821
0.5733,0.5733,-0.8569,0.946423
0.5733,0.5733,-0.7961,0.946088
0.5733,0.5733,-0.7260,0.946094
0.5733,0.5733,-0.6474,0.945800
0.5733,0.5733,-0.5612,0.946148
0.5733,0.5733,-0.4684,0.946360
0.5733,0.5733,-0.3701,0.947280
0.5733,0.5733,-0.2675,0.947759
0.5733,0.5733,-0.1618,0.949037
0.5733,0.5733,-0.0541,0.949888
0.5733,0.5733,0.0541,0.951344
0.5733,0.5733,0.1618,0.952817
0.5733,0.5733,0.2675,0.954474
0.5733,0.5733,0.3701,0.955784
0.5733,0.5733,0.4684,0.957328
0.5733,0.5733,0.5612,0.959410
0.5733,0.5733,0.6474,0.960836
0.5733,0.5733,0.7260,0.962593
0.5733,0.5733,0.7961,0.963769
0.5733,0.5733,0.8569,0.965674
0.5733,0.5733,0.9076,0.967738
0.5733,0.5733,0.9477,0.969785
0.5733,0.5733,0.9766,0.971299
0.5733,0.5733,0.9941,0.973418
0.5733,0.5733,1.0000,0.975734
0.6267,0.2000,-1.0000,0.571065
0.6267,0.2000,-0.9941,0.587143
0.6267,0.2000,-0.9766,0.602204
0.6267,0.2000,-0.9477,0.622902
0.6267,0.2000,-0.9076,0.642242
0.6267,0.2000,-0.8569,0.663504
0.6267,0.2000,-0.7961,0.689311
0.6267,0.2000,-0.7260,0.715383
0.6267,0.2000,-0.6474,0.743003
0.6267,0.2000,-0.5612,0.772020
0.6267,0.2000,-0.4684,0.803403
0.6267,0.2000,-0.3701,0.832342
0.6267,0.2000,-0.2675,0.856366
0.6267,0.2000,-0.1618,0.862978
0.6267,0.2000,-0.0541,0.778282
0.6267,0.2000,0.0541,0.705829
0.6267,0.2000,0.1618,0.825338
0.6267,0.2000,0.2675,0.832661
0.6267,0.2000,0.3701,0.815766
0.6267,0.2000,0.4684,0.790083
0.6267,0.2000,0.5612,0.763257
0.6267,0.2000,0.6474,0.733269
0.6267,0.2000,0.7260,0.709656
0.6267,0.2000,0.7961,0.683806
0.6267,0.2000,0.8569,0.660159
0.6267,0.2000,0.9076,0.637626
0.6267,0.2000,0.9477,0.619501
0.6267,0.2000,0.9766,0.601959
0.6267,0.2000,0.9941,0.585636
0.6267,0.2000,1.0000,0.570187
0.6267,0.2533,-1.0000,0.568669
0.6267,0.2533,-0.9941,0.584959
0.6267,0.2533,-0.9766,0.599915
0.6267,0.2533,-0.9477,0.617101
0.6267,0.2533,-0.9076,0.636284
0.6267,0.2533,-0.8569,0.658513
0.6267,0.2533,-0.7961,0.683013
0.6267,0.2533,-0.7260,0.710326
0.6267,0.2533,-0.6474,0.735010
0.6267,0.2533,-0.5612,0.763327
0.6267,0.2533,-0.4684,0.795273
0.6267,0.2533,-0.3701,0.822067
0.6267,0.2533,-0.2675,0.843382
0.6267,0.2533,-0.1618,0.842834
0.6267,0.2533,-0.0541,0.741351
0.6267,0.2533,0.0541,0.672275
0.6267,0.2533,0.1618,0.807263
0.6267,0.2533,0.2675,0.818997
0.6267,0.2533,0.3701,0.805322
0.6267,0.2533,0.4684,0.781400
0.6267,0.2533,0.5612,0.755189
0.6267,0.2533,0.6474,0.728728
0.6267,0.2533,0.7260,0.702240
0.6267,0.2533,0.7961,0.679116
0.6267,0.2533,0.8569,0.655830
0.6267,0.2533,0.9076,0.633424
0.6267,0.2533,0.9477,0.614031
0.6267,0.2533,0.9766,0.598961
0.6267,0.2533,0.9941,0.582128
0.6267,0.2533,1.0000,0.566130
0.6267,0.3067,-1.0000,0.561887
0.6267,0.3067,-0.9941,0.575948
0.6267,0.3067,-0.9766,0.592219
0.6267,0.3067,-0.9477,0.609711
0.6267,0.3067,-0.9076,0.631279
0.6267,0.3067,-0.8569,0.651180
0.6267,0.3067,-0.7961,0.675148
0.6267,0.3067,-0.7260,0.698483
0.6267,0.3067,-0.6474,0.725075
0.6267,0.3067,-0.5612,0.753256
0.6267,0.3067,-0.4684,0.781168
0.6267,0.3067,-0.3701,0.806373
0.6267,0.3067,-0.2675,0.821216
0.6267,0.3067,-0.1618,0.815386
0.6267,0.3067,-0.0541,0.690932
0.6267,0.3067,0.0541,0.625973
0.6267,0.3067,0.1618,0.778311
0.6267,0.3067,0.2675,0.799379
0.6267,0.3067,0.3701,0.788180
0.6267,0.3067,0.4684,0.768421
0.6267,0.3067,0.5612,0.744442
0.6267,0.3067,0.6474,0.719099
0.6267,0.3067,0.7260,0.693558
0.6267,0.3067,0.7961,0.670658
0.6267,0.3067,0.8569,0.647587
0.6267,0.3067,0.9076,0.627967
0.6267,0.3067,0.9477,0.608356
0.6267,0.3067,0.9766,0.590484
0.6267,0.3067,0.9941,0.576064
0.6267,0.3067,1.0000,0.560878
0.6267,0.3600,-1.0000,0.551614
0.6267,0.3600,-0.9941,0.566160
0.6267,0.3600,-0.9766,0.581456
0.6267,0.3600,-0.9477,0.597907
0.6267,0.3600,-0.9076,0.616466
0.6267,0.3600,-0.8569,0.639178
0.6267,0.3600,-0.7961,0.662623
0.6267,0.3600,-0.7260,0.684389
0.6267,0.3600,-0.6474,0.709178
0.6267,0.3600,-0.5612,0.733435
0.6267,0.3600,-0.4684,0.759862
0.6267,0.3600,-0.3701,0.780138
0.6267,0.3600,-0.2675,0.789170
0.6267,0.3600,-0.1618,0.770379
0.6267,0.3600,-0.0541,0.618500
0.6267,0.3600,0.0541,0.562772
0.6267,0.3600,0.1618,0.733585
0.6267,0.3600,0.2675,0.763656
0.6267,0.3600,0.3701,0.760957
0.6267,0.3600,0.4684,0.744280
0.6267,0.3600,0.5612,0.726059
0.6267,0.3600,0.6474,0.699909
0.6267,0.3600,0.7260,0.679496
0.6267,0.3600,0.7961,0.655815
0.6267,0.3600,0.8569,0.634687
0.6267,0.3600,0.9076,0.614425
0.6267,0.3600,0.9477,0.597629
0.6267,0.3600,0.9766,0.580037
0.6267,0.3600,0.9941,0.565119
0.6267,0.3600,1.0000,0.553307
0.6267,0.4133,-1.0000,0.531232
0.6267,0.4133,-0.9941,0.543535
0.6267,0.4133,-0.9766,0.559951
0.6267,0.4133,-0.9477,0.575170
0.6267,0.4133,-0.9076,0.592524
0.6267,0.4133,-0.8569,0.611349
0.6267,0.4133,-0.7961,0.633383
0.6267,0.4133,-0.7260,0.652709
0.6267,0.4133,-0.6474,0.674882
0.6267,0.4133,-0.5612,0.696632
0.6267,0.4133,-0.4684,0.714659
0.6267,0.4133,-0.3701,0.728940
0.6267,0.4133,-0.2675,0.728515
0.6267,0.4133,-0.1618,0.689917
0.6267,0.4133,-0.0541,0.509590
0.6267,0.4133,0.0541,0.464539
0.6267,0.4133,0.1618,0.655825
0.6267,0.4133,0.2675,0.703150
0.6267,0.4133,0.3701,0.709071
0.6267,0.4133,0.4684,0.700942
0.6267,0.4133,0.5612,0.683896
0.6267,0.4133,0.6474,0.666077
0.6267,0.4133,0.7260,0.645918
0.6267,0.4133,0.7961,0.625651
0.6267,0.4133,0.8569,0.605394
0.6267,0.4133,0.9076,0.588899
0.6267,0.4133,0.9477,0.570597
0.6267,0.4133,0.9766,0.556579
0.6267,0.4133,0.9941,0.541618
0.6267,0.4133,1.0000,0.528579
0.6267,0.4667,-1.0000,0.421578
0.6267,0.4667,-0.9941,0.459351
0.6267,0.4667,-0.9766,0.488041
0.6267,0.4667,-0.9477,0.510594
0.6267,0.4667,-0.9076,0.527383
0.6267,0.4667,-0.8569,0.540340
0.6267,0.4667,-0.7961,0.564026
0.6267,0.4667,-0.7260,0.576565
0.6267,0.4667,-0.6474,0.599461
0.6267,0.4667,-0.5612,0.619339
0.6267,0.4667,-0.4684,0.653087
0.6267,0.4667,-0.3701,0.662771
0.6267,0.4667,-0.2675,0.635878
0.6267,0.4667,-0.1618,0.569045
0.6267,0.4667,-0.0541,0.420516
0.6267,0.4667,0.0541,0.298437
0.6267,0.4667,0.1618,0.356089
0.6267,0.4667,0.2675,0.361782
0.6267,0.4667,0.3701,0.357364
0.6267,0.4667,0.4684,0.338587
0.6267,0.4667,0.5612,0.320650
0.6267,0.4667,0.6474,0.305376
0.6267,0.4667,0.7260,0.295250
0.6267,0.4667,0.7961,0.291582
0.6267,0.4667,0.8569,0.286416
0.6267,0.4667,0.9076,0.284000
0.6267,0.4667,0.9477,0.278468
0.6267,0.4667,0.9766,0.275382
0.6267,0.4667,0.9941,0.273894
0.6267,0.4667,1.0000,0.273284
0.6267,0.5200,-1.0000,0.872232
0.6267,0.5200,-0.9941,0.885432
0.6267,0.5200,-0.9766,0.884073
0.6267,0.5200,-0.9477,0.881371
0.6267,0.5200,-0.9076,0.877431
0.6267,0.5200,-0.8569,0.870611
0.6267,0.5200,-0.7961,0.863610
0.6267,0.5200,-0.7260,0.852265
0.6267,0.5200,-0.6474,0.839662
0.6267,0.5200,-0.5612,0.819509
0.6267,0.5200,-0.4684,0.794139
0.6267,0.5200,-0.3701,0.759817
0.6267,0.5200,-0.2675,0.705839
0.6267,0.5200,-0.1618,0.621504
0.6267,0.5200,-0.0541,0.456343
0.6267,0.5200,0.0541,0.269458
0.6267,0.5200,0.1618,0.266267
0.6267,0.5200,0.2675,0.264674
0.6267,0.5200,0.3701,0.262746
0.6267,0.5200,0.4684,0.261880
0.6267,0.5200,0.5612,0.259082
0.6267,0.5200,0.6474,0.257794
0.6267,0.5200,0.7260,0.257617
0.6267,0.5200,0.7961,0.255640
0.6267,0.5200,0.8569,0.253998
0.6267,0.5200,0.9076,0.251346
0.6267,0.5200,0.9477,0.251395
0.6267,0.5200,0.9766,0.249150
0.6267,0.5200,0.9941,0.250365
0.6267,0.5200,1.0000,0.247804
0.6267,0.5733,-1.0000,0.857680
0.6267,0.5733,-0.9941,0.855903
0.6267,0.5733,-0.9766,0.852047
0.6267,0.5733,-0.9477,0.847175
0.6267,0.5733,-0.9076,0.840434
0.6267,0.5733,-0.8569,0.831883
0.6267,0.5733,-0.7961,0.821695
0.6267,0.5733,-0.7260,0.806963
0.6267,0.5733,-0.6474,0.789128
0.6267,0.5733,-0.5612,0.767062
0.6267,0.5733,-0.4684,0.735144
0.6267,0.5733,-0.3701,0.693336
0.6267,0.5733,-0.2675,0.632350
0.6267,0.5733,-0.1618,0.540509
0.6267,0.5733,-0.0541,0.363439
0.6267,0.5733,0.0541,0.193587
0.6267,0.5733,0.1618,0.190427
0.6267,0.5733,0.2675,0.187842
0.6267,0.5733,0.3701,0.186085
0.6267,0.5733,0.4684,0.183777
0.6267,0.5733,0.5612,0.182070
0.6267,0.5733,0.6474,0.181265
0.6267,0.5733,0.7260,0.176811
0.6267,0.5733,0.7961,0.174677
0.6267,0.5733,0.8569,0.172221
0.6267,0.5733,0.9076,0.168093
0.6267,0.5733,0.9477,0.163803
0.6267,0.5733,0.9766,0.162704
0.6267,0.5733,0.9941,0.158354
0.6267,0.5733,1.0000,0.154836
0.6267,0.6267,-1.0000,0.949224
0.6267,0.6267,-0.9941,0.946607
0.6267,0.6267,-0.9766,0.944808
0.6267,0.6267,-0.9477,0.943474
0.6267,0.6267,-0.9076,0.942199
0.6267,0.6267,-0.8569,0.941242
0.6267,0.6267,-0.7961,0.940433
0.6267,0.6267,-0.7260,0.940431
0.6267,0.6267,-0.6474,0.940245
0.6267,0.6267,-0.5612,0.940159
0.6267,0.6267,-0.4684,0.940906
0.6267,0.6267,-0.3701,0.941519
0.6267,0.6267,-0.2675,0.942227
0.6267,0.6267,-0.1618,0.942864
0.6267,0.6267,-0.0541,0.944348
0.6267,0.6267,0.0541,0.945259
0.6267,0.6267,0.1618,0.946602
0.6267,0.6267,0.2675,0.947870
0.6267,0.6267,0.3701,0.949583
0.6267,0.6267,0.4684,0.951343
0.6267,0.6267,0.5612,0.952702
0.6267,0.6267,0.6474,0.954027
0.6267,0.6267,0.7260,0.956105
0.6267,0.6267,0.7961,0.958129
0.6267,0.6267,0.8569,0.960019
0.6267,0.6267,0.9076,0.961574
0.6267,0.6267,0.9477,0.964156
0.6267,0.6267,0.9766,0.965886
0.6267,0.6267,0.9941,0.968460
0.6267,0.6267,1.0000,0.970766
0.6800,0.2000,-1.0000,0.574606
0.6800,0.2000,-0.9941,0.589115
0.6800,0.2000,-0.9766,0.606149
0.6800,0.2000,-0.9477,0.625003
0.6800,0.2000,-0.9076,0.643671
0.6800,0.2000,-0.8569,0.666780
0.6800,0.2000,-0.7961,0.693011
0.6800,0.2000,-0.7260,0.720302
0.6800,0.2000,-0.6474,0.747199
0.6800,0.2000,-0.5612,0.777194
0.6800,0.2000,-0.4684,0.810318
0.6800,0.2000,-0.3701,0.840025
0.6800,0.2000,-0.2675,0.864383
0.6800,0.2000,-0.1618,0.875908
0.6800,0.2000,-0.0541,0.806480
0.6800,0.2000,0.0541,0.736838
0.6800,0.2000,0.1618,0.843555
0.6800,0.2000,0.2675,0.845374
0.6800,0.2000,0.3701,0.824816
0.6800,0.2000,0.4684,0.797569
0.6800,0.2000,0.5612,0.769104
0.6800,0.2000,0.6474,0.741420
0.6800,0.2000,0.7260,0.712574
0.6800,0.2000,0.7961,0.690168
0.6800,0.2000,0.8569,0.663525
0.6800,0.2000,0.9076,0.642849
0.6800,0.2000,0.9477,0.622405
0.6800,0.2000,0.9766,0.604856
0.6800,0.2000,0.9941,0.590311
0.6800,0.2000,1.0000,0.573107
0.6800,0.2533,-1.0000,0.572172
0.6800,0.2533,-0.9941,0.588152
0.6800,0.2533,-0.9766,0.603814
0.6800,0.2533,-0.9477,0.622507
0.6800,0.2533,-0.9076,0.641099
0.6800,0.2533,-0.8569,0.664261
0.6800,0.2533,-0.7961,0.689548
0.6800,0.2533,-0.7260,0.715767
0.6800,0.2533,-0.6474,0.742828
0.6800,0.2533,-0.5612,0.771441
0.6800,0.2533,-0.4684,0.802307
0.6800,0.2533,-0.3701,0.832310
0.6800,0.2533,-0.2675,0.856331
0.6800,0.2533,-0.1618,0.862848
0.6800,0.2533,-0.0541,0.777238
0.6800,0.2533,0.0541,0.709390
0.6800,0.2533,0.1618,0.828337
0.6800,0.2533,0.2675,0.834384
0.6800,0.2533,0.3701,0.816369
0.6800,0.2533,0.4684,0.790409
0.6800,0.2533,0.5612,0.763483
0.6800,0.2533,0.6474,0.736236
0.6800,0.2533,0.7260,0.709531
0.6800,0.2533,0.7961,0.683681
0.6800,0.2533,0.8569,0.661289
0.6800,0.2533,0.9076,0.639192
0.6800,0.2533,0.9477,0.619868
0.6800,0.2533,0.9766,0.602292
0.6800,0.2533,0.9941,0.586893
0.6800,0.2533,1.0000,0.570431
0.6800,0.3067,-1.0000,0.568198
0.6800,0.3067,-0.9941,0.584318
0.6800,0.3067,-0.9766,0.599798
0.6800,0.3067,-0.9477,0.615900
0.6800,0.3067,-0.9076,0.635946
0.6800,0.3067,-0.8569,0.658401
0.6800,0.3067,-0.7961,0.683315
0.6800,0.3067,-0.7260,0.710385
0.6800,0.3067,-0.6474,0.734108
0.6800,0.3067,-0.5612,0.764737
0.6800,0.3067,-0.4684,0.794791
0.6800,0.3067,-0.3701,0.819921
0.6800,0.3067,-0.2675,0.842471
0.6800,0.3067,-0.1618,0.842998
0.6800,0.3067,-0.0541,0.739306
0.6800,0.3067,0.0541,0.674298
0.6800,0.3067,0.1618,0.808317
0.6800,0.3067,0.2675,0.818920
0.6800,0.3067,0.3701,0.806443
0.6800,0.3067,0.4684,0.782556
0.6800,0.3067,0.5612,0.756858
0.6800,0.3067,0.6474,0.729382
0.6800,0.3067,0.7260,0.703231
0.6800,0.3067,0.7961,0.678197
0.6800,0.3067,0.8569,0.655911
0.6800,0.3067,0.9076,0.633619
0.6800,0.3067,0.9477,0.614769
0.6800,0.3067,0.9766,0.597753
0.6800,0.3067,0.9941,0.582644
0.6800,0.3067,1.0000,0.568921
0.6800,0.3600,-1.0000,0.563455
0.6800,0.3600,-0.9941,0.575051
0.6800,0.3600,-0.9766,0.591828
0.6800,0.3600,-0.9477,0.608826
0.6800,0.3600,-0.9076,0.629229
0.6800,0.3600,-0.8569,0.649446
0.6800,0.3600,-0.7961,0.675148
0.6800,0.3600,-0.7260,0.698700
0.6800,0.3600,-0.6474,0.723719
0.6800,0.3600,-0.5612,0.750068
0.6800,0.3600,-0.4684,0.779631
0.6800,0.3600,-0.3701,0.804945
0.6800,0.3600,-0.2675,0.820649
0.6800,0.3600,-0.1618,0.812499
0.6800,0.3600,-0.0541,0.687015
0.6800,0.3600,0.0541,0.627170
0.6800,0.3600,0.1618,0.777787
0.6800,0.3600,0.2675,0.797583
0.6800,0.3600,0.3701,0.788643
0.6800,0.3600,0.4684,0.767727
0.6800,0.3600,0.5612,0.743377
0.6800,0.3600,0.6474,0.717599
0.6800,0.3600,0.7260,0.693715
0.6800,0.3600,0.7961,0.670394
0.6800,0.3600,0.8569,0.648649
0.6800,0.3600,0.9076,0.625673
0.6800,0.3600,0.9477,0.608695
0.6800,0.3600,0.9766,0.591443
0.6800,0.3600,0.9941,0.576219
0.6800,0.3600,1.0000,0.562220
0.6800,0.4133,-1.0000,0.550571
0.6800,0.4133,-0.9941,0.564190
0.6800,0.4133,-0.9766,0.578263
0.6800,0.4133,-0.9477,0.597532
0.6800,0.4133,-0.9076,0.615034
0.6800,0.4133,-0.8569,0.635856
0.6800,0.4133,-0.7961,0.660172
0.6800,0.4133,-0.7260,0.680894
0.6800,0.4133,-0.6474,0.703995
0.6800,0.4133,-0.5612,0.731448
0.6800,0.4133,-0.4684,0.756846
0.6800,0.4133,-0.3701,0.775717
0.6800,0.4133,-0.2675,0.783801
0.6800,0.4133,-0.1618,0.763748
0.6800,0.4133,-0.0541,0.609916
0.6800,0.4133,0.0541,0.558874
0.6800,0.4133,0.1618,0.731018
0.6800,0.4133,0.2675,0.764684
0.6800,0.4133,0.3701,0.760438
0.6800,0.4133,0.4684,0.743934
0.6800,0.4133,0.5612,0.723725
0.6800,0.4133,0.6474,0.699842
0.6800,0.4133,0.7260,0.678375
0.6800,0.4133,0.7961,0.655831
0.6800,0.4133,0.8569,0.633691
0.6800,0.4133,0.9076,0.615281
0.6800,0.4133,0.9477,0.595712
0.6800,0.4133,0.9766,0.579561
0.6800,0.4133,0.9941,0.565102
0.6800,0.4133,1.0000,0.549271
0.6800,0.4667,-1.0000,0.528480
0.6800,0.4667,-0.9941,0.541549
0.6800,0.4667,-0.9766,0.555002
0.6800,0.4667,-0.9477,0.569567
0.6800,0.4667,-0.9076,0.586848
0.6800,0.4667,-0.8569,0.605780
0.6800,0.4667,-0.7961,0.625625
0.6800,0.4667,-0.7260,0.647423
0.6800,0.4667,-0.6474,0.666048
0.6800,0.4667,-0.5612,0.688880
0.6800,0.4667,-0.4684,0.708813
0.6800,0.4667,-0.3701,0.718020
0.6800,0.4667,-0.2675,0.715367
0.6800,0.4667,-0.1618,0.673240
0.6800,0.4667,-0.0541,0.485269
0.6800,0.4667,0.0541,0.448040
0.6800,0.4667,0.1618,0.640019
0.6800,0.4667,0.2675,0.688449
0.6800,0.4667,0.3701,0.695112
0.6800,0.4667,0.4684,0.688027
0.6800,0.4667,0.5612,0.671658
0.6800,0.4667,0.6474,0.651769
0.6800,0.4667,0.7260,0.633061
0.6800,0.4667,0.7961,0.612436
0.6800,0.4667,0.8569,0.587515
0.6800,0.4667,0.9076,0.567112
0.6800,0.4667,0.9477,0.548248
0.6800,0.4667,0.9766,0.532377
0.6800,0.4667,0.9941,0.511015
0.6800,0.4667,1.0000,0.496819
0.6800,0.5200,-1.0000,0.434026
0.6800,0.5200,-0.9941,0.476332
0.6800,0.5200,-0.9766,0.541171
0.6800,0.5200,-0.9477,0.593502
0.6800,0.5200,-0.9076,0.657374
0.6800,0.5200,-0.8569,0.701097
0.6800,0.5200,-0.7961,0.747520
0.6800,0.5200,-0.7260,0.769805
0.6800,0.5200,-0.6474,0.773222
0.6800,0.5200,-0.5612,0.782217
0.6800,0.5200,-0.4684,0.764171
0.6800,0.5200,-0.3701,0.747568
0.6800,0.5200,-0.2675,0.706574
0.6800,0.5200,-0.1618,0.628128
0.6800,0.5200,-0.0541,0.466635
0.6800,0.5200,0.0541,0.290743
0.6800,0.5200,0.1618,0.297994
0.6800,0.5200,0.2675,0.293554
0.6800,0.5200,0.3701,0.288310
0.6800,0.5200,0.4684,0.288796
0.6800,0.5200,0.5612,0.282466
0.6800,0.5200,0.6474,0.281729
0.6800,0.5200,0.7260,0.278196
0.6800,0.5200,0.7961,0.276206
0.6800,0.5200,0.8569,0.273837
0.6800,0.5200,0.9076,0.275356
0.6800,0.5200,0.9477,0.274279
0.6800,0.5200,0.9766,0.271851
0.6800,0.5200,0.9941,0.273087
0.6800,0.5200,1.0000,0.271568
0.6800,0.5733,-1.0000,0.900598
0.6800,0.5733,-0.9941,0.895577
0.6800,0.5733,-0.9766,0.892756
0.6800,0.5733,-0.9477,0.888462
0.6800,0.5733,-0.9076,0.883455
0.6800,0.5733,-0.8569,0.874491
0.6800,0.5733,-0.7961,0.865975
0.6800,0.5733,-0.7260,0.853785
0.6800,0.5733,-0.6474,0.838403
0.6800,0.5733,-0.5612,0.819561
0.6800,0.5733,-0.4684,0.793117
0.6800,0.5733,-0.3701,0.757427
0.6800,0.5733,-0.2675,0.705125
0.6800,0.5733,-0.1618,0.619805
0.6800,0.5733,-0.0541,0.453303
0.6800,0.5733,0.0541,0.265958
0.6800,0.5733,0.1618,0.263210
0.6800,0.5733,0.2675,0.263290
0.6800,0.5733,0.3701,0.259964
0.6800,0.5733,0.4684,0.258794
0.6800,0.5733,0.5612,0.257929
0.6800,0.5733,0.6474,0.256899
0.6800,0.5733,0.7260,0.254091
0.6800,0.5733,0.7961,0.252678
0.6800,0.5733,0.8569,0.250300
0.6800,0.5733,0.9076,0.248872
0.6800,0.5733,0.9477,0.248635
0.6800,0.5733,0.9766,0.247021
0.6800,0.5733,0.9941,0.247137
0.6800,0.5733,1.0000,0.244199
0.6800,0.6267,-1.0000,0.841114
0.6800,0.6267,-0.9941,0.839611
0.6800,0.6267,-0.9766,0.837052
0.6800,0.6267,-0.9477,0.831042
0.6800,0.6267,-0.9076,0.824853
0.6800,0.6267,-0.8569,0.816982
0.6800,0.6267,-0.7961,0.804502
0.6800,0.6267,-0.7260,0.789845
0.6800,0.6267,-0.6474,0.770670
0.6800,0.6267,-0.5612,0.747465
0.6800,0.6267,-0.4684,0.715201
0.6800,0.6267,-0.3701,0.673577
0.6800,0.6267,-0.2675,0.611808
0.6800,0.6267,-0.1618,0.518894
0.6800,0.6267,-0.0541,0.347097
0.6800,0.6267,0.0541,0.180983
0.6800,0.6267,0.1618,0.180115
0.6800,0.6267,0.2675,0.176622
0.6800,0.6267,0.3701,0.173679
0.6800,0.6267,0.4684,0.172259
0.6800,0.6267,0.5612,0.167485
0.6800,0.6267,0.6474,0.166425
0.6800,0.6267,0.7260,0.161936
0.6800,0.6267,0.7961,0.158122
0.6800,0.6267,0.8569,0.156611
0.6800,0.6267,0.9076,0.152127
0.6800,0.6267,0.9477,0.147214
0.6800,0.6267,0.9766,0.144078
0.6800,0.6267,0.9941,0.138316
0.6800,0.6267,1.0000,0.133772
0.6800,0.6800,-1.0000,0.948693
0.6800,0.6800,-0.9941,0.946645
0.6800,0.6800,-0.9766,0.944428
0.6800,0.6800,-0.9477,0.943083
0.6800,0.6800,-0.9076,0.940888
0.6800,0.6800,-0.8569,0.940315
0.6800,0.6800,-0.7961,0.939316
0.6800,0.6800,-0.7260,0.939457
0.6800,0.6800,-0.6474,0.939176
0.6800,0.6800,-0.5612,0.939138
0.6800,0.6800,-0.4684,0.939938
0.6800,0.6800,-0.3701,0.939939
0.6800,0.6800,-0.2675,0.940648
0.6800,0.6800,-0.1618,0.941922
0.6800,0.6800,-0.0541,0.942915
0.6800,0.6800,0.0541,0.944170
0.6800,0.6800,0.1618,0.945119
0.6800,0.6800,0.2675,0.946738
0.6800,0.6800,0.3701,0.948087
0.6800,0.6800,0.4684,0.949883
0.6800,0.6800,0.5612,0.951365
0.6800,0.6800,0.6474,0.953167
0.6800,0.6800,0.7260,0.955081
0.6800,0.6800,0.7961,0.956715
0.6800,0.6800,0.8569,0.958686
0.6800,0.6800,0.9076,0.960716
0.6800,0.6800,0.9477,0.963307
0.6800,0.6800,0.9766,0.965620
0.6800,0.6800,0.9941,0.967853
0.6800,0.6800,1.0000,0.970451
0.7333,0.2000,-1.0000,0.577749
0.7333,0.2000,-0.9941,0.591796
0.7333,0.2000,-0.9766,0.608961
0.7333,0.2000,-0.9477,0.626780
0.7333,0.2000,-0.9076,0.646704
0.7333,0.2000,-0.8569,0.669584
0.7333,0.2000,-0.7961,0.693335
0.7333,0.2000,-0.7260,0.723263
0.7333,0.2000,-0.6474,0.752464
0.7333,0.2000,-0.5612,0.781426
0.7333,0.2000,-0.4684,0.815129
0.7333,0.2000,-0.3701,0.844711
0.7333,0.2000,-0.2675,0.872197
0.7333,0.2000,-0.1618,0.887270
0.7333,0.2000,-0.0541,0.827259
0.7333,0.2000,0.0541,0.760057
0.7333,0.2000,0.1618,0.856219
0.7333,0.2000,0.2675,0.852923
0.7333,0.2000,0.3701,0.830897
0.7333,0.2000,0.4684,0.803025
0.7333,0.2000,0.5612,0.774260
0.7333,0.2000,0.6474,0.744748
0.7333,0.2000,0.7260,0.716980
0.7333,0.2000,0.7961,0.691904
0.7333,0.2000,0.8569,0.666678
0.7333,0.2000,0.9076,0.646373
0.7333,0.2000,0.9477,0.626510
0.7333,0.2000,0.9766,0.607565
0.7333,0.2000,0.9941,0.592503
0.7333,0.2000,1.0000,0.577005
0.7333,0.2533,-1.0000,0.574610
0.7333,0.2533,-0.9941,0.588529
0.7333,0.2533,-0.9766,0.605905
0.7333,0.2533,-0.9477,0.624289
0.7333,0.2533,-0.9076,0.646276
0.7333,0.2533,-0.8569,0.667684
0.7333,0.2533,-0.7961,0.692229
0.7333,0.2533,-0.7260,0.718605
0.7333,0.2533,-0.6474,0.746921
0.7333,0.2533,-0.5612,0.777329
0.7333,0.2533,-0.4684,0.807711
0.7333,0.2533,-0.3701,0.838521
0.7333,0.2533,-0.2675,0.865457
0.7333,0.2533,-0.1618,0.876315
0.7333,0.2533,-0.0541,0.803095
0.7333,0.2533,0.0541,0.738003
0.7333,0.2533,0.1618,0.845361
0.7333,0.2533,0.2675,0.844756
0.7333,0.2533,0.3701,0.826235
0.7333,0.2533,0.4684,0.797565
0.7333,0.2533,0.5612,0.768399
0.7333,0.2533,0.6474,0.740149
0.7333,0.2533,0.7260,0.714123
0.7333,0.2533,0.7961,0.690651
0.7333,0.2533,0.8569,0.665157
0.7333,0.2533,0.9076,0.642182
0.7333,0.2533,0.9477,0.622214
0.7333,0.2533,0.9766,0.606322
0.7333,0.2533,0.9941,0.588755
0.7333,0.2533,1.0000,0.572722
0.7333,0.3067,-1.0000,0.572017
0.7333,0.3067,-0.9941,0.585628
0.7333,0.3067,-0.9766,0.602685
0.7333,0.3067,-0.9477,0.621544
0.7333,0.3067,-0.9076,0.640682
0.7333,0.3067,-0.8569,0.661804
0.7333,0.3067,-0.7961,0.687715
0.7333,0.3067,-0.7260,0.715520
0.7333,0.3067,-0.6474,0.742407
0.7333,0.3067,-0.5612,0.771502
0.7333,0.3067,-0.4684,0.801348
0.7333,0.3067,-0.3701,0.831851
0.7333,0.3067,-0.2675,0.854706
0.7333,0.3067,-0.1618,0.860193
0.7333,0.3067,-0.0541,0.774125
0.7333,0.3067,0.0541,0.709133
0.7333,0.3067,0.1618,0.829767
0.7333,0.3067,0.2675,0.834007
0.7333,0.3067,0.3701,0.817280
0.7333,0.3067,0.4684,0.791691
0.7333,0.3067,0.5612,0.764721
0.7333,0.3067,0.6474,0.737059
0.7333,0.3067,0.7260,0.709994
0.7333,0.3067,0.7961,0.683687
0.7333,0.3067,0.8569,0.660882
0.7333,0.3067,0.9076,0.639687
0.7333,0.3067,0.9477,0.620081
0.7333,0.3067,0.9766,0.601418
0.7333,0.3067,0.9941,0.586504
0.7333,0.3067,1.0000,0.572029
0.7333,0.3600,-1.0000,0.565592
0.7333,0.3600,-0.9941,0.580529
0.7333,0.3600,-0.9766,0.598145
0.7333,0.3600,-0.9477,0.616807
0.7333,0.3600,-0.9076,0.634656
0.7333,0.3600,-0.8569,0.658327
0.7333,0.3600,-0.7961,0.680727
0.7333,0.3600,-0.7260,0.708103
0.7333,0.3600,-0.6474,0.732476
0.7333,0.3600,-0.5612,0.762924
0.7333,0.3600,-0.4684,0.793751
0.7333,0.3600,-0.3701,0.819699
0.7333,0.3600,-0.2675,0.839074
0.7333,0.3600,-0.1618,0.839734
0.7333,0.3600,-0.0541,0.733752
0.7333,0.3600,0.0541,0.674157
0.7333,0.3600,0.1618,0.808190
0.7333,0.3600,0.2675,0.818792
0.7333,0.3600,0.3701,0.804606
0.7333,0.3600,0.4684,0.782497
0.7333,0.3600,0.5612,0.755964
0.7333,0.3600,0.6474,0.728230
0.7333,0.3600,0.7260,0.704172
0.7333,0.3600,0.7961,0.678489
0.7333,0.3600,0.8569,0.655077
0.7333,0.3600,0.9076,0.635440
0.7333,0.3600,0.9477,0.613009
0.7333,0.3600,0.9766,0.597610
0.7333,0.3600,0.9941,0.582226
0.7333,0.3600,1.0000,0.567628
0.7333,0.4133,-1.0000,0.560113
0.7333,0.4133,-0.9941,0.576688
0.7333,0.4133,-0.9766,0.591022
0.7333,0.4133,-0.9477,0.607506
0.7333,0.4133,-0.9076,0.628576
0.7333,0.4133,-0.8569,0.649531
0.7333,0.4133,-0.7961,0.671035
0.7333,0.4133,-0.7260,0.696900
0.7333,0.4133,-0.6474,0.721654
0.7333,0.4133,-0.5612,0.749117
0.7333,0.4133,-0.4684,0.778146
0.7333,0.4133,-0.3701,0.801847
0.7333,0.4133,-0.2675,0.816867
0.7333,0.4133,-0.1618,0.805645
0.7333,0.4133,-0.0541,0.676890
0.7333,0.4133,0.0541,0.623122
0.7333,0.4133,0.1618,0.776010
0.7333,0.4133,0.2675,0.796126
0.7333,0.4133,0.3701,0.787006
0.7333,0.4133,0.4684,0.767323
0.7333,0.4133,0.5612,0.742838
0.7333,0.4133,0.6474,0.715399
0.7333,0.4133,0.7260,0.692630
0.7333,0.4133,0.7961,0.668879
0.7333,0.4133,0.8569,0.648336
0.7333,0.4133,0.9076,0.626014
0.7333,0.4133,0.9477,0.607708
0.7333,0.4133,0.9766,0.591752
0.7333,0.4133,0.9941,0.575403
0.7333,0.4133,1.0000,0.561200
0.7333,0.4667,-1.0000,0.547040
0.7333,0.4667,-0.9941,0.561535
0.7333,0.4667,-0.9766,0.577017
0.7333,0.4667,-0.9477,0.595115
0.7333,0.4667,-0.9076,0.612274
0.7333,0.4667,-0.8569,0.632244
0.7333,0.4667,-0.7961,0.655499
0.7333,0.4667,-0.7260,0.677565
0.7333,0.4667,-0.6474,0.700797
0.7333,0.4667,-0.5612,0.727075
0.7333,0.4667,-0.4684,0.751040
0.7333,0.4667,-0.3701,0.767444
0.7333,0.4667,-0.2675,0.776217
0.7333,0.4667,-0.1618,0.752491
0.7333,0.4667,-0.0541,0.594022
0.7333,0.4667,0.0541,0.549187
0.7333,0.4667,0.1618,0.723577
0.7333,0.4667,0.2675,0.757771
0.7333,0.4667,0.3701,0.756129
0.7333,0.4667,0.4684,0.738562
0.7333,0.4667,0.5612,0.720545
0.7333,0.4667,0.6474,0.696562
0.7333,0.4667,0.7260,0.673438
0.7333,0.4667,0.7961,0.650569
0.7333,0.4667,0.8569,0.631017
0.7333,0.4667,0.9076,0.610220
0.7333,0.4667,0.9477,0.590577
0.7333,0.4667,0.9766,0.577000
0.7333,0.4667,0.9941,0.560852
0.7333,0.4667,1.0000,0.547975
0.7333,0.5200,-1.0000,0.523221
0.7333,0.5200,-0.9941,0.535026
0.7333,0.5200,-0.9766,0.548646
0.7333,0.5200,-0.9477,0.564854
0.7333,0.5200,-0.9076,0.579586
0.7333,0.5200,-0.8569,0.598170
0.7333,0.5200,-0.7961,0.616550
0.7333,0.5200,-0.7260,0.635064
0.7333,0.5200,-0.6474,0.652019
0.7333,0.5200,-0.5612,0.673558
0.7333,0.5200,-0.4684,0.688742
0.7333,0.5200,-0.3701,0.695495
0.7333,0.5200,-0.2675,0.683296
0.7333,0.5200,-0.1618,0.633818
0.7333,0.5200,-0.0541,0.445028
0.7333,0.5200,0.0541,0.395376
0.7333,0.5200,0.1618,0.570364
0.7333,0.5200,0.2675,0.615668
0.7333,0.5200,0.3701,0.613863
0.7333,0.5200,0.4684,0.604656
0.7333,0.5200,0.5612,0.564604
0.7333,0.5200,0.6474,0.544621
0.7333,0.5200,0.7260,0.506242
0.7333,0.5200,0.7961,0.486884
0.7333,0.5200,0.8569,0.452494
0.7333,0.5200,0.9076,0.433297
0.7333,0.5200,0.9477,0.403133
0.7333,0.5200,0.9766,0.384130
0.7333,0.5200,0.9941,0.374534
0.7333,0.5200,1.0000,0.360072
0.7333,0.5733,-1.0000,0.754357
0.7333,0.5733,-0.9941,0.780749
0.7333,0.5733,-0.9766,0.799051
0.7333,0.5733,-0.9477,0.819415
0.7333,0.5733,-0.9076,0.839636
0.7333,0.5733,-0.8569,0.851556
0.7333,0.5733,-0.7961,0.852049
0.7333,0.5733,-0.7260,0.846091
0.7333,0.5733,-0.6474,0.838508
0.7333,0.5733,-0.5612,0.823457
0.7333,0.5733,-0.4684,0.800568
0.7333,0.5733,-0.3701,0.766359
0.7333,0.5733,-0.2675,0.716584
0.7333,0.5733,-0.1618,0.634673
0.7333,0.5733,-0.0541,0.469977
0.7333,0.5733,0.0541,0.285797
0.7333,0.5733,0.1618,0.286211
0.7333,0.5733,0.2675,0.282313
0.7333,0.5733,0.3701,0.283164
0.7333,0.5733,0.4684,0.278769
0.7333,0.5733,0.5612,0.278954
0.7333,0.5733,0.6474,0.278616
0.7333,0.5733,0.7260,0.277266
0.7333,0.5733,0.7961,0.276522
0.7333,0.5733,0.8569,0.273682
0.7333,0.5733,0.9076,0.272939
0.7333,0.5733,0.9477,0.273207
0.7333,0.5733,0.9766,0.271559
0.7333,0.5733,0.9941,0.269219
0.7333,0.5733,1.0000,0.270078
0.7333,0.6267,-1.0000,0.899823
0.7333,0.6267,-0.9941,0.899143
0.7333,0.6267,-0.9766,0.894503
0.7333,0.6267,-0.9477,0.888339
0.7333,0.6267,-0.9076,0.881881
0.7333,0.6267,-0.8569,0.874557
0.7333,0.6267,-0.7961,0.864339
0.7333,0.6267,-0.7260,0.851638
0.7333,0.6267,-0.6474,0.835844
0.7333,0.6267,-0.5612,0.816996
0.7333,0.6267,-0.4684,0.790672
0.7333,0.6267,-0.3701,0.754260
0.7333,0.6267,-0.2675,0.701453
0.7333,0.6267,-0.1618,0.616115
0.7333,0.6267,-0.0541,0.449308
0.7333,0.6267,0.0541,0.263331
0.7333,0.6267,0.1618,0.261223
0.7333,0.6267,0.2675,0.258443
0.7333,0.6267,0.3701,0.256448
0.7333,0.6267,0.4684,0.256301
0.7333,0.6267,0.5612,0.252421
0.7333,0.6267,0.6474,0.251262
0.7333,0.6267,0.7260,0.251324
0.7333,0.6267,0.7961,0.248109
0.7333,0.6267,0.8569,0.246880
0.7333,0.6267,0.9076,0.246317
0.7333,0.6267,0.9477,0.243451
0.7333,0.6267,0.9766,0.243139
0.7333,0.6267,0.9941,0.240342
0.7333,0.6267,1.0000,0.239655
0.7333,0.6800,-1.0000,0.814720
0.7333,0.6800,-0.9941,0.814510
0.7333,0.6800,-0.9766,0.811595
0.7333,0.6800,-0.9477,0.806321
0.7333,0.6800,-0.9076,0.800263
0.7333,0.6800,-0.8569,0.791430
0.7333,0.6800,-0.7961,0.779419
0.7333,0.6800,-0.7260,0.764938
0.7333,0.6800,-0.6474,0.746469
0.7333,0.6800,-0.5612,0.721315
0.7333,0.6800,-0.4684,0.688432
0.7333,0.6800,-0.3701,0.642790
0.7333,0.6800,-0.2675,0.579576
0.7333,0.6800,-0.1618,0.485255
0.7333,0.6800,-0.0541,0.314947
0.7333,0.6800,0.0541,0.159403
0.7333,0.6800,0.1618,0.158066
0.7333,0.6800,0.2675,0.155765
0.7333,0.6800,0.3701,0.151001
0.7333,0.6800,0.4684,0.149002
0.7333,0.6800,0.5612,0.144959
0.7333,0.6800,0.6474,0.140675
0.7333,0.6800,0.7260,0.139438
0.7333,0.6800,0.7961,0.134128
0.7333,0.6800,0.8569,0.129555
0.7333,0.6800,0.9076,0.124931
0.7333,0.6800,0.9477,0.117634
0.7333,0.6800,0.9766,0.113262
0.7333,0.6800,0.9941,0.101541
0.7333,0.6800,1.0000,0.091825
0.7333,0.7333,-1.0000,0.949508
0.7333,0.7333,-0.9941,0.947069
0.7333,0.7333,-0.9766,0.945112
0.7333,0.7333,-0.9477,0.943414
0.7333,0.7333,-0.9076,0.941883
0.7333,0.7333,-0.8569,0.940747
0.7333,0.7333,-0.7961,0.940367
0.7333,0.7333,-0.7260,0.939707
0.7333,0.7333,-0.6474,0.939700
0.7333,0.7333,-0.5612,0.939581
0.7333,0.7333,-0.4684,0.940433
0.7333,0.7333,-0.3701,0.940759
0.7333,0.7333,-0.2675,0.941479
0.7333,0.7333,-0.1618,0.942180
0.7333,0.7333,-0.0541,0.943226
0.7333,0.7333,0.0541,0.944584
0.7333,0.7333,0.1618,0.945587
0.7333,0.7333,0.2675,0.946780
0.7333,0.7333,0.3701,0.948681
0.7333,0.7333,0.4684,0.950414
0.7333,0.7333,0.5612,0.951999
0.7333,0.7333,0.6474,0.953499
0.7333,0.7333,0.7260,0.955721
0.7333,0.7333,0.7961,0.957992
0.7333,0.7333,0.8569,0.959907
0.7333,0.7333,0.9076,0.961432
0.7333,0.7333,0.9477,0.964263
0.7333,0.7333,0.9766,0.966571
0.7333,0.7333,0.9941,0.968981
0.7333,0.7333,1.0000,0.971892
0.7867,0.2000,-1.0000,0.578045
0.7867,0.2000,-0.9941,0.594029
0.7867,0.2000,-0.9766,0.610079
0.7867,0.2000,-0.9477,0.628476
0.7867,0.2000,-0.9076,0.649670
0.7867,0.2000,-0.8569,0.671240
0.7867,0.2000,-0.7961,0.697604
0.7867,0.2000,-0.7260,0.724536
0.7867,0.2000,-0.6474,0.752289
0.7867,0.2000,-0.5612,0.784308
0.7867,0.2000,-0.4684,0.816477
0.7867,0.2000,-0.3701,0.847025
0.7867,0.2000,-0.2675,0.876693
0.7867,0.2000,-0.1618,0.893468
0.7867,0.2000,-0.0541,0.841843
0.7867,0.2000,0.0541,0.777795
0.7867,0.2000,0.1618,0.864337
0.7867,0.2000,0.2675,0.859901
0.7867,0.2000,0.3701,0.835293
0.7867,0.2000,0.4684,0.807034
0.7867,0.2000,0.5612,0.775844
0.7867,0.2000,0.6474,0.746025
0.7867,0.2000,0.7260,0.720470
0.7867,0.2000,0.7961,0.693369
0.7867,0.2000,0.8569,0.670194
0.7867,0.2000,0.9076,0.648300
0.7867,0.2000,0.9477,0.627271
0.7867,0.2000,0.9766,0.609368
0.7867,0.2000,0.9941,0.590652
0.7867,0.2000,1.0000,0.576523
0.7867,0.2533,-1.0000,0.576600
0.7867,0.2533,-0.9941,0.590328
0.7867,0.2533,-0.9766,0.608356
0.7867,0.2533,-0.9477,0.625763
0.7867,0.2533,-0.9076,0.645675
0.7867,0.2533,-0.8569,0.668203
0.7867,0.2533,-0.7961,0.695970
0.7867,0.2533,-0.7260,0.721338
0.7867,0.2533,-0.6474,0.748990
0.7867,0.2533,-0.5612,0.781066
0.7867,0.2533,-0.4684,0.812036
0.7867,0.2533,-0.3701,0.843312
0.7867,0.2533,-0.2675,0.872248
0.7867,0.2533,-0.1618,0.885461
0.7867,0.2533,-0.0541,0.822385
0.7867,0.2533,0.0541,0.759977
0.7867,0.2533,0.1618,0.857013
0.7867,0.2533,0.2675,0.853104
0.7867,0.2533,0.3701,0.831207
0.7867,0.2533,0.4684,0.803278
0.7867,0.2533,0.5612,0.772247
0.7867,0.2533,0.6474,0.743755
0.7867,0.2533,0.7260,0.716795
0.7867,0.2533,0.7961,0.691996
0.7867,0.2533,0.8569,0.666782
0.7867,0.2533,0.9076,0.642745
0.7867,0.2533,0.9477,0.624930
0.7867,0.2533,0.9766,0.607077
0.7867,0.2533,0.9941,0.589771
0.7867,0.2533,1.0000,0.575609
0.7867,0.3067,-1.0000,0.572735
0.7867,0.3067,-0.9941,0.589260
0.7867,0.3067,-0.9766,0.604480
0.7867,0.3067,-0.9477,0.623186
0.7867,0.3067,-0.9076,0.644401
0.7867,0.3067,-0.8569,0.667837
0.7867,0.3067,-0.7961,0.690828
0.7867,0.3067,-0.7260,0.720067
0.7867,0.3067,-0.6474,0.745785
0.7867,0.3067,-0.5612,0.775917
0.7867,0.3067,-0.4684,0.806702
0.7867,0.3067,-0.3701,0.837386
0.7867,0.3067,-0.2675,0.862953
0.7867,0.3067,-0.1618,0.873097
0.7867,0.3067,-0.0541,0.798577
0.7867,0.3067,0.0541,0.737610
0.7867,0.3067,0.1618,0.843965
0.7867,0.3067,0.2675,0.844744
0.7867,0.3067,0.3701,0.824362
0.7867,0.3067,0.4684,0.798163
0.7867,0.3067,0.5612,0.768253
0.7867,0.3067,0.6474,0.739616
0.7867,0.3067,0.7260,0.715137
0.7867,0.3067,0.7961,0.688737
0.7867,0.3067,0.8569,0.663820
0.7867,0.3067,0.9076,0.643540
0.7867,0.3067,0.9477,0.620935
0.7867,0.3067,0.9766,0.605111
0.7867,0.3067,0.9941,0.588423
0.7867,0.3067,1.0000,0.572568
0.7867,0.3600,-1.0000,0.572708
0.7867,0.3600,-0.9941,0.586253
0.7867,0.3600,-0.9766,0.602038
0.7867,0.3600,-0.9477,0.621014
0.7867,0.3600,-0.9076,0.639169
0.7867,0.3600,-0.8569,0.662907
0.7867,0.3600,-0.7961,0.687538
0.7867,0.3600,-0.7260,0.713208
0.7867,0.3600,-0.6474,0.740515
0.7867,0.3600,-0.5612,0.770232
0.7867,0.3600,-0.4684,0.800513
0.7867,0.3600,-0.3701,0.828489
0.7867,0.3600,-0.2675,0.850918
0.7867,0.3600,-0.1618,0.858179
0.7867,0.3600,-0.0541,0.767535
0.7867,0.3600,0.0541,0.707727
0.7867,0.3600,0.1618,0.827557
0.7867,0.3600,0.2675,0.832885
0.7867,0.3600,0.3701,0.816466
0.7867,0.3600,0.4684,0.792146
0.7867,0.3600,0.5612,0.762683
0.7867,0.3600,0.6474,0.734832
0.7867,0.3600,0.7260,0.710013
0.7867,0.3600,0.7961,0.684310
0.7867,0.3600,0.8569,0.660823
0.7867,0.3600,0.9076,0.639023
0.7867,0.3600,0.9477,0.618914
0.7867,0.3600,0.9766,0.601817
0.7867,0.3600,0.9941,0.586172
0.7867,0.3600,1.0000,0.570690
0.7867,0.4133,-1.0000,0.566627
0.7867,0.4133,-0.9941,0.581808
0.7867,0.4133,-0.9766,0.595469
0.7867,0.4133,-0.9477,0.615586
0.7867,0.4133,-0.9076,0.634721
0.7867,0.4133,-0.8569,0.656027
0.7867,0.4133,-0.7961,0.681865
0.7867,0.4133,-0.7260,0.708192
0.7867,0.4133,-0.6474,0.731547
0.7867,0.4133,-0.5612,0.760355
0.7867,0.4133,-0.4684,0.790002
0.7867,0.4133,-0.3701,0.816185
0.7867,0.4133,-0.2675,0.835332
0.7867,0.4133,-0.1618,0.835757
0.7867,0.4133,-0.0541,0.723799
0.7867,0.4133,0.0541,0.669004
0.7867,0.4133,0.1618,0.803372
0.7867,0.4133,0.2675,0.816306
0.7867,0.4133,0.3701,0.803152
0.7867,0.4133,0.4684,0.781578
0.7867,0.4133,0.5612,0.753957
0.7867,0.4133,0.6474,0.727278
0.7867,0.4133,0.7260,0.703221
0.7867,0.4133,0.7961,0.676256
0.7867,0.4133,0.8569,0.653723
0.7867,0.4133,0.9076,0.631308
0.7867,0.4133,0.9477,0.614095
0.7867,0.4133,0.9766,0.596793
0.7867,0.4133,0.9941,0.581246
0.7867,0.4133,1.0000,0.565772
0.7867,0.4667,-1.0000,0.558454
0.7867,0.4667,-0.9941,0.572320
0.7867,0.4667,-0.9766,0.589260
0.7867,0.4667,-0.9477,0.607143
0.7867,0.4667,-0.9076,0.624923
0.7867,0.4667,-0.8569,0.647295
0.7867,0.4667,-0.7961,0.668539
0.7867,0.4667,-0.7260,0.693062
0.7867,0.4667,-0.6474,0.718561
0.7867,0.4667,-0.5612,0.747563
0.7867,0.4667,-0.4684,0.773404
0.7867,0.4667,-0.3701,0.796323
0.7867,0.4667,-0.2675,0.808960
0.7867,0.4667,-0.1618,0.797761
0.7867,0.4667,-0.0541,0.663189
0.7867,0.4667,0.0541,0.614629
0.7867,0.4667,0.1618,0.769588
0.7867,0.4667,0.2675,0.792067
0.7867,0.4667,0.3701,0.784303
0.7867,0.4667,0.4684,0.763228
0.7867,0.4667,0.5612,0.738874
0.7867,0.4667,0.6474,0.714025
0.7867,0.4667,0.7260,0.690695
0.7867,0.4667,0.7961,0.666977
0.7867,0.4667,0.8569,0.645660
0.7867,0.4667,0.9076,0.625569
0.7867,0.4667,0.9477,0.603679
0.7867,0.4667,0.9766,0.587130
0.7867,0.4667,0.9941,0.573105
0.7867,0.4667,1.0000,0.559975
0.7867,0.5200,-1.0000,0.543932
0.7867,0.5200,-0.9941,0.558704
0.7867,0.5200,-0.9766,0.573409
0.7867,0.5200,-0.9477,0.591529
0.7867,0.5200,-0.9076,0.608151
0.7867,0.5200,-0.8569,0.627901
0.7867,0.5200,-0.7961,0.648087
0.7867,0.5200,-0.7260,0.672938
0.7867,0.5200,-0.6474,0.694903
0.7867,0.5200,-0.5612,0.720558
0.7867,0.5200,-0.4684,0.742365
0.7867,0.5200,-0.3701,0.759581
0.7867,0.5200,-0.2675,0.763371
0.7867,0.5200,-0.1618,0.735694
0.7867,0.5200,-0.0541,0.569887
0.7867,0.5200,0.0541,0.529560
0.7867,0.5200,0.1618,0.709186
0.7867,0.5200,0.2675,0.745100
0.7867,0.5200,0.3701,0.744407
0.7867,0.5200,0.4684,0.730321
0.7867,0.5200,0.5612,0.711431
0.7867,0.5200,0.6474,0.686778
0.7867,0.5200,0.7260,0.666826
0.7867,0.5200,0.7961,0.645128
0.7867,0.5200,0.8569,0.626645
0.7867,0.5200,0.9076,0.604692
0.7867,0.5200,0.9477,0.587435
0.7867,0.5200,0.9766,0.571649
0.7867,0.5200,0.9941,0.555928
0.7867,0.5200,1.0000,0.544067
0.7867,0.5733,-1.0000,0.506772
0.7867,0.5733,-0.9941,0.517726
0.7867,0.5733,-0.9766,0.534069
0.7867,0.5733,-0.9477,0.547850
0.7867,0.5733,-0.9076,0.584525
0.7867,0.5733,-0.8569,0.613805
0.7867,0.5733,-0.7961,0.637261
0.7867,0.5733,-0.7260,0.661873
0.7867,0.5733,-0.6474,0.680653
0.7867,0.5733,-0.5612,0.688467
0.7867,0.5733,-0.4684,0.724090
0.7867,0.5733,-0.3701,0.718581
0.7867,0.5733,-0.2675,0.697069
0.7867,0.5733,-0.1618,0.627518
0.7867,0.5733,-0.0541,0.459812
0.7867,0.5733,0.0541,0.322557
0.7867,0.5733,0.1618,0.384941
0.7867,0.5733,0.2675,0.396638
0.7867,0.5733,0.3701,0.395878
0.7867,0.5733,0.4684,0.385119
0.7867,0.5733,0.5612,0.376726
0.7867,0.5733,0.6474,0.354958
0.7867,0.5733,0.7260,0.356230
0.7867,0.5733,0.7961,0.345159
0.7867,0.5733,0.8569,0.326793
0.7867,0.5733,0.9076,0.325236
0.7867,0.5733,0.9477,0.302171
0.7867,0.5733,0.9766,0.305000
0.7867,0.5733,0.9941,0.291679
0.7867,0.5733,1.0000,0.291374
0.7867,0.6267,-1.0000,0.872620
0.7867,0.6267,-0.9941,0.881516
0.7867,0.6267,-0.9766,0.883449
0.7867,0.6267,-0.9477,0.884051
0.7867,0.6267,-0.9076,0.882360
0.7867,0.6267,-0.8569,0.876572
0.7867,0.6267,-0.7961,0.870725
0.7867,0.6267,-0.7260,0.860448
0.7867,0.6267,-0.6474,0.845685
0.7867,0.6267,-0.5612,0.827674
0.7867,0.6267,-0.4684,0.802685
0.7867,0.6267,-0.3701,0.767384
0.7867,0.6267,-0.2675,0.717196
0.7867,0.6267,-0.1618,0.633163
0.7867,0.6267,-0.0541,0.468939
0.7867,0.6267,0.0541,0.284441
0.7867,0.6267,0.1618,0.283160
0.7867,0.6267,0.2675,0.281587
0.7867,0.6267,0.3701,0.278844
0.7867,0.6267,0.4684,0.278559
0.7867,0.6267,0.5612,0.275988
0.7867,0.6267,0.6474,0.275441
0.7867,0.6267,0.7260,0.274649
0.7867,0.6267,0.7961,0.271048
0.7867,0.6267,0.8569,0.271185
0.7867,0.6267,0.9076,0.270166
0.7867,0.6267,0.9477,0.268783
0.7867,0.6267,0.9766,0.269551
0.7867,0.6267,0.9941,0.269137
0.7867,0.6267,1.0000,0.267149
0.7867,0.6800,-1.0000,0.899931
0.7867,0.6800,-0.9941,0.896243
0.7867,0.6800,-0.9766,0.891888
0.7867,0.6800,-0.9477,0.885906
0.7867,0.6800,-0.9076,0.880001
0.7867,0.6800,-0.8569,0.871764
0.7867,0.6800,-0.7961,0.861183
0.7867,0.6800,-0.7260,0.848498
0.7867,0.6800,-0.6474,0.833104
0.7867,0.6800,-0.5612,0.813391
0.7867,0.6800,-0.4684,0.785748
0.7867,0.6800,-0.3701,0.749816
0.7867,0.6800,-0.2675,0.696839
0.7867,0.6800,-0.1618,0.610529
0.7867,0.6800,-0.0541,0.442397
0.7867,0.6800,0.0541,0.257665
0.7867,0.6800,0.1618,0.256690
0.7867,0.6800,0.2675,0.254181
0.7867,0.6800,0.3701,0.252105
0.7867,0.6800,0.4684,0.249075
0.7867,0.6800,0.5612,0.247878
0.7867,0.6800,0.6474,0.246565
0.7867,0.6800,0.7260,0.244357
0.7867,0.6800,0.7961,0.242807
0.7867,0.6800,0.8569,0.240919
0.7867,0.6800,0.9076,0.239541
0.7867,0.6800,0.9477,0.238071
0.7867,0.6800,0.9766,0.235730
0.7867,0.6800,0.9941,0.232187
0.7867,0.6800,1.0000,0.230522
0.7867,0.7333,-1.0000,0.775122
0.7867,0.7333,-0.9941,0.776201
0.7867,0.7333,-0.9766,0.778014
0.7867,0.7333,-0.9477,0.773037
0.7867,0.7333,-0.9076,0.767308
0.7867,0.7333,-0.8569,0.759992
0.7867,0.7333,-0.7961,0.746279
0.7867,0.7333,-0.7260,0.731257
0.7867,0.7333,-0.6474,0.708451
0.7867,0.7333,-0.5612,0.684715
0.7867,0.7333,-0.4684,0.649431
0.7867,0.7333,-0.3701,0.605755
0.7867,0.7333,-0.2675,0.537712
0.7867,0.7333,-0.1618,0.441299
0.7867,0.7333,-0.0541,0.279451
0.7867,0.7333,0.0541,0.132929
0.7867,0.7333,0.1618,0.130291
0.7867,0.7333,0.2675,0.126676
0.7867,0.7333,0.3701,0.123182
0.7867,0.7333,0.4684,0.120175
0.7867,0.7333,0.5612,0.115697
0.7867,0.7333,0.6474,0.110442
0.7867,0.7333,0.7260,0.106709
0.7867,0.7333,0.7961,0.096319
0.7867,0.7333,0.8569,0.088401
0.7867,0.7333,0.9076,0.084624
0.7867,0.7333,0.9477,0.073497
0.7867,0.7333,0.9766,0.058275
0.7867,0.7333,0.9941,0.048520
0.7867,0.7333,1.0000,0.034837
0.7867,0.7867,-1.0000,0.950527
0.7867,0.7867,-0.9941,0.947604
0.7867,0.7867,-0.9766,0.945455
0.7867,0.7867,-0.9477,0.943935
0.7867,0.7867,-0.9076,0.942363
0.7867,0.7867,-0.8569,0.941386
0.7867,0.7867,-0.7961,0.940703
0.7867,0.7867,-0.7260,0.940603
0.7867,0.7867,-0.6474,0.940052
0.7867,0.7867,-0.5612,0.939786
0.7867,0.7867,-0.4684,0.940314
0.7867,0.7867,-0.3701,0.941306
0.7867,0.7867,-0.2675,0.942286
0.7867,0.7867,-0.1618,0.942857
0.7867,0.7867,-0.0541,0.943861
0.7867,0.7867,0.0541,0.944852
0.7867,0.7867,0.1618,0.946506
0.7867,0.7867,0.2675,0.947439
0.7867,0.7867,0.3701,0.949377
0.7867,0.7867,0.4684,0.951196
0.7867,0.7867,0.5612,0.952583
0.7867,0.7867,0.6474,0.954543
0.7867,0.7867,0.7260,0.956426
0.7867,0.7867,0.7961,0.958871
0.7867,0.7867,0.8569,0.960865
0.7867,0.7867,0.9076,0.963071
0.7867,0.7867,0.9477,0.965820
0.7867,0.7867,0.9766,0.968196
0.7867,0.7867,0.9941,0.970593
0.7867,0.7867,1.0000,0.973191
0.8400,0.2000,-1.0000,0.579000
0.8400,0.2000,-0.9941,0.594409
0.8400,0.2000,-0.9766,0.611401
0.8400,0.2000,-0.9477,0.628755
0.8400,0.2000,-0.9076,0.651933
0.8400,0.2000,-0.8569,0.674763
0.8400,0.2000,-0.7961,0.697768
0.8400,0.2000,-0.7260,0.726167
0.8400,0.2000,-0.6474,0.754712
0.8400,0.2000,-0.5612,0.783901
0.8400,0.2000,-0.4684,0.820360
0.8400,0.2000,-0.3701,0.850618
0.8400,0.2000,-0.2675,0.880993
0.8400,0.2000,-0.1618,0.900276
0.8400,0.2000,-0.0541,0.855301
0.8400,0.2000,0.0541,0.792105
0.8400,0.2000,0.1618,0.871762
0.8400,0.2000,0.2675,0.863714
0.8400,0.2000,0.3701,0.840084
0.8400,0.2000,0.4684,0.808171
0.8400,0.2000,0.5612,0.778893
0.8400,0.2000,0.6474,0.748525
0.8400,0.2000,0.7260,0.721319
0.8400,0.2000,0.7961,0.695153
0.8400,0.2000,0.8569,0.671214
0.8400,0.2000,0.9076,0.649417
0.8400,0.2000,0.9477,0.627247
0.8400,0.2000,0.9766,0.610137
0.8400,0.2000,0.9941,0.594857
0.8400,0.2000,1.0000,0.577430
0.8400,0.2533,-1.0000,0.577536
0.8400,0.2533,-0.9941,0.593592
0.8400,0.2533,-0.9766,0.610808
0.8400,0.2533,-0.9477,0.628296
0.8400,0.2533,-0.9076,0.648702
0.8400,0.2533,-0.8569,0.671164
0.8400,0.2533,-0.7961,0.695712
0.8400,0.2533,-0.7260,0.725500
0.8400,0.2533,-0.6474,0.752037
0.8400,0.2533,-0.5612,0.783406
0.8400,0.2533,-0.4684,0.815856
0.8400,0.2533,-0.3701,0.848494
0.8400,0.2533,-0.2675,0.874941
0.8400,0.2533,-0.1618,0.890548
0.8400,0.2533,-0.0541,0.836764
0.8400,0.2533,0.0541,0.776342
0.8400,0.2533,0.1618,0.863073
0.8400,0.2533,0.2675,0.857340
0.8400,0.2533,0.3701,0.834792
0.8400,0.2533,0.4684,0.807032
0.8400,0.2533,0.5612,0.776427
0.8400,0.2533,0.6474,0.744926
0.8400,0.2533,0.7260,0.720953
0.8400,0.2533,0.7961,0.692452
0.8400,0.2533,0.8569,0.670666
0.8400,0.2533,0.9076,0.646703
0.8400,0.2533,0.9477,0.624043
0.8400,0.2533,0.9766,0.607975
0.8400,0.2533,0.9941,0.593384
0.8400,0.2533,1.0000,0.578385
0.8400,0.3067,-1.0000,0.575570
0.8400,0.3067,-0.9941,0.591607
0.8400,0.3067,-0.9766,0.607254
0.8400,0.3067,-0.9477,0.625798
0.8400,0.3067,-0.9076,0.645927
0.8400,0.3067,-0.8569,0.668851
0.8400,0.3067,-0.7961,0.693373
0.8400,0.3067,-0.7260,0.720989
0.8400,0.3067,-0.6474,0.749204
0.8400,0.3067,-0.5612,0.779638
0.8400,0.3067,-0.4684,0.811697
0.8400,0.3067,-0.3701,0.842429
0.8400,0.3067,-0.2675,0.869426
0.8400,0.3067,-0.1618,0.882767
0.8400,0.3067,-0.0541,0.817163
0.8400,0.3067,0.0541,0.757943
0.8400,0.3067,0.1618,0.854917
0.8400,0.3067,0.2675,0.851841
0.8400,0.3067,0.3701,0.829982
0.8400,0.3067,0.4684,0.802283
0.8400,0.3067,0.5612,0.773706
0.8400,0.3067,0.6474,0.742196
0.8400,0.3067,0.7260,0.717714
0.8400,0.3067,0.7961,0.689929
0.8400,0.3067,0.8569,0.666654
0.8400,0.3067,0.9076,0.644395
0.8400,0.3067,0.9477,0.625265
0.8400,0.3067,0.9766,0.606879
0.8400,0.3067,0.9941,0.589289
0.8400,0.3067,1.0000,0.575084
0.8400,0.3600,-1.0000,0.573507
0.8400,0.3600,-0.9941,0.590159
0.8400,0.3600,-0.9766,0.604183
0.8400,0.3600,-0.9477,0.623563
0.8400,0.3600,-0.9076,0.645079
0.8400,0.3600,-0.8569,0.667190
0.8400,0.3600,-0.7961,0.690838
0.8400,0.3600,-0.7260,0.717515
0.8400,0.3600,-0.6474,0.743868
0.8400,0.3600,-0.5612,0.775654
0.8400,0.3600,-0.4684,0.806140
0.8400,0.3600,-0.3701,0.834792
0.8400,0.3600,-0.2675,0.861851
0.8400,0.3600,-0.1618,0.870281
0.8400,0.3600,-0.0541,0.792054
0.8400,0.3600,0.0541,0.733287
0.8400,0.3600,0.1618,0.840745
0.8400,0.3600,0.2675,0.844264
0.8400,0.3600,0.3701,0.824057
0.8400,0.3600,0.4684,0.797449
0.8400,0.3600,0.5612,0.768002
0.8400,0.3600,0.6474,0.740027
0.8400,0.3600,0.7260,0.712899
0.8400,0.3600,0.7961,0.689070
0.8400,0.3600,0.8569,0.664811
0.8400,0.3600,0.9076,0.640955
0.8400,0.3600,0.9477,0.622710
0.8400,0.3600,0.9766,0.604944
0.8400,0.3600,0.9941,0.589704
0.8400,0.3600,1.0000,0.573206
0.8400,0.4133,-1.0000,0.570800
0.8400,0.4133,-0.9941,0.584906
0.8400,0.4133,-0.9766,0.601869
0.8400,0.4133,-0.9477,0.618852
0.8400,0.4133,-0.9076,0.640771
0.8400,0.4133,-0.8569,0.660222
0.8400,0.4133,-0.7961,0.689336
0.8400,0.4133,-0.7260,0.711475
0.8400,0.4133,-0.6474,0.737528
0.8400,0.4133,-0.5612,0.767545
0.8400,0.4133,-0.4684,0.798583
0.8400,0.4133,-0.3701,0.825676
0.8400,0.4133,-0.2675,0.848746
0.8400,0.4133,-0.1618,0.851035
0.8400,0.4133,-0.0541,0.758389
0.8400,0.4133,0.0541,0.701876
0.8400,0.4133,0.1618,0.825182
0.8400,0.4133,0.2675,0.831793
0.8400,0.4133,0.3701,0.814287
0.8400,0.4133,0.4684,0.789403
0.8400,0.4133,0.5612,0.760903
0.8400,0.4133,0.6474,0.733933
0.8400,0.4133,0.7260,0.709799
0.8400,0.4133,0.7961,0.683940
0.8400,0.4133,0.8569,0.658997
0.8400,0.4133,0.9076,0.637165
0.8400,0.4133,0.9477,0.617612
0.8400,0.4133,0.9766,0.598964
0.8400,0.4133,0.9941,0.585994
0.8400,0.4133,1.0000,0.569863
0.8400,0.4667,-1.0000,0.565211
0.8400,0.4667,-0.9941,0.580093
0.8400,0.4667,-0.9766,0.595212
0.8400,0.4667,-0.9477,0.614560
0.8400,0.4667,-0.9076,0.633056
0.8400,0.4667,-0.8569,0.653921
0.8400,0.4667,-0.7961,0.677601
0.8400,0.4667,-0.7260,0.703266
0.8400,0.4667,-0.6474,0.729320
0.8400,0.4667,-0.5612,0.759425
0.8400,0.4667,-0.4684,0.787607
0.8400,0.4667,-0.3701,0.812697
0.8400,0.4667,-0.2675,0.831987
0.8400,0.4667,-0.1618,0.826650
0.8400,0.4667,-0.0541,0.711834
0.8400,0.4667,0.0541,0.660267
0.8400,0.4667,0.1618,0.799196
0.8400,0.4667,0.2675,0.812729
0.8400,0.4667,0.3701,0.800415
0.8400,0.4667,0.4684,0.777500
0.8400,0.4667,0.5612,0.751127
0.8400,0.4667,0.6474,0.726523
0.8400,0.4667,0.7260,0.700963
0.8400,0.4667,0.7961,0.677004
0.8400,0.4667,0.8569,0.652584
0.8400,0.4667,0.9076,0.632101
0.8400,0.4667,0.9477,0.612466
0.8400,0.4667,0.9766,0.596300
0.8400,0.4667,0.9941,0.581197
0.8400,0.4667,1.0000,0.565185
0.8400,0.5200,-1.0000,0.555963
0.8400,0.5200,-0.9941,0.570193
0.8400,0.5200,-0.9766,0.585440
0.8400,0.5200,-0.9477,0.602483
0.8400,0.5200,-0.9076,0.621079
0.8400,0.5200,-0.8569,0.641462
0.8400,0.5200,-0.7961,0.664925
0.8400,0.5200,-0.7260,0.689563
0.8400,0.5200,-0.6474,0.714702
0.8400,0.5200,-0.5612,0.742122
0.8400,0.5200,-0.4684,0.767360
0.8400,0.5200,-0.3701,0.789981
0.8400,0.5200,-0.2675,0.801248
0.8400,0.5200,-0.1618,0.787565
0.8400,0.5200,-0.0541,0.644009
0.8400,0.5200,0.0541,0.601134
0.8400,0.5200,0.1618,0.761634
0.8400,0.5200,0.2675,0.784365
0.8400,0.5200,0.3701,0.776950
0.8400,0.5200,0.4684,0.758858
0.8400,0.5200,0.5612,0.734450
0.8400,0.5200,0.6474,0.710286
0.8400,0.5200,0.7260,0.688955
0.8400,0.5200,0.7961,0.665190
0.8400,0.5200,0.8569,0.641826
0.8400,0.5200,0.9076,0.621715
0.8400,0.5200,0.9477,0.603046
0.8400,0.5200,0.9766,0.586641
0.8400,0.5200,0.9941,0.570896
0.8400,0.5200,1.0000,0.556617
0.8400,0.5733,-1.0000,0.540255
0.8400,0.5733,-0.9941,0.552339
0.8400,0.5733,-0.9766,0.566440
0.8400,0.5733,-0.9477,0.584809
0.8400,0.5733,-0.9076,0.600002
0.8400,0.5733,-0.8569,0.620551
0.8400,0.5733,-0.7961,0.641305
0.8400,0.5733,-0.7260,0.661754
0.8400,0.5733,-0.6474,0.683766
0.8400,0.5733,-0.5612,0.707815
0.8400,0.5733,-0.4684,0.728680
0.8400,0.5733,-0.3701,0.742432
0.8400,0.5733,-0.2675,0.740779
0.8400,0.5733,-0.1618,0.705765
0.8400,0.5733,-0.0541,0.528274
0.8400,0.5733,0.0541,0.489943
0.8400,0.5733,0.1618,0.675859
0.8400,0.5733,0.2675,0.712467
0.8400,0.5733,0.3701,0.719726
0.8400,0.5733,0.4684,0.705751
0.8400,0.5733,0.5612,0.685972
0.8400,0.5733,0.6474,0.647391
0.8400,0.5733,0.7260,0.628563
0.8400,0.5733,0.7961,0.605418
0.8400,0.5733,0.8569,0.583311
0.8400,0.5733,0.9076,0.570012
0.8400,0.5733,0.9477,0.552085
0.8400,0.5733,0.9766,0.522987
0.8400,0.5733,0.9941,0.513394
0.8400,0.5733,1.0000,0.496082
0.8400,0.6267,-1.0000,0.663123
0.8400,0.6267,-0.9941,0.655535
0.8400,0.6267,-0.9766,0.705209
0.8400,0.6267,-0.9477,0.741390
0.8400,0.6267,-0.9076,0.770214
0.8400,0.6267,-0.8569,0.785543
0.8400,0.6267,-0.7961,0.801334
0.8400,0.6267,-0.7260,0.809092
0.8400,0.6267,-0.6474,0.814153
0.8400,0.6267,-0.5612,0.807683
0.8400,0.6267,-0.4684,0.790440
0.8400,0.6267,-0.3701,0.760278
0.8400,0.6267,-0.2675,0.717109
0.8400,0.6267,-0.1618,0.637371
0.8400,0.6267,-0.0541,0.473114
0.8400,0.6267,0.0541,0.298753
0.8400,0.6267,0.1618,0.313480
0.8400,0.6267,0.2675,0.316096
0.8400,0.6267,0.3701,0.315814
0.8400,0.6267,0.4684,0.302086
0.8400,0.6267,0.5612,0.304787
0.8400,0.6267,0.6474,0.302216
0.8400,0.6267,0.7260,0.295064
0.8400,0.6267,0.7961,0.297994
0.8400,0.6267,0.8569,0.292469
0.8400,0.6267,0.9076,0.286500
0.8400,0.6267,0.9477,0.288281
0.8400,0.6267,0.9766,0.287115
0.8400,0.6267,0.9941,0.283326
0.8400,0.6267,1.0000,0.282122
0.8400,0.6800,-1.0000,0.903229
0.8400,0.6800,-0.9941,0.901641
0.8400,0.6800,-0.9766,0.899624
0.8400,0.6800,-0.9477,0.893112
0.8400,0.6800,-0.9076,0.888067
0.8400,0.6800,-0.8569,0.882329
0.8400,0.6800,-0.7961,0.872149
0.8400,0.6800,-0.7260,0.859819
0.8400,0.6800,-0.6474,0.843901
0.8400,0.6800,-0.5612,0.827170
0.8400,0.6800,-0.4684,0.802525
0.8400,0.6800,-0.3701,0.767435
0.8400,0.6800,-0.2675,0.715107
0.8400,0.6800,-0.1618,0.632599
0.8400,0.6800,-0.0541,0.467592
0.8400,0.6800,0.0541,0.283178
0.8400,0.6800,0.1618,0.281427
0.8400,0.6800,0.2675,0.279848
0.8400,0.6800,0.3701,0.277211
0.8400,0.6800,0.4684,0.275567
0.8400,0.6800,0.5612,0.274398
0.8400,0.6800,0.6474,0.271660
0.8400,0.6800,0.7260,0.271041
0.8400,0.6800,0.7961,0.271665
0.8400,0.6800,0.8569,0.269054
0.8400,0.6800,0.9076,0.265834
0.8400,0.6800,0.9477,0.265197
0.8400,0.6800,0.9766,0.264256
0.8400,0.6800,0.9941,0.264027
0.8400,0.6800,1.0000,0.262361
0.8400,0.7333,-1.0000,0.895729
0.8400,0.7333,-0.9941,0.891756
0.8400,0.7333,-0.9766,0.887861
0.8400,0.7333,-0.9477,0.881991
0.8400,0.7333,-0.9076,0.875991
0.8400,0.7333,-0.8569,0.866635
0.8400,0.7333,-0.7961,0.856081
0.8400,0.7333,-0.7260,0.843836
0.8400,0.7333,-0.6474,0.828242
0.8400,0.7333,-0.5612,0.807210
0.8400,0.7333,-0.4684,0.779705
0.8400,0.7333,-0.3701,0.742175
0.8400,0.7333,-0.2675,0.688739
0.8400,0.7333,-0.1618,0.600451
0.8400,0.7333,-0.0541,0.433078
0.8400,0.7333,0.0541,0.250965
0.8400,0.7333,0.1618,0.247951
0.8400,0.7333,0.2675,0.247215
0.8400,0.7333,0.3701,0.246078
0.8400,0.7333,0.4684,0.243413
0.8400,0.7333,0.5612,0.241746
0.8400,0.7333,0.6474,0.238522
0.8400,0.7333,0.7260,0.235214
0.8400,0.7333,0.7961,0.234041
0.8400,0.7333,0.8569,0.231207
0.8400,0.7333,0.9076,0.229054
0.8400,0.7333,0.9477,0.227945
0.8400,0.7333,0.9766,0.224799
0.8400,0.7333,0.9941,0.223068
0.8400,0.7333,1.0000,0.220462
0.8400,0.7867,-1.0000,0.731348
0.8400,0.7867,-0.9941,0.736797
0.8400,0.7867,-0.9766,0.738501
0.8400,0.7867,-0.9477,0.733877
0.8400,0.7867,-0.9076,0.730146
0.8400,0.7867,-0.8569,0.721511
0.8400,0.7867,-0.7961,0.709802
0.8400,0.7867,-0.7260,0.693234
0.8400,0.7867,-0.6474,0.668381
0.8400,0.7867,-0.5612,0.643069
0.8400,0.7867,-0.4684,0.610254
0.8400,0.7867,-0.3701,0.560012
0.8400,0.7867,-0.2675,0.491621
0.8400,0.7867,-0.1618,0.395547
0.8400,0.7867,-0.0541,0.237595
0.8400,0.7867,0.0541,0.104810
0.8400,0.7867,0.1618,0.103671
0.8400,0.7867,0.2675,0.097954
0.8400,0.7867,0.3701,0.093641
0.8400,0.7867,0.4684,0.087470
0.8400,0.7867,0.5612,0.081115
0.8400,0.7867,0.6474,0.073476
0.8400,0.7867,0.7260,0.065309
0.8400,0.7867,0.7961,0.055219
0.8400,0.7867,0.8569,0.046574
0.8400,0.7867,0.9076,0.037525
0.8400,0.7867,0.9477,0.025908
0.8400,0.7867,0.9766,0.019284
0.8400,0.7867,0.9941,0.010614
0.8400,0.7867,1.0000,0.005818
0.8400,0.8400,-1.0000,0.949649
0.8400,0.8400,-0.9941,0.946653
0.8400,0.8400,-0.9766,0.944957
0.8400,0.8400,-0.9477,0.943230
0.8400,0.8400,-0.9076,0.941079
0.8400,0.8400,-0.8569,0.939744
0.8400,0.8400,-0.7961,0.939721
0.8400,0.8400,-0.7260,0.939145
0.8400,0.8400,-0.6474,0.938779
0.8400,0.8400,-0.5612,0.939050
0.8400,0.8400,-0.4684,0.939388
0.8400,0.8400,-0.3701,0.940105
0.8400,0.8400,-0.2675,0.941095
0.8400,0.8400,-0.1618,0.941974
0.8400,0.8400,-0.0541,0.942721
0.8400,0.8400,0.0541,0.944104
0.8400,0.8400,0.1618,0.945330
0.8400,0.8400,0.2675,0.946835
0.8400,0.8400,0.3701,0.948641
0.8400,0.8400,0.4684,0.950158
0.8400,0.8400,0.5612,0.952024
0.8400,0.8400,0.6474,0.954389
0.8400,0.8400,0.7260,0.956343
0.8400,0.8400,0.7961,0.958294
0.8400,0.8400,0.8569,0.960500
0.8400,0.8400,0.9076,0.963187
0.8400,0.8400,0.9477,0.965864
0.8400,0.8400,0.9766,0.968110
0.8400,0.8400,0.9941,0.971031
0.8400,0.8400,1.0000,0.974171
0.8933,0.2000,-1.0000,0.578216
0.8933,0.2000,-0.9941,0.595662
0.8933,0.2000,-0.9766,0.612268
0.8933,0.2000,-0.9477,0.630508
0.8933,0.2000,-0.9076,0.652572
0.8933,0.2000,-0.8569,0.675351
0.8933,0.2000,-0.7961,0.699331
0.8933,0.2000,-0.7260,0.728548
0.8933,0.2000,-0.6474,0.755536
0.8933,0.2000,-0.5612,0.789289
0.8933,0.2000,-0.4684,0.820953
0.8933,0.2000,-0.3701,0.851731
0.8933,0.2000,-0.2675,0.883509
0.8933,0.2000,-0.1618,0.903587
0.8933,0.2000,-0.0541,0.865645
0.8933,0.2000,0.0541,0.804907
0.8933,0.2000,0.1618,0.877735
0.8933,0.2000,0.2675,0.867587
0.8933,0.2000,0.3701,0.842003
0.8933,0.2000,0.4684,0.811498
0.8933,0.2000,0.5612,0.779210
0.8933,0.2000,0.6474,0.751204
0.8933,0.2000,0.7260,0.723980
0.8933,0.2000,0.7961,0.698720
0.8933,0.2000,0.8569,0.670109
0.8933,0.2000,0.9076,0.648648
0.8933,0.2000,0.9477,0.628112
0.8933,0.2000,0.9766,0.609861
0.8933,0.2000,0.9941,0.595058
0.8933,0.2000,1.0000,0.576604
0.8933,0.2533,-1.0000,0.580109
0.8933,0.2533,-0.9941,0.595306
0.8933,0.2533,-0.9766,0.612079
0.8933,0.2533,-0.9477,0.628745
0.8933,0.2533,-0.9076,0.650264
0.8933,0.2533,-0.8569,0.672329
0.8933,0.2533,-0.7961,0.696864
0.8933,0.2533,-0.7260,0.725816
0.8933,0.2533,-0.6474,0.753111
0.8933,0.2533,-0.5612,0.786385
0.8933,0.2533,-0.4684,0.818732
0.8933,0.2533,-0.3701,0.850027
0.8933,0.2533,-0.2675,0.879819
0.8933,0.2533,-0.1618,0.897440
0.8933,0.2533,-0.0541,0.850814
0.8933,0.2533,0.0541,0.790836
0.8933,0.2533,0.1618,0.871186
0.8933,0.2533,0.2675,0.862892
0.8933,0.2533,0.3701,0.838948
0.8933,0.2533,0.4684,0.809772
0.8933,0.2533,0.5612,0.778621
0.8933,0.2533,0.6474,0.747348
0.8933,0.2533,0.7260,0.720970
0.8933,0.2533,0.7961,0.693909
0.8933,0.2533,0.8569,0.670921
0.8933,0.2533,0.9076,0.649322
0.8933,0.2533,0.9477,0.627281
0.8933,0.2533,0.9766,0.609371
0.8933,0.2533,0.9941,0.593197
0.8933,0.2533,1.0000,0.577353
0.8933,0.3067,-1.0000,0.577789
0.8933,0.3067,-0.9941,0.593914
0.8933,0.3067,-0.9766,0.608062
0.8933,0.3067,-0.9477,0.627531
0.8933,0.3067,-0.9076,0.647115
0.8933,0.3067,-0.8569,0.670356
0.8933,0.3067,-0.7961,0.695287
0.8933,0.3067,-0.7260,0.722817
0.8933,0.3067,-0.6474,0.751152
0.8933,0.3067,-0.5612,0.780855
0.8933,0.3067,-0.4684,0.814424
0.8933,0.3067,-0.3701,0.845473
0.8933,0.3067,-0.2675,0.874901
0.8933,0.3067,-0.1618,0.888371
0.8933,0.3067,-0.0541,0.830419
0.8933,0.3067,0.0541,0.774162
0.8933,0.3067,0.1618,0.862357
0.8933,0.3067,0.2675,0.857787
0.8933,0.3067,0.3701,0.834039
0.8933,0.3067,0.4684,0.804800
0.8933,0.3067,0.5612,0.775784
0.8933,0.3067,0.6474,0.746375
0.8933,0.3067,0.7260,0.717348
0.8933,0.3067,0.7961,0.692332
0.8933,0.3067,0.8569,0.668658
0.8933,0.3067,0.9076,0.647380
0.8933,0.3067,0.9477,0.626334
0.8933,0.3067,0.9766,0.608110
0.8933,0.3067,0.9941,0.592013
0.8933,0.3067,1.0000,0.576928
0.8933,0.3600,-1.0000,0.574088
0.8933,0.3600,-0.9941,0.589342
0.8933,0.3600,-0.9766,0.607942
0.8933,0.3600,-0.9477,0.625868
0.8933,0.3600,-0.9076,0.645383
0.8933,0.3600,-0.8569,0.669534
0.8933,0.3600,-0.7961,0.693789
0.8933,0.3600,-0.7260,0.720573
0.8933,0.3600,-0.6474,0.747364
0.8933,0.3600,-0.5612,0.777622
0.8933,0.3600,-0.4684,0.808490
0.8933,0.3600,-0.3701,0.840110
0.8933,0.3600,-0.2675,0.867338
0.8933,0.3600,-0.1618,0.878350
0.8933,0.3600,-0.0541,0.812325
0.8933,0.3600,0.0541,0.753550
0.8933,0.3600,0.1618,0.851729
0.8933,0.3600,0.2675,0.851877
0.8933,0.3600,0.3701,0.828533
0.8933,0.3600,0.4684,0.800585
0.8933,0.3600,0.5612,0.772794
0.8933,0.3600,0.6474,0.742975
0.8933,0.3600,0.7260,0.715203
0.8933,0.3600,0.7961,0.692070
0.8933,0.3600,0.8569,0.666277
0.8933,0.3600,0.9076,0.644250
0.8933,0.3600,0.9477,0.625821
0.8933,0.3600,0.9766,0.606644
0.8933,0.3600,0.9941,0.588716
0.8933,0.3600,1.0000,0.574178
0.8933,0.4133,-1.0000,0.572281
0.8933,0.4133,-0.9941,0.586736
0.8933,0.4133,-0.9766,0.601640
0.8933,0.4133,-0.9477,0.622973
0.8933,0.4133,-0.9076,0.642107
0.8933,0.4133,-0.8569,0.665518
0.8933,0.4133,-0.7961,0.690510
0.8933,0.4133,-0.7260,0.715438
0.8933,0.4133,-0.6474,0.745403
0.8933,0.4133,-0.5612,0.773163
0.8933,0.4133,-0.4684,0.804261
0.8933,0.4133,-0.3701,0.833384
0.8933,0.4133,-0.2675,0.857495
0.8933,0.4133,-0.1618,0.865465
0.8933,0.4133,-0.0541,0.782754
0.8933,0.4133,0.0541,0.727216
0.8933,0.4133,0.1618,0.838158
0.8933,0.4133,0.2675,0.841050
0.8933,0.4133,0.3701,0.822836
0.8933,0.4133,0.4684,0.796263
0.8933,0.4133,0.5612,0.765825
0.8933,0.4133,0.6474,0.738887
0.8933,0.4133,0.7260,0.713188
0.8933,0.4133,0.7961,0.687642
0.8933,0.4133,0.8569,0.662606
0.8933,0.4133,0.9076,0.640773
0.8933,0.4133,0.9477,0.621449
0.8933,0.4133,0.9766,0.602494
0.8933,0.4133,0.9941,0.587095
0.8933,0.4133,1.0000,0.574224
0.8933,0.4667,-1.0000,0.568115
0.8933,0.4667,-0.9941,0.582723
0.8933,0.4667,-0.9766,0.599562
0.8933,0.4667,-0.9477,0.616655
0.8933,0.4667,-0.9076,0.635839
0.8933,0.4667,-0.8569,0.658500
0.8933,0.4667,-0.7961,0.683848
0.8933,0.4667,-0.7260,0.709240
0.8933,0.4667,-0.6474,0.735951
0.8933,0.4667,-0.5612,0.765271
0.8933,0.4667,-0.4684,0.796187
0.8933,0.4667,-0.3701,0.822702
0.8933,0.4667,-0.2675,0.844084
0.8933,0.4667,-0.1618,0.845875
0.8933,0.4667,-0.0541,0.746773
0.8933,0.4667,0.0541,0.693876
0.8933,0.4667,0.1618,0.820250
0.8933,0.4667,0.2675,0.827515
0.8933,0.4667,0.3701,0.811591
0.8933,0.4667,0.4684,0.788068
0.8933,0.4667,0.5612,0.761205
0.8933,0.4667,0.6474,0.731854
0.8933,0.4667,0.7260,0.707695
0.8933,0.4667,0.7961,0.681758
0.8933,0.4667,0.8569,0.656060
0.8933,0.4667,0.9076,0.636418
0.8933,0.4667,0.9477,0.617555
0.8933,0.4667,0.9766,0.597768
0.8933,0.4667,0.9941,0.583447
0.8933,0.4667,1.0000,0.569765
0.8933,0.5200,-1.0000,0.561079
0.8933,0.5200,-0.9941,0.576846
0.8933,0.5200,-0.9766,0.592771
0.8933,0.5200,-0.9477,0.610994
0.8933,0.5200,-0.9076,0.630434
0.8933,0.5200,-0.8569,0.652108
0.8933,0.5200,-0.7961,0.675325
0.8933,0.5200,-0.7260,0.700237
0.8933,0.5200,-0.6474,0.726031
0.8933,0.5200,-0.5612,0.754667
0.8933,0.5200,-0.4684,0.782404
0.8933,0.5200,-0.3701,0.806333
0.8933,0.5200,-0.2675,0.824959
0.8933,0.5200,-0.1618,0.818026
0.8933,0.5200,-0.0541,0.693935
0.8933,0.5200,0.0541,0.648035
0.8933,0.5200,0.1618,0.791915
0.8933,0.5200,0.2675,0.807085
0.8933,0.5200,0.3701,0.795588
0.8933,0.5200,0.4684,0.773747
0.8933,0.5200,0.5612,0.749124
0.8933,0.5200,0.6474,0.724690
0.8933,0.5200,0.7260,0.698562
0.8933,0.5200,0.7961,0.674491
0.8933,0.5200,0.8569,0.652248
0.8933,0.5200,0.9076,0.629089
0.8933,0.5200,0.9477,0.608653
0.8933,0.5200,0.9766,0.594620
0.8933,0.5200,0.9941,0.577247
0.8933,0.5200,1.0000,0.564155
0.8933,0.5733,-1.0000,0.554187
0.8933,0.5733,-0.9941,0.568133
0.8933,0.5733,-0.9766,0.582530
0.8933,0.5733,-0.9477,0.599122
0.8933,0.5733,-0.9076,0.619431
0.8933,0.5733,-0.8569,0.637584
0.8933,0.5733,-0.7961,0.659421
0.8933,0.5733,-0.7260,0.685434
0.8933,0.5733,-0.6474,0.710017
0.8933,0.5733,-0.5612,0.734951
0.8933,0.5733,-0.4684,0.758834
0.8933,0.5733,-0.3701,0.780385
0.8933,0.5733,-0.2675,0.788046
0.8933,0.5733,-0.1618,0.768693
0.8933,0.5733,-0.0541,0.618445
0.8933,0.5733,0.0541,0.580366
0.8933,0.5733,0.1618,0.745595
0.8933,0.5733,0.2675,0.773250
0.8933,0.5733,0.3701,0.769167
0.8933,0.5733,0.4684,0.749996
0.8933,0.5733,0.5612,0.728852
0.8933,0.5733,0.6474,0.704085
0.8933,0.5733,0.7260,0.681549
0.8933,0.5733,0.7961,0.658674
0.8933,0.5733,0.8569,0.638198
0.8933,0.5733,0.9076,0.617084
0.8933,0.5733,0.9477,0.597547
0.8933,0.5733,0.9766,0.581599
0.8933,0.5733,0.9941,0.568762
0.8933,0.5733,1.0000,0.554376
0.8933,0.6267,-1.0000,0.531290
0.8933,0.6267,-0.9941,0.543657
0.8933,0.6267,-0.9766,0.559539
0.8933,0.6267,-0.9477,0.579240
0.8933,0.6267,-0.9076,0.588713
0.8933,0.6267,-0.8569,0.608211
0.8933,0.6267,-0.7961,0.626757
0.8933,0.6267,-0.7260,0.654320
0.8933,0.6267,-0.6474,0.668885
0.8933,0.6267,-0.5612,0.702419
0.8933,0.6267,-0.4684,0.718992
0.8933,0.6267,-0.3701,0.718432
0.8933,0.6267,-0.2675,0.708790
0.8933,0.6267,-0.1618,0.657621
0.8933,0.6267,-0.0541,0.479607
0.8933,0.6267,0.0541,0.389582
0.8933,0.6267,0.1618,0.526786
0.8933,0.6267,0.2675,0.565735
0.8933,0.6267,0.3701,0.566948
0.8933,0.6267,0.4684,0.546490
0.8933,0.6267,0.5612,0.524681
0.8933,0.6267,0.6474,0.509860
0.8933,0.6267,0.7260,0.485125
0.8933,0.6267,0.7961,0.465211
0.8933,0.6267,0.8569,0.448667
0.8933,0.6267,0.9076,0.419705
0.8933,0.6267,0.9477,0.399118
0.8933,0.6267,0.9766,0.397203
0.8933,0.6267,0.9941,0.382583
0.8933,0.6267,1.0000,0.374000
0.8933,0.6800,-1.0000,0.832610
0.8933,0.6800,-0.9941,0.844002
0.8933,0.6800,-0.9766,0.848691
0.8933,0.6800,-0.9477,0.857255
0.8933,0.6800,-0.9076,0.865857
0.8933,0.6800,-0.8569,0.867556
0.8933,0.6800,-0.7961,0.862720
0.8933,0.6800,-0.7260,0.855771
0.8933,0.6800,-0.6474,0.843302
0.8933,0.6800,-0.5612,0.826697
0.8933,0.6800,-0.4684,0.804708
0.8933,0.6800,-0.3701,0.770997
0.8933,0.6800,-0.2675,0.721393
0.8933,0.6800,-0.1618,0.640649
0.8933,0.6800,-0.0541,0.474702
0.8933,0.6800,0.0541,0.293959
0.8933,0.6800,0.1618,0.294961
0.8933,0.6800,0.2675,0.293661
0.8933,0.6800,0.3701,0.289330
0.8933,0.6800,0.4684,0.288655
0.8933,0.6800,0.5612,0.287632
0.8933,0.6800,0.6474,0.285212
0.8933,0.6800,0.7260,0.283006
0.8933,0.6800,0.7961,0.282687
0.8933,0.6800,0.8569,0.281307
0.8933,0.6800,0.9076,0.277103
0.8933,0.6800,0.9477,0.278087
0.8933,0.6800,0.9766,0.281192
0.8933,0.6800,0.9941,0.279836
0.8933,0.6800,1.0000,0.276040
0.8933,0.7333,-1.0000,0.908153
0.8933,0.7333,-0.9941,0.904423
0.8933,0.7333,-0.9766,0.900075
0.8933,0.7333,-0.9477,0.895604
0.8933,0.7333,-0.9076,0.888747
0.8933,0.7333,-0.8569,0.880852
0.8933,0.7333,-0.7961,0.871345
0.8933,0.7333,-0.7260,0.859498
0.8933,0.7333,-0.6474,0.843875
0.8933,0.7333,-0.5612,0.825442
0.8933,0.7333,-0.4684,0.800165
0.8933,0.7333,-0.3701,0.766235
0.8933,0.7333,-0.2675,0.713089
0.8933,0.7333,-0.1618,0.629990
0.8933,0.7333,-0.0541,0.462174
0.8933,0.7333,0.0541,0.279408
0.8933,0.7333,0.1618,0.277615
0.8933,0.7333,0.2675,0.275700
0.8933,0.7333,0.3701,0.273623
0.8933,0.7333,0.4684,0.271558
0.8933,0.7333,0.5612,0.271218
0.8933,0.7333,0.6474,0.269404
0.8933,0.7333,0.7260,0.266493
0.8933,0.7333,0.7961,0.265893
0.8933,0.7333,0.8569,0.264003
0.8933,0.7333,0.9076,0.263122
0.8933,0.7333,0.9477,0.260787
0.8933,0.7333,0.9766,0.261620
0.8933,0.7333,0.9941,0.259987
0.8933,0.7333,1.0000,0.257850
0.8933,0.7867,-1.0000,0.890098
0.8933,0.7867,-0.9941,0.886448
0.8933,0.7867,-0.9766,0.881558
0.8933,0.7867,-0.9477,0.875913
0.8933,0.7867,-0.9076,0.868684
0.8933,0.7867,-0.8569,0.860585
0.8933,0.7867,-0.7961,0.849510
0.8933,0.7867,-0.7260,0.836781
0.8933,0.7867,-0.6474,0.820505
0.8933,0.7867,-0.5612,0.799203
0.8933,0.7867,-0.4684,0.771335
0.8933,0.7867,-0.3701,0.732370
0.8933,0.7867,-0.2675,0.677238
0.8933,0.7867,-0.1618,0.588202
0.8933,0.7867,-0.0541,0.421204
0.8933,0.7867,0.0541,0.241110
0.8933,0.7867,0.1618,0.239420
0.8933,0.7867,0.2675,0.236246
0.8933,0.7867,0.3701,0.234852
0.8933,0.7867,0.4684,0.232216
0.8933,0.7867,0.5612,0.231127
0.8933,0.7867,0.6474,0.227272
0.8933,0.7867,0.7260,0.223960
0.8933,0.7867,0.7961,0.220875
0.8933,0.7867,0.8569,0.219470
0.8933,0.7867,0.9076,0.217421
0.8933,0.7867,0.9477,0.214414
0.8933,0.7867,0.9766,0.210327
0.8933,0.7867,0.9941,0.208731
0.8933,0.7867,1.0000,0.205055
0.8933,0.8400,-1.0000,0.695539
0.8933,0.8400,-0.9941,0.698532
0.8933,0.8400,-0.9766,0.701811
0.8933,0.8400,-0.9477,0.700888
0.8933,0.8400,-0.9076,0.693612
0.8933,0.8400,-0.8569,0.686266
0.8933,0.8400,-0.7961,0.669055
0.8933,0.8400,-0.7260,0.654917
0.8933,0.8400,-0.6474,0.630013
0.8933,0.8400,-0.5612,0.600005
0.8933,0.8400,-0.4684,0.565611
0.8933,0.8400,-0.3701,0.516369
0.8933,0.8400,-0.2675,0.446390
0.8933,0.8400,-0.1618,0.348809
0.8933,0.8400,-0.0541,0.200298
0.8933,0.8400,0.0541,0.075297
0.8933,0.8400,0.1618,0.073682
0.8933,0.8400,0.2675,0.067692
0.8933,0.8400,0.3701,0.061909
0.8933,0.8400,0.4684,0.055567
0.8933,0.8400,0.5612,0.046879
0.8933,0.8400,0.6474,0.040518
0.8933,0.8400,0.7260,0.031921
0.8933,0.8400,0.7961,0.026997
0.8933,0.8400,0.8569,0.019316
0.8933,0.8400,0.9076,0.012719
0.8933,0.8400,0.9477,0.007579
0.8933,0.8400,0.9766,0.003274
0.8933,0.8400,0.9941,0.001705
0.8933,0.8400,1.0000,0.001999
0.8933,0.8933,-1.0000,0.945368
0.8933,0.8933,-0.9941,0.942135
0.8933,0.8933,-0.9766,0.939526
0.8933,0.8933,-0.9477,0.937943
0.8933,0.8933,-0.9076,0.935826
0.8933,0.8933,-0.8569,0.934950
0.8933,0.8933,-0.7961,0.934109
0.8933,0.8933,-0.7260,0.933902
0.8933,0.8933,-0.6474,0.933397
0.8933,0.8933,-0.5612,0.933408
0.8933,0.8933,-0.4684,0.934113
0.8933,0.8933,-0.3701,0.934267
0.8933,0.8933,-0.2675,0.935210
0.8933,0.8933,-0.1618,0.936402
0.8933,0.8933,-0.0541,0.937502
0.8933,0.8933,0.0541,0.938512
0.8933,0.8933,0.1618,0.940112
0.8933,0.8933,0.2675,0.942351
0.8933,0.8933,0.3701,0.943519
0.8933,0.8933,0.4684,0.945621
0.8933,0.8933,0.5612,0.947525
0.8933,0.8933,0.6474,0.949966
0.8933,0.8933,0.7260,0.952034
0.8933,0.8933,0.7961,0.954097
0.8933,0.8933,0.8569,0.956745
0.8933,0.8933,0.9076,0.959183
0.8933,0.8933,0.9477,0.962381
0.8933,0.8933,0.9766,0.964794
0.8933,0.8933,0.9941,0.967532
0.8933,0.8933,1.0000,0.970598
0.9467,0.2000,-1.0000,0.580702
0.9467,0.2000,-0.9941,0.595506
0.9467,0.2000,-0.9766,0.611685
0.9467,0.2000,-0.9477,0.630350
0.9467,0.2000,-0.9076,0.651506
0.9467,0.2000,-0.8569,0.675574
0.9467,0.2000,-0.7961,0.701787
0.9467,0.2000,-0.7260,0.726797
0.9467,0.2000,-0.6474,0.756272
0.9467,0.2000,-0.5612,0.788507
0.9467,0.2000,-0.4684,0.823108
0.9467,0.2000,-0.3701,0.854102
0.9467,0.2000,-0.2675,0.884922
0.9467,0.2000,-0.1618,0.908023
0.9467,0.2000,-0.0541,0.872729
0.9467,0.2000,0.0541,0.814046
0.9467,0.2000,0.1618,0.882960
0.9467,0.2000,0.2675,0.870226
0.9467,0.2000,0.3701,0.844193
0.9467,0.2000,0.4684,0.813698
0.9467,0.2000,0.5612,0.782415
0.9467,0.2000,0.6474,0.754207
0.9467,0.2000,0.7260,0.723718
0.9467,0.2000,0.7961,0.697790
0.9467,0.2000,0.8569,0.672225
0.9467,0.2000,0.9076,0.649412
0.9467,0.2000,0.9477,0.628868
0.9467,0.2000,0.9766,0.611084
0.9467,0.2000,0.9941,0.593912
0.9467,0.2000,1.0000,0.579079
0.9467,0.2533,-1.0000,0.579858
0.9467,0.2533,-0.9941,0.595675
0.9467,0.2533,-0.9766,0.610058
0.9467,0.2533,-0.9477,0.630133
0.9467,0.2533,-0.9076,0.651172
0.9467,0.2533,-0.8569,0.674666
0.9467,0.2533,-0.7961,0.698989
0.9467,0.2533,-0.7260,0.727103
0.9467,0.2533,-0.6474,0.754076
0.9467,0.2533,-0.5612,0.788120
0.9467,0.2533,-0.4684,0.820107
0.9467,0.2533,-0.3701,0.851542
0.9467,0.2533,-0.2675,0.882351
0.9467,0.2533,-0.1618,0.901830
0.9467,0.2533,-0.0541,0.861385
0.9467,0.2533,0.0541,0.800507
0.9467,0.2533,0.1618,0.875373
0.9467,0.2533,0.2675,0.867498
0.9467,0.2533,0.3701,0.841389
0.9467,0.2533,0.4684,0.810721
0.9467,0.2533,0.5612,0.780086
0.9467,0.2533,0.6474,0.751592
0.9467,0.2533,0.7260,0.723275
0.9467,0.2533,0.7961,0.694518
0.9467,0.2533,0.8569,0.670851
0.9467,0.2533,0.9076,0.647427
0.9467,0.2533,0.9477,0.627751
0.9467,0.2533,0.9766,0.609933
0.9467,0.2533,0.9941,0.595773
0.9467,0.2533,1.0000,0.579921
0.9467,0.3067,-1.0000,0.578116
0.9467,0.3067,-0.9941,0.594131
0.9467,0.3067,-0.9766,0.609435
0.9467,0.3067,-0.9477,0.629341
0.9467,0.3067,-0.9076,0.650333
0.9467,0.3067,-0.8569,0.672966
0.9467,0.3067,-0.7961,0.697631
0.9467,0.3067,-0.7260,0.724411
0.9467,0.3067,-0.6474,0.750887
0.9467,0.3067,-0.5612,0.785110
0.9467,0.3067,-0.4684,0.818609
0.9467,0.3067,-0.3701,0.849784
0.9467,0.3067,-0.2675,0.877972
0.9467,0.3067,-0.1618,0.894645
0.9467,0.3067,-0.0541,0.844827
0.9467,0.3067,0.0541,0.786696
0.9467,0.3067,0.1618,0.869326
0.9467,0.3067,0.2675,0.861369
0.9467,0.3067,0.3701,0.837751
0.9467,0.3067,0.4684,0.809693
0.9467,0.3067,0.5612,0.777147
0.9467,0.3067,0.6474,0.746990
0.9467,0.3067,0.7260,0.720417
0.9467,0.3067,0.7961,0.694317
0.9467,0.3067,0.8569,0.669773
0.9467,0.3067,0.9076,0.648294
0.9467,0.3067,0.9477,0.627494
0.9467,0.3067,0.9766,0.609414
0.9467,0.3067,0.9941,0.592650
0.9467,0.3067,1.0000,0.577629
0.9467,0.3600,-1.0000,0.575072
0.9467,0.3600,-0.9941,0.592480
0.9467,0.3600,-0.9766,0.607234
0.9467,0.3600,-0.9477,0.627389
0.9467,0.3600,-0.9076,0.647832
0.9467,0.3600,-0.8569,0.669866
0.9467,0.3600,-0.7961,0.697230
0.9467,0.3600,-0.7260,0.722022
0.9467,0.3600,-0.6474,0.749356
0.9467,0.3600,-0.5612,0.780761
0.9467,0.3600,-0.4684,0.813275
0.9467,0.3600,-0.3701,0.844899
0.9467,0.3600,-0.2675,0.871634
0.9467,0.3600,-0.1618,0.885169
0.9467,0.3600,-0.0541,0.825089
0.9467,0.3600,0.0541,0.769637
0.9467,0.3600,0.1618,0.861407
0.9467,0.3600,0.2675,0.856268
0.9467,0.3600,0.3701,0.833196
0.9467,0.3600,0.4684,0.804499
0.9467,0.3600,0.5612,0.775347
0.9467,0.3600,0.6474,0.744332
0.9467,0.3600,0.7260,0.718322
0.9467,0.3600,0.7961,0.692552
0.9467,0.3600,0.8569,0.669170
0.9467,0.3600,0.9076,0.645373
0.9467,0.3600,0.9477,0.626757
0.9467,0.3600,0.9766,0.608214
0.9467,0.3600,0.9941,0.592456
0.9467,0.3600,1.0000,0.577234
0.9467,0.4133,-1.0000,0.573250
0.9467,0.4133,-0.9941,0.590751
0.9467,0.4133,-0.9766,0.604813
0.9467,0.4133,-0.9477,0.625673
0.9467,0.4133,-0.9076,0.643976
0.9467,0.4133,-0.8569,0.667180
0.9467,0.4133,-0.7961,0.692652
0.9467,0.4133,-0.7260,0.718006
0.9467,0.4133,-0.6474,0.747415
0.9467,0.4133,-0.5612,0.776968
0.9467,0.4133,-0.4684,0.808520
0.9467,0.4133,-0.3701,0.837522
0.9467,0.4133,-0.2675,0.864688
0.9467,0.4133,-0.1618,0.874826
0.9467,0.4133,-0.0541,0.801281
0.9467,0.4133,0.0541,0.747060
0.9467,0.4133,0.1618,0.848979
0.9467,0.4133,0.2675,0.847830
0.9467,0.4133,0.3701,0.827694
0.9467,0.4133,0.4684,0.801342
0.9467,0.4133,0.5612,0.770477
0.9467,0.4133,0.6474,0.741082
0.9467,0.4133,0.7260,0.716507
0.9467,0.4133,0.7961,0.689134
0.9467,0.4133,0.8569,0.665502
0.9467,0.4133,0.9076,0.643030
0.9467,0.4133,0.9477,0.623490
0.9467,0.4133,0.9766,0.605466
0.9467,0.4133,0.9941,0.589789
0.9467,0.4133,1.0000,0.574046
0.9467,0.4667,-1.0000,0.572506
0.9467,0.4667,-0.9941,0.587511
0.9467,0.4667,-0.9766,0.602573
0.9467,0.4667,-0.9477,0.620305
0.9467,0.4667,-0.9076,0.640854
0.9467,0.4667,-0.8569,0.664082
0.9467,0.4667,-0.7961,0.688095
0.9467,0.4667,-0.7260,0.715071
0.9467,0.4667,-0.6474,0.740741
0.9467,0.4667,-0.5612,0.770666
0.9467,0.4667,-0.4684,0.800792
0.9467,0.4667,-0.3701,0.830403
0.9467,0.4667,-0.2675,0.853027
0.9467,0.4667,-0.1618,0.860726
0.9467,0.4667,-0.0541,0.772971
0.9467,0.4667,0.0541,0.718969
0.9467,0.4667,0.1618,0.834475
0.9467,0.4667,0.2675,0.838001
0.9467,0.4667,0.3701,0.820055
0.9467,0.4667,0.4684,0.793627
0.9467,0.4667,0.5612,0.764802
0.9467,0.4667,0.6474,0.738202
0.9467,0.4667,0.7260,0.712291
0.9467,0.4667,0.7961,0.686561
0.9467,0.4667,0.8569,0.660702
0.9467,0.4667,0.9076,0.640734
0.9467,0.4667,0.9477,0.619148
0.9467,0.4667,0.9766,0.601337
0.9467,0.4667,0.9941,0.587909
0.9467,0.4667,1.0000,0.572016
0.9467,0.5200,-1.0000,0.567086
0.9467,0.5200,-0.9941,0.582880
0.9467,0.5200,-0.9766,0.598068
0.9467,0.5200,-0.9477,0.616148
0.9467,0.5200,-0.9076,0.633857
0.9467,0.5200,-0.8569,0.657773
0.9467,0.5200,-0.7961,0.682942
0.9467,0.5200,-0.7260,0.706936
0.9467,0.5200,-0.6474,0.733010
0.9467,0.5200,-0.5612,0.762811
0.9467,0.5200,-0.4684,0.792333
0.9467,0.5200,-0.3701,0.818499
0.9467,0.5200,-0.2675,0.837428
0.9467,0.5200,-0.1618,0.838802
0.9467,0.5200,-0.0541,0.731379
0.9467,0.5200,0.0541,0.683950
0.9467,0.5200,0.1618,0.812853
0.9467,0.5200,0.2675,0.824776
0.9467,0.5200,0.3701,0.807991
0.9467,0.5200,0.4684,0.785007
0.9467,0.5200,0.5612,0.757009
0.9467,0.5200,0.6474,0.729670
0.9467,0.5200,0.7260,0.704967
0.9467,0.5200,0.7961,0.679429
0.9467,0.5200,0.8569,0.656284
0.9467,0.5200,0.9076,0.635889
0.9467,0.5200,0.9477,0.615838
0.9467,0.5200,0.9766,0.595862
0.9467,0.5200,0.9941,0.583100
0.9467,0.5200,1.0000,0.568333
0.9467,0.5733,-1.0000,0.560326
0.9467,0.5733,-0.9941,0.573330
0.9467,0.5733,-0.9766,0.589535
0.9467,0.5733,-0.9477,0.607602
0.9467,0.5733,-0.9076,0.627536
0.9467,0.5733,-0.8569,0.649102
0.9467,0.5733,-0.7961,0.671141
0.9467,0.5733,-0.7260,0.697049
0.9467,0.5733,-0.6474,0.721439
0.9467,0.5733,-0.5612,0.748388
0.9467,0.5733,-0.4684,0.775392
0.9467,0.5733,-0.3701,0.799952
0.9467,0.5733,-0.2675,0.814267
0.9467,0.5733,-0.1618,0.805188
0.9467,0.5733,-0.0541,0.674090
0.9467,0.5733,0.0541,0.632452
0.9467,0.5733,0.1618,0.781257
0.9467,0.5733,0.2675,0.798873
0.9467,0.5733,0.3701,0.790598
0.9467,0.5733,0.4684,0.768399
0.9467,0.5733,0.5612,0.744059
0.9467,0.5733,0.6474,0.720010
0.9467,0.5733,0.7260,0.695316
0.9467,0.5733,0.7961,0.669758
0.9467,0.5733,0.8569,0.649041
0.9467,0.5733,0.9076,0.627524
0.9467,0.5733,0.9477,0.606398
0.9467,0.5733,0.9766,0.590737
0.9467,0.5733,0.9941,0.575332
0.9467,0.5733,1.0000,0.559744
0.9467,0.6267,-1.0000,0.546121
0.9467,0.6267,-0.9941,0.563900
0.9467,0.6267,-0.9766,0.576767
0.9467,0.6267,-0.9477,0.592145
0.9467,0.6267,-0.9076,0.610959
0.9467,0.6267,-0.8569,0.632449
0.9467,0.6267,-0.7961,0.652903
0.9467,0.6267,-0.7260,0.678530
0.9467,0.6267,-0.6474,0.700925
0.9467,0.6267,-0.5612,0.723335
0.9467,0.6267,-0.4684,0.744628
0.9467,0.6267,-0.3701,0.764631
0.9467,0.6267,-0.2675,0.769526
0.9467,0.6267,-0.1618,0.746016
0.9467,0.6267,-0.0541,0.580122
0.9467,0.6267,0.0541,0.544006
0.9467,0.6267,0.1618,0.719847
0.9467,0.6267,0.2675,0.751326
0.9467,0.6267,0.3701,0.747293
0.9467,0.6267,0.4684,0.731724
0.9467,0.6267,0.5612,0.714418
0.9467,0.6267,0.6474,0.691519
0.9467,0.6267,0.7260,0.667929
0.9467,0.6267,0.7961,0.648109
0.9467,0.6267,0.8569,0.623168
0.9467,0.6267,0.9076,0.601466
0.9467,0.6267,0.9477,0.581763
0.9467,0.6267,0.9766,0.566709
0.9467,0.6267,0.9941,0.556144
0.9467,0.6267,1.0000,0.536901
0.9467,0.6800,-1.0000,0.549867
0.9467,0.6800,-0.9941,0.550381
0.9467,0.6800,-0.9766,0.595821
0.9467,0.6800,-0.9477,0.637748
0.9467,0.6800,-0.9076,0.679640
0.9467,0.6800,-0.8569,0.727768
0.9467,0.6800,-0.7961,0.737414
0.9467,0.6800,-0.7260,0.763219
0.9467,0.6800,-0.6474,0.775929
0.9467,0.6800,-0.5612,0.781719
0.9467,0.6800,-0.4684,0.773697
0.9467,0.6800,-0.3701,0.754657
0.9467,0.6800,-0.2675,0.718038
0.9467,0.6800,-0.1618,0.645232
0.9467,0.6800,-0.0541,0.478804
0.9467,0.6800,0.0541,0.318879
0.9467,0.6800,0.1618,0.362620
0.9467,0.6800,0.2675,0.375562
0.9467,0.6800,0.3701,0.377561
0.9467,0.6800,0.4684,0.368558
0.9467,0.6800,0.5612,0.370151
0.9467,0.6800,0.6474,0.355824
0.9467,0.6800,0.7260,0.351402
0.9467,0.6800,0.7961,0.347440
0.9467,0.6800,0.8569,0.336482
0.9467,0.6800,0.9076,0.327383
0.9467,0.6800,0.9477,0.323067
0.9467,0.6800,0.9766,0.318846
0.9467,0.6800,0.9941,0.305608
0.9467,0.6800,1.0000,0.301482
0.9467,0.7333,-1.0000,0.891197
0.9467,0.7333,-0.9941,0.892006
0.9467,0.7333,-0.9766,0.890705
0.9467,0.7333,-0.9477,0.891005
0.9467,0.7333,-0.9076,0.887515
0.9467,0.7333,-0.8569,0.880650
0.9467,0.7333,-0.7961,0.872462
0.9467,0.7333,-0.7260,0.861501
0.9467,0.7333,-0.6474,0.847884
0.9467,0.7333,-0.5612,0.830959
0.9467,0.7333,-0.4684,0.806097
0.9467,0.7333,-0.3701,0.771574
0.9467,0.7333,-0.2675,0.719990
0.9467,0.7333,-0.1618,0.638228
0.9467,0.7333,-0.0541,0.473598
0.9467,0.7333,0.0541,0.290957
0.9467,0.7333,0.1618,0.290946
0.9467,0.7333,0.2675,0.287812
0.9467,0.7333,0.3701,0.288326
0.9467,0.7333,0.4684,0.283330
0.9467,0.7333,0.5612,0.284813
0.9467,0.7333,0.6474,0.282221
0.9467,0.7333,0.7260,0.282834
0.9467,0.7333,0.7961,0.279813
0.9467,0.7333,0.8569,0.275392
0.9467,0.7333,0.9076,0.277770
0.9467,0.7333,0.9477,0.276953
0.9467,0.7333,0.9766,0.277216
0.9467,0.7333,0.9941,0.273281
0.9467,0.7333,1.0000,0.274269
0.9467,0.7867,-1.0000,0.908184
0.9467,0.7867,-0.9941,0.904460
0.9467,0.7867,-0.9766,0.899718
0.9467,0.7867,-0.9477,0.894271
0.9467,0.7867,-0.9076,0.887669
0.9467,0.7867,-0.8569,0.879655
0.9467,0.7867,-0.7961,0.869477
0.9467,0.7867,-0.7260,0.857724
0.9467,0.7867,-0.6474,0.842646
0.9467,0.7867,-0.5612,0.823346
0.9467,0.7867,-0.4684,0.797117
0.9467,0.7867,-0.3701,0.762193
0.9467,0.7867,-0.2675,0.710853
0.9467,0.7867,-0.1618,0.626032
0.9467,0.7867,-0.0541,0.459202
0.9467,0.7867,0.0541,0.275898
0.9467,0.7867,0.1618,0.273869
0.9467,0.7867,0.2675,0.271192
0.9467,0.7867,0.3701,0.270450
0.9467,0.7867,0.4684,0.267668
0.9467,0.7867,0.5612,0.266769
0.9467,0.7867,0.6474,0.264927
0.9467,0.7867,0.7260,0.261917
0.9467,0.7867,0.7961,0.261151
0.9467,0.7867,0.8569,0.260679
0.9467,0.7867,0.9076,0.259427
0.9467,0.7867,0.9477,0.255986
0.9467,0.7867,0.9766,0.256705
0.9467,0.7867,0.9941,0.254950
0.9467,0.7867,1.0000,0.253039
0.9467,0.8400,-1.0000,0.881387
0.9467,0.8400,-0.9941,0.878907
0.9467,0.8400,-0.9766,0.873322
0.9467,0.8400,-0.9477,0.867718
0.9467,0.8400,-0.9076,0.860897
0.9467,0.8400,-0.8569,0.851859
0.9467,0.8400,-0.7961,0.841191
0.9467,0.8400,-0.7260,0.826897
0.9467,0.8400,-0.6474,0.810740
0.9467,0.8400,-0.5612,0.788323
0.9467,0.8400,-0.4684,0.760183
0.9467,0.8400,-0.3701,0.720646
0.9467,0.8400,-0.2675,0.663128
0.9467,0.8400,-0.1618,0.575390
0.9467,0.8400,-0.0541,0.405881
0.9467,0.8400,0.0541,0.229258
0.9467,0.8400,0.1618,0.227530
0.9467,0.8400,0.2675,0.223846
0.9467,0.8400,0.3701,0.223178
0.9467,0.8400,0.4684,0.220176
0.9467,0.8400,0.5612,0.216947
0.9467,0.8400,0.6474,0.213404
0.9467,0.8400,0.7260,0.210405
0.9467,0.8400,0.7961,0.205819
0.9467,0.8400,0.8569,0.204671
0.9467,0.8400,0.9076,0.201267
0.9467,0.8400,0.9477,0.198585
0.9467,0.8400,0.9766,0.194914
0.9467,0.8400,0.9941,0.187731
0.9467,0.8400,1.0000,0.184505
0.9467,0.8933,-1.0000,0.665624
0.9467,0.8933,-0.9941,0.665458
0.9467,0.8933,-0.9766,0.664985
0.9467,0.8933,-0.9477,0.663791
0.9467,0.8933,-0.9076,0.658000
0.9467,0.8933,-0.8569,0.649435
0.9467,0.8933,-0.7961,0.636444
0.9467,0.8933,-0.7260,0.620208
0.9467,0.8933,-0.6474,0.595843
0.9467,0.8933,-0.5612,0.564086
0.9467,0.8933,-0.4684,0.525916
0.9467,0.8933,-0.3701,0.474096
0.9467,0.8933,-0.2675,0.407557
0.9467,0.8933,-0.1618,0.311168
0.9467,0.8933,-0.0541,0.166920
0.9467,0.8933,0.0541,0.052267
0.9467,0.8933,0.1618,0.048032
0.9467,0.8933,0.2675,0.042963
0.9467,0.8933,0.3701,0.037200
0.9467,0.8933,0.4684,0.031490
0.9467,0.8933,0.5612,0.025134
0.9467,0.8933,0.6474,0.019387
0.9467,0.8933,0.7260,0.015113
0.9467,0.8933,0.7961,0.009855
0.9467,0.8933,0.8569,0.005465
0.9467,0.8933,0.9076,0.002916
0.9467,0.8933,0.9477,0.002209
0.9467,0.8933,0.9766,0.001302
0.9467,0.8933,0.9941,0.004456
0.9467,0.8933,1.0000,0.008663
0.9467,0.9467,-1.0000,0.930772
0.9467,0.9467,-0.9941,0.927438
0.9467,0.9467,-0.9766,0.924871
0.9467,0.9467,-0.9477,0.923337
0.9467,0.9467,-0.9076,0.920640
0.9467,0.9467,-0.8569,0.919709
0.9467,0.9467,-0.7961,0.918609
0.9467,0.9467,-0.7260,0.918347
0.9467,0.9467,-0.6474,0.917940
0.9467,0.9467,-0.5612,0.917509
0.9467,0.9467,-0.4684,0.918534
0.9467,0.9467,-0.3701,0.918863
0.9467,0.9467,-0.2675,0.919839
0.9467,0.9467,-0.1618,0.920874
0.9467,0.9467,-0.0541,0.922650
0.9467,0.9467,0.0541,0.923593
0.9467,0.9467,0.1618,0.924966
0.9467,0.9467,0.2675,0.927323
0.9467,0.9467,0.3701,0.928880
0.9467,0.9467,0.4684,0.931065
0.9467,0.9467,0.5612,0.932985
0.9467,0.9467,0.6474,0.935363
0.9467,0.9467,0.7260,0.937941
0.9467,0.9467,0.7961,0.940346
0.9467,0.9467,0.8569,0.942748
0.9467,0.9467,0.9076,0.945826
0.9467,0.9467,0.9477,0.949007
0.9467,0.9467,0.9766,0.951948
0.9467,0.9467,0.9941,0.955075
0.9467,0.9467,1.0000,0.958057
1.0000,0.2000,-1.0000,0.583454
1.0000,0.2000,-0.9941,0.596788
1.0000,0.2000,-0.9766,0.612890
1.0000,0.2000,-0.9477,0.631472
1.0000,0.2000,-0.9076,0.652634
1.0000,0.2000,-0.8569,0.676389
1.0000,0.2000,-0.7961,0.701498
1.0000,0.2000,-0.7260,0.728884
1.0000,0.2000,-0.6474,0.758188
1.0000,0.2000,-0.5612,0.789430
1.0000,0.2000,-0.4684,0.822528
1.0000,0.2000,-0.3701,0.855621
1.0000,0.2000,-0.2675,0.887054
1.0000,0.2000,-0.1618,0.910088
1.0000,0.2000,-0.0541,0.879329
1.0000,0.2000,0.0541,0.821916
1.0000,0.2000,0.1618,0.884890
1.0000,0.2000,0.2675,0.872132
1.0000,0.2000,0.3701,0.845006
1.0000,0.2000,0.4684,0.813685
1.0000,0.2000,0.5612,0.784937
1.0000,0.2000,0.6474,0.750955
1.0000,0.2000,0.7260,0.727130
1.0000,0.2000,0.7961,0.699269
1.0000,0.2000,0.8569,0.674094
1.0000,0.2000,0.9076,0.648485
1.0000,0.2000,0.9477,0.630526
1.0000,0.2000,0.9766,0.611564
1.0000,0.2000,0.9941,0.596905
1.0000,0.2000,1.0000,0.579262
1.0000,0.2533,-1.0000,0.581272
1.0000,0.2533,-0.9941,0.596714
1.0000,0.2533,-0.9766,0.612306
1.0000,0.2533,-0.9477,0.631068
1.0000,0.2533,-0.9076,0.651386
1.0000,0.2533,-0.8569,0.675167
1.0000,0.2533,-0.7961,0.700487
1.0000,0.2533,-0.7260,0.727691
1.0000,0.2533,-0.6474,0.756018
1.0000,0.2533,-0.5612,0.787169
1.0000,0.2533,-0.4684,0.820939
1.0000,0.2533,-0.3701,0.852827
1.0000,0.2533,-0.2675,0.883381
1.0000,0.2533,-0.1618,0.905171
1.0000,0.2533,-0.0541,0.868052
1.0000,0.2533,0.0541,0.810155
1.0000,0.2533,0.1618,0.880701
1.0000,0.2533,0.2675,0.868624
1.0000,0.2533,0.3701,0.845506
1.0000,0.2533,0.4684,0.813484
1.0000,0.2533,0.5612,0.781950
1.0000,0.2533,0.6474,0.751462
1.0000,0.2533,0.7260,0.724476
1.0000,0.2533,0.7961,0.697415
1.0000,0.2533,0.8569,0.671367
1.0000,0.2533,0.9076,0.650386
1.0000,0.2533,0.9477,0.631551
1.0000,0.2533,0.9766,0.612651
1.0000,0.2533,0.9941,0.595766
1.0000,0.2533,1.0000,0.580008
1.0000,0.3067,-1.0000,0.578874
1.0000,0.3067,-0.9941,0.595248
1.0000,0.3067,-0.9766,0.611681
1.0000,0.3067,-0.9477,0.629502
1.0000,0.3067,-0.9076,0.649266
1.0000,0.3067,-0.8569,0.673708
1.0000,0.3067,-0.7961,0.700024
1.0000,0.3067,-0.7260,0.724230
1.0000,0.3067,-0.6474,0.755156
1.0000,0.3067,-0.5612,0.784382
1.0000,0.3067,-0.4684,0.819223
1.0000,0.3067,-0.3701,0.851689
1.0000,0.3067,-0.2675,0.880768
1.0000,0.3067,-0.1618,0.900297
1.0000,0.3067,-0.0541,0.854764
1.0000,0.3067,0.0541,0.797773
1.0000,0.3067,0.1618,0.873906
1.0000,0.3067,0.2675,0.864461
1.0000,0.3067,0.3701,0.840910
1.0000,0.3067,0.4684,0.809116
1.0000,0.3067,0.5612,0.779996
1.0000,0.3067,0.6474,0.749874
1.0000,0.3067,0.7260,0.723529
1.0000,0.3067,0.7961,0.696996
1.0000,0.3067,0.8569,0.671375
1.0000,0.3067,0.9076,0.650099
1.0000,0.3067,0.9477,0.627767
1.0000,0.3067,0.9766,0.610951
1.0000,0.3067,0.9941,0.593476
1.0000,0.3067,1.0000,0.578446
1.0000,0.3600,-1.0000,0.577196
1.0000,0.3600,-0.9941,0.593475
1.0000,0.3600,-0.9766,0.609747
1.0000,0.3600,-0.9477,0.627500
1.0000,0.3600,-0.9076,0.649252
1.0000,0.3600,-0.8569,0.672069
1.0000,0.3600,-0.7961,0.697213
1.0000,0.3600,-0.7260,0.725241
1.0000,0.3600,-0.6474,0.751920
1.0000,0.3600,-0.5612,0.784396
1.0000,0.3600,-0.4684,0.817392
1.0000,0.3600,-0.3701,0.848276
1.0000,0.3600,-0.2675,0.874767
1.0000,0.3600,-0.1618,0.892961
1.0000,0.3600,-0.0541,0.837791
1.0000,0.3600,0.0541,0.783360
1.0000,0.3600,0.1618,0.868497
1.0000,0.3600,0.2675,0.860430
1.0000,0.3600,0.3701,0.836707
1.0000,0.3600,0.4684,0.807124
1.0000,0.3600,0.5612,0.777371
1.0000,0.3600,0.6474,0.747369
1.0000,0.3600,0.7260,0.720948
1.0000,0.3600,0.7961,0.694846
1.0000,0.3600,0.8569,0.668758
1.0000,0.3600,0.9076,0.647809
1.0000,0.3600,0.9477,0.626242
1.0000,0.3600,0.9766,0.607313
1.0000,0.3600,0.9941,0.593896
1.0000,0.3600,1.0000,0.576147
1.0000,0.4133,-1.0000,0.575325
1.0000,0.4133,-0.9941,0.590991
1.0000,0.4133,-0.9766,0.606362
1.0000,0.4133,-0.9477,0.625010
1.0000,0.4133,-0.9076,0.646966
1.0000,0.4133,-0.8569,0.668733
1.0000,0.4133,-0.7961,0.693235
1.0000,0.4133,-0.7260,0.721254
1.0000,0.4133,-0.6474,0.747936
1.0000,0.4133,-0.5612,0.779208
1.0000,0.4133,-0.4684,0.810550
1.0000,0.4133,-0.3701,0.842290
1.0000,0.4133,-0.2675,0.869202
1.0000,0.4133,-0.1618,0.881005
1.0000,0.4133,-0.0541,0.816868
1.0000,0.4133,0.0541,0.763685
1.0000,0.4133,0.1618,0.858178
1.0000,0.4133,0.2675,0.854438
1.0000,0.4133,0.3701,0.830746
1.0000,0.4133,0.4684,0.803228
1.0000,0.4133,0.5612,0.774273
1.0000,0.4133,0.6474,0.743959
1.0000,0.4133,0.7260,0.718197
1.0000,0.4133,0.7961,0.691615
1.0000,0.4133,0.8569,0.666738
1.0000,0.4133,0.9076,0.644125
1.0000,0.4133,0.9477,0.623061
1.0000,0.4133,0.9766,0.607412
1.0000,0.4133,0.9941,0.590481
1.0000,0.4133,1.0000,0.576044
1.0000,0.4667,-1.0000,0.573546
1.0000,0.4667,-0.9941,0.587957
1.0000,0.4667,-0.9766,0.604267
1.0000,0.4667,-0.9477,0.623512
1.0000,0.4667,-0.9076,0.643472
1.0000,0.4667,-0.8569,0.667624
1.0000,0.4667,-0.7961,0.689664
1.0000,0.4667,-0.7260,0.719220
1.0000,0.4667,-0.6474,0.742886
1.0000,0.4667,-0.5612,0.774614
1.0000,0.4667,-0.4684,0.806352
1.0000,0.4667,-0.3701,0.835956
1.0000,0.4667,-0.2675,0.861347
1.0000,0.4667,-0.1618,0.870300
1.0000,0.4667,-0.0541,0.791762
1.0000,0.4667,0.0541,0.740959
1.0000,0.4667,0.1618,0.846126
1.0000,0.4667,0.2675,0.845207
1.0000,0.4667,0.3701,0.826417
1.0000,0.4667,0.4684,0.797643
1.0000,0.4667,0.5612,0.772595
1.0000,0.4667,0.6474,0.740946
1.0000,0.4667,0.7260,0.714975
1.0000,0.4667,0.7961,0.688122
1.0000,0.4667,0.8569,0.664389
1.0000,0.4667,0.9076,0.642032
1.0000,0.4667,0.9477,0.621118
1.0000,0.4667,0.9766,0.605807
1.0000,0.4667,0.9941,0.589931
1.0000,0.4667,1.0000,0.573521
1.0000,0.5200,-1.0000,0.570490
1.0000,0.5200,-0.9941,0.585480
1.0000,0.5200,-0.9766,0.601094
1.0000,0.5200,-0.9477,0.620754
1.0000,0.5200,-0.9076,0.638428
1.0000,0.5200,-0.8569,0.661690
1.0000,0.5200,-0.7961,0.684358
1.0000,0.5200,-0.7260,0.711283
1.0000,0.5200,-0.6474,0.738748
1.0000,0.5200,-0.5612,0.768026
1.0000,0.5200,-0.4684,0.799829
1.0000,0.5200,-0.3701,0.825872
1.0000,0.5200,-0.2675,0.848035
1.0000,0.5200,-0.1618,0.853381
1.0000,0.5200,-0.0541,0.759360
1.0000,0.5200,0.0541,0.709873
1.0000,0.5200,0.1618,0.828559
1.0000,0.5200,0.2675,0.833029
1.0000,0.5200,0.3701,0.817208
1.0000,0.5200,0.4684,0.791983
1.0000,0.5200,0.5612,0.764383
1.0000,0.5200,0.6474,0.735633
1.0000,0.5200,0.7260,0.709991
1.0000,0.5200,0.7961,0.684613
1.0000,0.5200,0.8569,0.660067
1.0000,0.5200,0.9076,0.637393
1.0000,0.5200,0.9477,0.618723
1.0000,0.5200,0.9766,0.601008
1.0000,0.5200,0.9941,0.586642
1.0000,0.5200,1.0000,0.573076
1.0000,0.5733,-1.0000,0.563365
1.0000,0.5733,-0.9941,0.577703
1.0000,0.5733,-0.9766,0.594467
1.0000,0.5733,-0.9477,0.611050
1.0000,0.5733,-0.9076,0.633878
1.0000,0.5733,-0.8569,0.654588
1.0000,0.5733,-0.7961,0.678146
1.0000,0.5733,-0.7260,0.706138
1.0000,0.5733,-0.6474,0.730438
1.0000,0.5733,-0.5612,0.758473
1.0000,0.5733,-0.4684,0.787423
1.0000,0.5733,-0.3701,0.813430
1.0000,0.5733,-0.2675,0.832356
1.0000,0.5733,-0.1618,0.828617
1.0000,0.5733,-0.0541,0.714795
1.0000,0.5733,0.0541,0.669601
1.0000,0.5733,0.1618,0.805794
1.0000,0.5733,0.2675,0.818279
1.0000,0.5733,0.3701,0.803435
1.0000,0.5733,0.4684,0.780965
1.0000,0.5733,0.5612,0.754687
1.0000,0.5733,0.6474,0.726724
1.0000,0.5733,0.7260,0.704242
1.0000,0.5733,0.7961,0.676818
1.0000,0.5733,0.8569,0.653684
1.0000,0.5733,0.9076,0.633686
1.0000,0.5733,0.9477,0.613306
1.0000,0.5733,0.9766,0.598595
1.0000,0.5733,0.9941,0.582149
1.0000,0.5733,1.0000,0.566325
1.0000,0.6267,-1.0000,0.556429
1.0000,0.6267,-0.9941,0.572846
1.0000,0.6267,-0.9766,0.585985
1.0000,0.6267,-0.9477,0.605270
1.0000,0.6267,-0.9076,0.623368
1.0000,0.6267,-0.8569,0.644215
1.0000,0.6267,-0.7961,0.667363
1.0000,0.6267,-0.7260,0.690068
1.0000,0.6267,-0.6474,0.715671
1.0000,0.6267,-0.5612,0.741663
1.0000,0.6267,-0.4684,0.768769
1.0000,0.6267,-0.3701,0.793301
1.0000,0.6267,-0.2675,0.802478
1.0000,0.6267,-0.1618,0.787976
1.0000,0.6267,-0.0541,0.647933
1.0000,0.6267,0.0541,0.610285
1.0000,0.6267,0.1618,0.766465
1.0000,0.6267,0.2675,0.790745
1.0000,0.6267,0.3701,0.781162
1.0000,0.6267,0.4684,0.760578
1.0000,0.6267,0.5612,0.737209
1.0000,0.6267,0.6474,0.711908
1.0000,0.6267,0.7260,0.689343
1.0000,0.6267,0.7961,0.666883
1.0000,0.6267,0.8569,0.644772
1.0000,0.6267,0.9076,0.621712
1.0000,0.6267,0.9477,0.604349
1.0000,0.6267,0.9766,0.587948
1.0000,0.6267,0.9941,0.573203
1.0000,0.6267,1.0000,0.557289
1.0000,0.6800,-1.0000,0.542769
1.0000,0.6800,-0.9941,0.555210
1.0000,0.6800,-0.9766,0.570072
1.0000,0.6800,-0.9477,0.585419
1.0000,0.6800,-0.9076,0.602360
1.0000,0.6800,-0.8569,0.622274
1.0000,0.6800,-0.7961,0.642641
1.0000,0.6800,-0.7260,0.665354
1.0000,0.6800,-0.6474,0.686716
1.0000,0.6800,-0.5612,0.713027
1.0000,0.6800,-0.4684,0.732515
1.0000,0.6800,-0.3701,0.745804
1.0000,0.6800,-0.2675,0.741342
1.0000,0.6800,-0.1618,0.699203
1.0000,0.6800,-0.0541,0.521878
1.0000,0.6800,0.0541,0.465054
1.0000,0.6800,0.1618,0.616065
1.0000,0.6800,0.2675,0.664819
1.0000,0.6800,0.3701,0.664832
1.0000,0.6800,0.4684,0.636231
1.0000,0.6800,0.5612,0.620417
1.0000,0.6800,0.6474,0.595119
1.0000,0.6800,0.7260,0.571381
1.0000,0.6800,0.7961,0.546606
1.0000,0.6800,0.8569,0.523714
1.0000,0.6800,0.9076,0.504746
1.0000,0.6800,0.9477,0.488095
1.0000,0.6800,0.9766,0.473741
1.0000,0.6800,0.9941,0.465757
1.0000,0.6800,1.0000,0.453855
1.0000,0.7333,-1.0000,0.750893
1.0000,0.7333,-0.9941,0.793799
1.0000,0.7333,-0.9766,0.812166
1.0000,0.7333,-0.9477,0.827619
1.0000,0.7333,-0.9076,0.835993
1.0000,0.7333,-0.8569,0.847669
1.0000,0.7333,-0.7961,0.848526
1.0000,0.7333,-0.7260,0.844276
1.0000,0.7333,-0.6474,0.835942
1.0000,0.7333,-0.5612,0.822475
1.0000,0.7333,-0.4684,0.803533
1.0000,0.7333,-0.3701,0.772414
1.0000,0.7333,-0.2675,0.723783
1.0000,0.7333,-0.1618,0.643774
1.0000,0.7333,-0.0541,0.478709
1.0000,0.7333,0.0541,0.301622
1.0000,0.7333,0.1618,0.315497
1.0000,0.7333,0.2675,0.321388
1.0000,0.7333,0.3701,0.312695
1.0000,0.7333,0.4684,0.309010
1.0000,0.7333,0.5612,0.306692
1.0000,0.7333,0.6474,0.303376
1.0000,0.7333,0.7260,0.306794
1.0000,0.7333,0.7961,0.301626
1.0000,0.7333,0.8569,0.300443
1.0000,0.7333,0.9076,0.298712
1.0000,0.7333,0.9477,0.297479
1.0000,0.7333,0.9766,0.291536
1.0000,0.7333,0.9941,0.288497
1.0000,0.7333,1.0000,0.287493
1.0000,0.7867,-1.0000,0.906898
1.0000,0.7867,-0.9941,0.903746
1.0000,0.7867,-0.9766,0.902693
1.0000,0.7867,-0.9477,0.897314
1.0000,0.7867,-0.9076,0.890873
1.0000,0.7867,-0.8569,0.884009
1.0000,0.7867,-0.7961,0.874460
1.0000,0.7867,-0.7260,0.862099
1.0000,0.7867,-0.6474,0.847065
1.0000,0.7867,-0.5612,0.829846
1.0000,0.7867,-0.4684,0.804798
1.0000,0.7867,-0.3701,0.770032
1.0000,0.7867,-0.2675,0.718597
1.0000,0.7867,-0.1618,0.636491
1.0000,0.7867,-0.0541,0.472376
1.0000,0.7867,0.0541,0.289738
1.0000,0.7867,0.1618,0.285908
1.0000,0.7867,0.2675,0.283805
1.0000,0.7867,0.3701,0.282615
1.0000,0.7867,0.4684,0.281994
1.0000,0.7867,0.5612,0.280119
1.0000,0.7867,0.6474,0.289998
1.0000,0.7867,0.7260,0.289650
1.0000,0.7867,0.7961,0.276856
1.0000,0.7867,0.8569,0.276702
1.0000,0.7867,0.9076,0.273273
1.0000,0.7867,0.9477,0.273152
1.0000,0.7867,0.9766,0.273233
1.0000,0.7867,0.9941,0.270498
1.0000,0.7867,1.0000,0.271679
1.0000,0.8400,-1.0000,0.906309
1.0000,0.8400,-0.9941,0.902113
1.0000,0.8400,-0.9766,0.897631
1.0000,0.8400,-0.9477,0.891922
1.0000,0.8400,-0.9076,0.884985
1.0000,0.8400,-0.8569,0.876920
1.0000,0.8400,-0.7961,0.866485
1.0000,0.8400,-0.7260,0.854345
1.0000,0.8400,-0.6474,0.840207
1.0000,0.8400,-0.5612,0.820774
1.0000,0.8400,-0.4684,0.794103
1.0000,0.8400,-0.3701,0.757645
1.0000,0.8400,-0.2675,0.705853
1.0000,0.8400,-0.1618,0.620426
1.0000,0.8400,-0.0541,0.453127
1.0000,0.8400,0.0541,0.270492
1.0000,0.8400,0.1618,0.268896
1.0000,0.8400,0.2675,0.266948
1.0000,0.8400,0.3701,0.265495
1.0000,0.8400,0.4684,0.262800
1.0000,0.8400,0.5612,0.262606
1.0000,0.8400,0.6474,0.259050
1.0000,0.8400,0.7260,0.258046
1.0000,0.8400,0.7961,0.255043
1.0000,0.8400,0.8569,0.253561
1.0000,0.8400,0.9076,0.252397
1.0000,0.8400,0.9477,0.250867
1.0000,0.8400,0.9766,0.247734
1.0000,0.8400,0.9941,0.245789
1.0000,0.8400,1.0000,0.245680
1.0000,0.8933,-1.0000,0.871638
1.0000,0.8933,-0.9941,0.868392
1.0000,0.8933,-0.9766,0.863951
1.0000,0.8933,-0.9477,0.858291
1.0000,0.8933,-0.9076,0.850857
1.0000,0.8933,-0.8569,0.841793
1.0000,0.8933,-0.7961,0.831161
1.0000,0.8933,-0.7260,0.816836
1.0000,0.8933,-0.6474,0.799483
1.0000,0.8933,-0.5612,0.776335
1.0000,0.8933,-0.4684,0.746149
1.0000,0.8933,-0.3701,0.705131
1.0000,0.8933,-0.2675,0.647539
1.0000,0.8933,-0.1618,0.555524
1.0000,0.8933,-0.0541,0.386606
1.0000,0.8933,0.0541,0.215948
1.0000,0.8933,0.1618,0.213289
1.0000,0.8933,0.2675,0.209198
1.0000,0.8933,0.3701,0.208039
1.0000,0.8933,0.4684,0.204237
1.0000,0.8933,0.5612,0.202348
1.0000,0.8933,0.6474,0.196613
1.0000,0.8933,0.7260,0.194769
1.0000,0.8933,0.7961,0.192231
1.0000,0.8933,0.8569,0.187978
1.0000,0.8933,0.9076,0.183954
1.0000,0.8933,0.9477,0.179843
1.0000,0.8933,0.9766,0.173818
1.0000,0.8933,0.9941,0.167579
1.0000,0.8933,1.0000,0.161944
1.0000,0.9467,-1.0000,0.650982
1.0000,0.9467,-0.9941,0.645561
1.0000,0.9467,-0.9766,0.642331
1.0000,0.9467,-0.9477,0.639117
1.0000,0.9467,-0.9076,0.629808
1.0000,0.9467,-0.8569,0.621510
1.0000,0.9467,-0.7961,0.605616
1.0000,0.9467,-0.7260,0.589546
1.0000,0.9467,-0.6474,0.561504
1.0000,0.9467,-0.5612,0.531465
1.0000,0.9467,-0.4684,0.495875
1.0000,0.9467,-0.3701,0.441310
1.0000,0.9467,-0.2675,0.376633
1.0000,0.9467,-0.1618,0.282821
1.0000,0.9467,-0.0541,0.140111
1.0000,0.9467,0.0541,0.033851
1.0000,0.9467,0.1618,0.030750
1.0000,0.9467,0.2675,0.027227
1.0000,0.9467,0.3701,0.020264
1.0000,0.9467,0.4684,0.016514
1.0000,0.9467,0.5612,0.011574
1.0000,0.9467,0.6474,0.008489
1.0000,0.9467,0.7260,0.005706
1.0000,0.9467,0.7961,0.002998
1.0000,0.9467,0.8569,0.001860
1.0000,0.9467,0.9076,0.001667
1.0000,0.9467,0.9477,0.002319
1.0000,0.9467,0.9766,0.007028
1.0000,0.9467,0.9941,0.015554
1.0000,0.9467,1.0000,0.030955
1.0000,1.0000,-1.0000,0.895677
1.0000,1.0000,-0.9941,0.891857
1.0000,1.0000,-0.9766,0.888807
1.0000,1.0000,-0.9477,0.886327
1.0000,1.0000,-0.9076,0.884395
1.0000,1.0000,-0.8569,0.882657
1.0000,1.0000,-0.7961,0.881399
1.0000,1.0000,-0.7260,0.881380
1.0000,1.0000,-0.6474,0.880634
1.0000,1.0000,-0.5612,0.880269
1.0000,1.0000,-0.4684,0.880154
1.0000,1.0000,-0.3701,0.880868
1.0000,1.0000,-0.2675,0.882260
1.0000,1.0000,-0.1618,0.883062
1.0000,1.0000,-0.0541,0.884730
1.0000,1.0000,0.0541,0.885870
1.0000,1.0000,0.1618,0.887201
1.0000,1.0000,0.2675,0.890201
1.0000,1.0000,0.3701,0.891858
1.0000,1.0000,0.4684,0.894473
1.0000,1.0000,0.5612,0.896705
1.0000,1.0000,0.6474,0.899022
1.0000,1.0000,0.7260,0.901985
1.0000,1.0000,0.7961,0.904865
1.0000,1.0000,0.8569,0.908095
1.0000,1.0000,0.9076,0.911167
1.0000,1.0000,0.9477,0.915027
1.0000,1.0000,0.9766,0.918438
1.0000,1.0000,0.9941,0.921727
1.0000,1.0000,1.0000,0.925246
