alpha,beta,rho,fitted_exponent
0.2000,0.2000,-1.0000,0.901849
0.2000,0.2000,-0.9941,0.893428
0.2000,0.2000,-0.9766,0.884965
0.2000,0.2000,-0.9477,0.877322
0.2000,0.2000,-0.9076,0.870432
0.2000,0.2000,-0.8569,0.864235
0.2000,0.2000,-0.7961,0.858672
0.2000,0.2000,-0.7260,0.853695
0.2000,0.2000,-0.6474,0.849256
0.2000,0.2000,-0.5612,0.845315
0.2000,0.2000,-0.4684,0.841834
0.2000,0.2000,-0.3701,0.838778
0.2000,0.2000,-0.2675,0.836119
0.2000,0.2000,-0.1618,0.833827
0.2000,0.2000,-0.0541,0.831878
0.2000,0.2000,0.0541,0.830250
0.2000,0.2000,0.1618,0.828922
0.2000,0.2000,0.2675,0.827877
0.2000,0.2000,0.3701,0.827099
0.2000,0.2000,0.4684,0.826572
0.2000,0.2000,0.5612,0.826285
0.2000,0.2000,0.6474,0.826226
0.2000,0.2000,0.7260,0.826385
0.2000,0.2000,0.7961,0.826752
0.2000,0.2000,0.8569,0.827321
0.2000,0.2000,0.9076,0.828085
0.2000,0.2000,0.9477,0.829039
0.2000,0.2000,0.9766,0.830177
0.2000,0.2000,0.9941,0.831496
0.2000,0.2000,1.0000,0.832994
0.2533,0.2000,-1.0000,1.173430
0.2533,0.2000,-0.9941,1.179042
0.2533,0.2000,-0.9766,1.189191
0.2533,0.2000,-0.9477,1.201046
0.2533,0.2000,-0.9076,1.216652
0.2533,0.2000,-0.8569,1.235653
0.2533,0.2000,-0.7961,1.259644
0.2533,0.2000,-0.7260,1.291345
0.2533,0.2000,-0.6474,1.297586
0.2533,0.2000,-0.5612,1.250555
0.2533,0.2000,-0.4684,1.157373
0.2533,0.2000,-0.3701,1.028381
0.2533,0.2000,-0.2675,0.857475
0.2533,0.2000,-0.1618,0.704882
0.2533,0.2000,-0.0541,0.705526
0.2533,0.2000,0.0541,0.706249
0.2533,0.2000,0.1618,0.707046
0.2533,0.2000,0.2675,0.707907
0.2533,0.2000,0.3701,0.708829
0.2533,0.2000,0.4684,0.709804
0.2533,0.2000,0.5612,0.710828
0.2533,0.2000,0.6474,0.711898
0.2533,0.2000,0.7260,0.713010
0.2533,0.2000,0.7961,0.714161
0.2533,0.2000,0.8569,0.715349
0.2533,0.2000,0.9076,0.716571
0.2533,0.2000,0.9477,0.717825
0.2533,0.2000,0.9766,0.719110
0.2533,0.2000,0.9941,0.720426
0.2533,0.2000,1.0000,0.721770
0.2533,0.2533,-1.0000,0.943044
0.2533,0.2533,-0.9941,0.936318
0.2533,0.2533,-0.9766,0.930097
0.2533,0.2533,-0.9477,0.924367
0.2533,0.2533,-0.9076,0.919115
0.2533,0.2533,-0.8569,0.914324
0.2533,0.2533,-0.7961,0.909977
0.2533,0.2533,-0.7260,0.906056
0.2533,0.2533,-0.6474,0.902544
0.2533,0.2533,-0.5612,0.899422
0.2533,0.2533,-0.4684,0.896674
0.2533,0.2533,-0.3701,0.894281
0.2533,0.2533,-0.2675,0.892227
0.2533,0.2533,-0.1618,0.890496
0.2533,0.2533,-0.0541,0.889072
0.2533,0.2533,0.0541,0.887941
0.2533,0.2533,0.1618,0.887089
0.2533,0.2533,0.2675,0.886502
0.2533,0.2533,0.3701,0.886169
0.2533,0.2533,0.4684,0.886077
0.2533,0.2533,0.5612,0.886216
0.2533,0.2533,0.6474,0.886575
0.2533,0.2533,0.7260,0.887146
0.2533,0.2533,0.7961,0.887920
0.2533,0.2533,0.8569,0.888888
0.2533,0.2533,0.9076,0.890044
0.2533,0.2533,0.9477,0.891382
0.2533,0.2533,0.9766,0.892895
0.2533,0.2533,0.9941,0.894577
0.2533,0.2533,1.0000,0.896425
0.3067,0.2000,-1.0000,0.210098
0.3067,0.2000,-0.9941,0.250796
0.3067,0.2000,-0.9766,0.350792
0.3067,0.2000,-0.9477,0.547484
0.3067,0.2000,-0.9076,0.810179
0.3067,0.2000,-0.8569,0.978414
0.3067,0.2000,-0.7961,1.035178
0.3067,0.2000,-0.7260,1.045156
0.3067,0.2000,-0.6474,1.044990
0.3067,0.2000,-0.5612,1.043450
0.3067,0.2000,-0.4684,1.040860
0.3067,0.2000,-0.3701,1.036468
0.3067,0.2000,-0.2675,1.028566
0.3067,0.2000,-0.1618,0.900290
0.3067,0.2000,-0.0541,0.597969
0.3067,0.2000,0.0541,0.474105
0.3067,0.2000,0.1618,0.484535
0.3067,0.2000,0.2675,0.493977
0.3067,0.2000,0.3701,0.502555
0.3067,0.2000,0.4684,0.510370
0.3067,0.2000,0.5612,0.517508
0.3067,0.2000,0.6474,0.524044
0.3067,0.2000,0.7260,0.530038
0.3067,0.2000,0.7961,0.535546
0.3067,0.2000,0.8569,0.540612
0.3067,0.2000,0.9076,0.545278
0.3067,0.2000,0.9477,0.549578
0.3067,0.2000,0.9766,0.553542
0.3067,0.2000,0.9941,0.557197
0.3067,0.2000,1.0000,0.560565
0.3067,0.2533,-1.0000,1.106770
0.3067,0.2533,-0.9941,1.111243
0.3067,0.2533,-0.9766,1.116003
0.3067,0.2533,-0.9477,1.121132
0.3067,0.2533,-0.9076,1.126743
0.3067,0.2533,-0.8569,1.132989
0.3067,0.2533,-0.7961,1.140095
0.3067,0.2533,-0.7260,1.148393
0.3067,0.2533,-0.6474,1.158410
0.3067,0.2533,-0.5612,1.171026
0.3067,0.2533,-0.4684,1.133598
0.3067,0.2533,-0.3701,1.071402
0.3067,0.2533,-0.2675,0.952253
0.3067,0.2533,-0.1618,0.796729
0.3067,0.2533,-0.0541,0.649887
0.3067,0.2533,0.0541,0.650919
0.3067,0.2533,0.1618,0.651926
0.3067,0.2533,0.2675,0.652909
0.3067,0.2533,0.3701,0.653868
0.3067,0.2533,0.4684,0.654803
0.3067,0.2533,0.5612,0.655714
0.3067,0.2533,0.6474,0.656602
0.3067,0.2533,0.7260,0.657467
0.3067,0.2533,0.7961,0.658310
0.3067,0.2533,0.8569,0.659131
0.3067,0.2533,0.9076,0.659931
0.3067,0.2533,0.9477,0.660711
0.3067,0.2533,0.9766,0.661470
0.3067,0.2533,0.9941,0.662210
0.3067,0.2533,1.0000,0.662930
0.3067,0.3067,-1.0000,0.979905
0.3067,0.3067,-0.9941,0.974963
0.3067,0.3067,-0.9766,0.970370
0.3067,0.3067,-0.9477,0.966131
0.3067,0.3067,-0.9076,0.962244
0.3067,0.3067,-0.8569,0.958708
0.3067,0.3067,-0.7961,0.955518
0.3067,0.3067,-0.7260,0.952669
0.3067,0.3067,-0.6474,0.950153
0.3067,0.3067,-0.5612,0.947962
0.3067,0.3067,-0.4684,0.946085
0.3067,0.3067,-0.3701,0.944513
0.3067,0.3067,-0.2675,0.943234
0.3067,0.3067,-0.1618,0.942238
0.3067,0.3067,-0.0541,0.941514
0.3067,0.3067,0.0541,0.941049
0.3067,0.3067,0.1618,0.940832
0.3067,0.3067,0.2675,0.940854
0.3067,0.3067,0.3701,0.941101
0.3067,0.3067,0.4684,0.941565
0.3067,0.3067,0.5612,0.942234
0.3067,0.3067,0.6474,0.943100
0.3067,0.3067,0.7260,0.944152
0.3067,0.3067,0.7961,0.945381
0.3067,0.3067,0.8569,0.946780
0.3067,0.3067,0.9076,0.948339
0.3067,0.3067,0.9477,0.950052
0.3067,0.3067,0.9766,0.951911
0.3067,0.3067,0.9941,0.953909
0.3067,0.3067,1.0000,0.956041
0.3600,0.2000,-1.0000,0.445276
0.3600,0.2000,-0.9941,0.383849
0.3600,0.2000,-0.9766,0.299011
0.3600,0.2000,-0.9477,0.207132
0.3600,0.2000,-0.9076,0.117041
0.3600,0.2000,-0.8569,0.065363
0.3600,0.2000,-0.7961,0.056395
0.3600,0.2000,-0.7260,0.129624
0.3600,0.2000,-0.6474,0.277183
0.3600,0.2000,-0.5612,0.601437
0.3600,0.2000,-0.4684,0.829423
0.3600,0.2000,-0.3701,0.920703
0.3600,0.2000,-0.2675,0.915310
0.3600,0.2000,-0.1618,0.862010
0.3600,0.2000,-0.0541,0.646959
0.3600,0.2000,0.0541,0.327993
0.3600,0.2000,0.1618,0.358317
0.3600,0.2000,0.2675,0.383789
0.3600,0.2000,0.3701,0.405502
0.3600,0.2000,0.4684,0.424232
0.3600,0.2000,0.5612,0.440546
0.3600,0.2000,0.6474,0.454873
0.3600,0.2000,0.7260,0.467542
0.3600,0.2000,0.7961,0.478811
0.3600,0.2000,0.8569,0.488883
0.3600,0.2000,0.9076,0.497925
0.3600,0.2000,0.9477,0.506069
0.3600,0.2000,0.9766,0.513427
0.3600,0.2000,0.9941,0.520089
0.3600,0.2000,1.0000,0.526133
0.3600,0.2533,-1.0000,0.313525
0.3600,0.2533,-0.9941,0.492228
0.3600,0.2533,-0.9766,0.751764
0.3600,0.2533,-0.9477,0.911310
0.3600,0.2533,-0.9076,0.978641
0.3600,0.2533,-0.8569,0.994463
0.3600,0.2533,-0.7961,0.992022
0.3600,0.2533,-0.7260,0.986700
0.3600,0.2533,-0.6474,0.979760
0.3600,0.2533,-0.5612,0.970484
0.3600,0.2533,-0.4684,0.957648
0.3600,0.2533,-0.3701,0.938978
0.3600,0.2533,-0.2675,0.909707
0.3600,0.2533,-0.1618,0.853220
0.3600,0.2533,-0.0541,0.608582
0.3600,0.2533,0.0541,0.437839
0.3600,0.2533,0.1618,0.449067
0.3600,0.2533,0.2675,0.459246
0.3600,0.2533,0.3701,0.468499
0.3600,0.2533,0.4684,0.476932
0.3600,0.2533,0.5612,0.484633
0.3600,0.2533,0.6474,0.491677
0.3600,0.2533,0.7260,0.498131
0.3600,0.2533,0.7961,0.504049
0.3600,0.2533,0.8569,0.509481
0.3600,0.2533,0.9076,0.514467
0.3600,0.2533,0.9477,0.519046
0.3600,0.2533,0.9766,0.523248
0.3600,0.2533,0.9941,0.527103
0.3600,0.2533,1.0000,0.530633
0.3600,0.3067,-1.0000,1.043018
0.3600,0.3067,-0.9941,1.043554
0.3600,0.3067,-0.9766,1.043827
0.3600,0.3067,-0.9477,1.043790
0.3600,0.3067,-0.9076,1.043377
0.3600,0.3067,-0.8569,1.042501
0.3600,0.3067,-0.7961,1.041037
0.3600,0.3067,-0.7260,1.038810
0.3600,0.3067,-0.6474,1.035557
0.3600,0.3067,-0.5612,1.030878
0.3600,0.3067,-0.4684,1.024123
0.3600,0.3067,-0.3701,1.001106
0.3600,0.3067,-0.2675,0.926712
0.3600,0.3067,-0.1618,0.807295
0.3600,0.3067,-0.0541,0.634519
0.3600,0.3067,0.0541,0.601434
0.3600,0.3067,0.1618,0.602213
0.3600,0.3067,0.2675,0.602910
0.3600,0.3067,0.3701,0.603530
0.3600,0.3067,0.4684,0.604075
0.3600,0.3067,0.5612,0.604548
0.3600,0.3067,0.6474,0.604954
0.3600,0.3067,0.7260,0.605294
0.3600,0.3067,0.7961,0.605572
0.3600,0.3067,0.8569,0.605790
0.3600,0.3067,0.9076,0.605950
0.3600,0.3067,0.9477,0.606056
0.3600,0.3067,0.9766,0.606107
0.3600,0.3067,0.9941,0.606107
0.3600,0.3067,1.0000,0.606057
0.3600,0.3600,-1.0000,1.012831
0.3600,0.3600,-0.9941,1.009105
0.3600,0.3600,-0.9766,1.005667
0.3600,0.3600,-0.9477,1.002524
0.3600,0.3600,-0.9076,0.999679
0.3600,0.3600,-0.8569,0.997135
0.3600,0.3600,-0.7961,0.994891
0.3600,0.3600,-0.7260,0.992943
0.3600,0.3600,-0.6474,0.991287
0.3600,0.3600,-0.5612,0.989918
0.3600,0.3600,-0.4684,0.988827
0.3600,0.3600,-0.3701,0.988007
0.3600,0.3600,-0.2675,0.987448
0.3600,0.3600,-0.1618,0.987140
0.3600,0.3600,-0.0541,0.987073
0.3600,0.3600,0.0541,0.987235
0.3600,0.3600,0.1618,0.987617
0.3600,0.3600,0.2675,0.988206
0.3600,0.3600,0.3701,0.988992
0.3600,0.3600,0.4684,0.989964
0.3600,0.3600,0.5612,0.991111
0.3600,0.3600,0.6474,0.992423
0.3600,0.3600,0.7260,0.993890
0.3600,0.3600,0.7961,0.995502
0.3600,0.3600,0.8569,0.997251
0.3600,0.3600,0.9076,0.999126
0.3600,0.3600,0.9477,1.001120
0.3600,0.3600,0.9766,1.003226
0.3600,0.3600,0.9941,1.005434
0.3600,0.3600,1.0000,1.007738
0.4133,0.2000,-1.0000,0.555516
0.4133,0.2000,-0.9941,0.547919
0.4133,0.2000,-0.9766,0.512536
0.4133,0.2000,-0.9477,0.483447
0.4133,0.2000,-0.9076,0.434052
0.4133,0.2000,-0.8569,0.352224
0.4133,0.2000,-0.7961,0.257342
0.4133,0.2000,-0.7260,0.149110
0.4133,0.2000,-0.6474,0.067122
0.4133,0.2000,-0.5612,0.035687
0.4133,0.2000,-0.4684,0.123381
0.4133,0.2000,-0.3701,0.422790
0.4133,0.2000,-0.2675,0.722549
0.4133,0.2000,-0.1618,0.834640
0.4133,0.2000,-0.0541,0.696633
0.4133,0.2000,0.0541,0.262177
0.4133,0.2000,0.1618,0.317015
0.4133,0.2000,0.2675,0.358800
0.4133,0.2000,0.3701,0.391835
0.4133,0.2000,0.4684,0.418665
0.4133,0.2000,0.5612,0.440908
0.4133,0.2000,0.6474,0.459652
0.4133,0.2000,0.7260,0.475657
0.4133,0.2000,0.7961,0.489473
0.4133,0.2000,0.8569,0.501508
0.4133,0.2000,0.9076,0.512072
0.4133,0.2000,0.9477,0.521405
0.4133,0.2000,0.9766,0.529694
0.4133,0.2000,0.9941,0.537091
0.4133,0.2000,1.0000,0.543716
0.4133,0.2533,-1.0000,0.311431
0.4133,0.2533,-0.9941,0.220311
0.4133,0.2533,-0.9766,0.137895
0.4133,0.2533,-0.9477,0.069629
0.4133,0.2533,-0.9076,0.031062
0.4133,0.2533,-0.8569,0.025801
0.4133,0.2533,-0.7961,0.105076
0.4133,0.2533,-0.7260,0.227091
0.4133,0.2533,-0.6474,0.529059
0.4133,0.2533,-0.5612,0.791185
0.4133,0.2533,-0.4684,0.905394
0.4133,0.2533,-0.3701,0.914974
0.4133,0.2533,-0.2675,0.883606
0.4133,0.2533,-0.1618,0.820455
0.4133,0.2533,-0.0541,0.642033
0.4133,0.2533,0.0541,0.334275
0.4133,0.2533,0.1618,0.363086
0.4133,0.2533,0.2675,0.387458
0.4133,0.2533,0.3701,0.408352
0.4133,0.2533,0.4684,0.426462
0.4133,0.2533,0.5612,0.442304
0.4133,0.2533,0.6474,0.456266
0.4133,0.2533,0.7260,0.468653
0.4133,0.2533,0.7961,0.479701
0.4133,0.2533,0.8569,0.489604
0.4133,0.2533,0.9076,0.498513
0.4133,0.2533,0.9477,0.506556
0.4133,0.2533,0.9766,0.513838
0.4133,0.2533,0.9941,0.520443
0.4133,0.2533,1.0000,0.526447
0.4133,0.3067,-1.0000,0.846242
0.4133,0.3067,-0.9941,0.943269
0.4133,0.3067,-0.9766,0.975575
0.4133,0.3067,-0.9477,0.974724
0.4133,0.3067,-0.9076,0.971419
0.4133,0.3067,-0.8569,0.966366
0.4133,0.3067,-0.7961,0.960158
0.4133,0.3067,-0.7260,0.952419
0.4133,0.3067,-0.6474,0.942584
0.4133,0.3067,-0.5612,0.929765
0.4133,0.3067,-0.4684,0.912481
0.4133,0.3067,-0.3701,0.888059
0.4133,0.3067,-0.2675,0.851103
0.4133,0.3067,-0.1618,0.788697
0.4133,0.3067,-0.0541,0.613069
0.4133,0.3067,0.0541,0.434610
0.4133,0.3067,0.1618,0.445051
0.4133,0.3067,0.2675,0.454582
0.4133,0.3067,0.3701,0.463302
0.4133,0.3067,0.4684,0.471293
0.4133,0.3067,0.5612,0.478628
0.4133,0.3067,0.6474,0.485369
0.4133,0.3067,0.7260,0.491569
0.4133,0.3067,0.7961,0.497276
0.4133,0.3067,0.8569,0.502531
0.4133,0.3067,0.9076,0.507369
0.4133,0.3067,0.9477,0.511821
0.4133,0.3067,0.9766,0.515917
0.4133,0.3067,0.9941,0.519679
0.4133,0.3067,1.0000,0.523130
0.4133,0.3600,-1.0000,0.992846
0.4133,0.3600,-0.9941,0.990940
0.4133,0.3600,-0.9766,0.988509
0.4133,0.3600,-0.9477,0.985454
0.4133,0.3600,-0.9076,0.981645
0.4133,0.3600,-0.8569,0.976914
0.4133,0.3600,-0.7961,0.971028
0.4133,0.3600,-0.7260,0.963668
0.4133,0.3600,-0.6474,0.954379
0.4133,0.3600,-0.5612,0.942488
0.4133,0.3600,-0.4684,0.926965
0.4133,0.3600,-0.3701,0.906132
0.4133,0.3600,-0.2675,0.875489
0.4133,0.3600,-0.1618,0.784322
0.4133,0.3600,-0.0541,0.633383
0.4133,0.3600,0.0541,0.575072
0.4133,0.3600,0.1618,0.575335
0.4133,0.3600,0.2675,0.575494
0.4133,0.3600,0.3701,0.575554
0.4133,0.3600,0.4684,0.575519
0.4133,0.3600,0.5612,0.575394
0.4133,0.3600,0.6474,0.575184
0.4133,0.3600,0.7260,0.574892
0.4133,0.3600,0.7961,0.574522
0.4133,0.3600,0.8569,0.574077
0.4133,0.3600,0.9076,0.573560
0.4133,0.3600,0.9477,0.572975
0.4133,0.3600,0.9766,0.572324
0.4133,0.3600,0.9941,0.571610
0.4133,0.3600,1.0000,0.570834
0.4133,0.4133,-1.0000,1.039628
0.4133,0.4133,-0.9941,1.036729
0.4133,0.4133,-0.9766,1.034086
0.4133,0.4133,-0.9477,1.031706
0.4133,0.4133,-0.9076,1.029594
0.4133,0.4133,-0.8569,1.027752
0.4133,0.4133,-0.7961,1.026180
0.4133,0.4133,-0.7260,1.024876
0.4133,0.4133,-0.6474,1.023835
0.4133,0.4133,-0.5612,1.023053
0.4133,0.4133,-0.4684,1.022521
0.4133,0.4133,-0.3701,1.022232
0.4133,0.4133,-0.2675,1.022176
0.4133,0.4133,-0.1618,1.022344
0.4133,0.4133,-0.0541,1.022724
0.4133,0.4133,0.0541,1.023306
0.4133,0.4133,0.1618,1.024078
0.4133,0.4133,0.2675,1.025029
0.4133,0.4133,0.3701,1.026148
0.4133,0.4133,0.4684,1.027423
0.4133,0.4133,0.5612,1.028843
0.4133,0.4133,0.6474,1.030398
0.4133,0.4133,0.7260,1.032078
0.4133,0.4133,0.7961,1.033872
0.4133,0.4133,0.8569,1.035771
0.4133,0.4133,0.9076,1.037765
0.4133,0.4133,0.9477,1.039847
0.4133,0.4133,0.9766,1.042008
0.4133,0.4133,0.9941,1.044239
0.4133,0.4133,1.0000,1.046535
0.4667,0.2000,-1.0000,0.583364
0.4667,0.2000,-0.9941,0.579531
0.4667,0.2000,-0.9766,0.575069
0.4667,0.2000,-0.9477,0.565003
0.4667,0.2000,-0.9076,0.552145
0.4667,0.2000,-0.8569,0.513158
0.4667,0.2000,-0.7961,0.462429
0.4667,0.2000,-0.7260,0.398307
0.4667,0.2000,-0.6474,0.297071
0.4667,0.2000,-0.5612,0.173035
0.4667,0.2000,-0.4684,0.082870
0.4667,0.2000,-0.3701,0.098919
0.4667,0.2000,-0.2675,0.398880
0.4667,0.2000,-0.1618,0.707871
0.4667,0.2000,-0.0541,0.714736
0.4667,0.2000,0.0541,0.248691
0.4667,0.2000,0.1618,0.322066
0.4667,0.2000,0.2675,0.377373
0.4667,0.2000,0.3701,0.416171
0.4667,0.2000,0.4684,0.446046
0.4667,0.2000,0.5612,0.469796
0.4667,0.2000,0.6474,0.489139
0.4667,0.2000,0.7260,0.505195
0.4667,0.2000,0.7961,0.518730
0.4667,0.2000,0.8569,0.530282
0.4667,0.2000,0.9076,0.540247
0.4667,0.2000,0.9477,0.548918
0.4667,0.2000,0.9766,0.556519
0.4667,0.2000,0.9941,0.563223
0.4667,0.2000,1.0000,0.569168
0.4667,0.2533,-1.0000,0.547607
0.4667,0.2533,-0.9941,0.519062
0.4667,0.2533,-0.9766,0.478952
0.4667,0.2533,-0.9477,0.430873
0.4667,0.2533,-0.9076,0.360482
0.4667,0.2533,-0.8569,0.264252
0.4667,0.2533,-0.7961,0.160137
0.4667,0.2533,-0.7260,0.073153
0.4667,0.2533,-0.6474,0.036251
0.4667,0.2533,-0.5612,0.085723
0.4667,0.2533,-0.4684,0.268482
0.4667,0.2533,-0.3701,0.653630
0.4667,0.2533,-0.2675,0.845382
0.4667,0.2533,-0.1618,0.848348
0.4667,0.2533,-0.0541,0.684500
0.4667,0.2533,0.0541,0.298041
0.4667,0.2533,0.1618,0.345282
0.4667,0.2533,0.2675,0.381967
0.4667,0.2533,0.3701,0.411367
0.4667,0.2533,0.4684,0.435491
0.4667,0.2533,0.5612,0.455653
0.4667,0.2533,0.6474,0.472755
0.4667,0.2533,0.7260,0.487438
0.4667,0.2533,0.7961,0.500171
0.4667,0.2533,0.8569,0.511307
0.4667,0.2533,0.9076,0.521116
0.4667,0.2533,0.9477,0.529809
0.4667,0.2533,0.9766,0.537551
0.4667,0.2533,0.9941,0.544477
0.4667,0.2533,1.0000,0.550695
0.4667,0.3067,-1.0000,0.125113
0.4667,0.3067,-0.9941,0.055117
0.4667,0.3067,-0.9766,0.018401
0.4667,0.3067,-0.9477,0.014764
0.4667,0.3067,-0.9076,0.048175
0.4667,0.3067,-0.8569,0.143690
0.4667,0.3067,-0.7961,0.331269
0.4667,0.3067,-0.7260,0.648105
0.4667,0.3067,-0.6474,0.864693
0.4667,0.3067,-0.5612,0.926435
0.4667,0.3067,-0.4684,0.923720
0.4667,0.3067,-0.3701,0.901687
0.4667,0.3067,-0.2675,0.865574
0.4667,0.3067,-0.1618,0.799921
0.4667,0.3067,-0.0541,0.639334
0.4667,0.3067,0.0541,0.364069
0.4667,0.3067,0.1618,0.388347
0.4667,0.3067,0.2675,0.409217
0.4667,0.3067,0.3701,0.427353
0.4667,0.3067,0.4684,0.443252
0.4667,0.3067,0.5612,0.457296
0.4667,0.3067,0.6474,0.469781
0.4667,0.3067,0.7260,0.480942
0.4667,0.3067,0.7961,0.490965
0.4667,0.3067,0.8569,0.500003
0.4667,0.3067,0.9076,0.508182
0.4667,0.3067,0.9477,0.515603
0.4667,0.3067,0.9766,0.522353
0.4667,0.3067,0.9941,0.528505
0.4667,0.3067,1.0000,0.534119
0.4667,0.3600,-1.0000,0.970029
0.4667,0.3600,-0.9941,0.966978
0.4667,0.3600,-0.9766,0.963397
0.4667,0.3600,-0.9477,0.959172
0.4667,0.3600,-0.9076,0.954152
0.4667,0.3600,-0.8569,0.948132
0.4667,0.3600,-0.7961,0.940826
0.4667,0.3600,-0.7260,0.931828
0.4667,0.3600,-0.6474,0.920531
0.4667,0.3600,-0.5612,0.905996
0.4667,0.3600,-0.4684,0.886683
0.4667,0.3600,-0.3701,0.859863
0.4667,0.3600,-0.2675,0.820184
0.4667,0.3600,-0.1618,0.755333
0.4667,0.3600,-0.0541,0.611375
0.4667,0.3600,0.0541,0.449371
0.4667,0.3600,0.1618,0.458256
0.4667,0.3600,0.2675,0.466450
0.4667,0.3600,0.3701,0.474016
0.4667,0.3600,0.4684,0.481011
0.4667,0.3600,0.5612,0.487482
0.4667,0.3600,0.6474,0.493474
0.4667,0.3600,0.7260,0.499025
0.4667,0.3600,0.7961,0.504167
0.4667,0.3600,0.8569,0.508931
0.4667,0.3600,0.9076,0.513344
0.4667,0.3600,0.9477,0.517428
0.4667,0.3600,0.9766,0.521205
0.4667,0.3600,0.9941,0.524693
0.4667,0.3600,1.0000,0.527908
0.4667,0.4133,-1.0000,0.959548
0.4667,0.4133,-0.9941,0.956284
0.4667,0.4133,-0.9766,0.952377
0.4667,0.4133,-0.9477,0.947709
0.4667,0.4133,-0.9076,0.942131
0.4667,0.4133,-0.8569,0.935446
0.4667,0.4133,-0.7961,0.927392
0.4667,0.4133,-0.7260,0.917611
0.4667,0.4133,-0.6474,0.905607
0.4667,0.4133,-0.5612,0.890662
0.4667,0.4133,-0.4684,0.871701
0.4667,0.4133,-0.3701,0.847036
0.4667,0.4133,-0.2675,0.813838
0.4667,0.4133,-0.1618,0.758507
0.4667,0.4133,-0.0541,0.634057
0.4667,0.4133,0.0541,0.568109
0.4667,0.4133,0.1618,0.567840
0.4667,0.4133,0.2675,0.567464
0.4667,0.4133,0.3701,0.566984
0.4667,0.4133,0.4684,0.566407
0.4667,0.4133,0.5612,0.565737
0.4667,0.4133,0.6474,0.564978
0.4667,0.4133,0.7260,0.564136
0.4667,0.4133,0.7961,0.563214
0.4667,0.4133,0.8569,0.562215
0.4667,0.4133,0.9076,0.561143
0.4667,0.4133,0.9477,0.560002
0.4667,0.4133,0.9766,0.558794
0.4667,0.4133,0.9941,0.557523
0.4667,0.4133,1.0000,0.556190
0.4667,0.4667,-1.0000,1.052571
0.4667,0.4667,-0.9941,1.050238
0.4667,0.4667,-0.9766,1.048132
0.4667,0.4667,-0.9477,1.046259
0.4667,0.4667,-0.9076,1.044624
0.4667,0.4667,-0.8569,1.043229
0.4667,0.4667,-0.7961,1.042074
0.4667,0.4667,-0.7260,1.041158
0.4667,0.4667,-0.6474,1.040475
0.4667,0.4667,-0.5612,1.040022
0.4667,0.4667,-0.4684,1.039791
0.4667,0.4667,-0.3701,1.039774
0.4667,0.4667,-0.2675,1.039962
0.4667,0.4667,-0.1618,1.040345
0.4667,0.4667,-0.0541,1.040913
0.4667,0.4667,0.0541,1.041655
0.4667,0.4667,0.1618,1.042561
0.4667,0.4667,0.2675,1.043618
0.4667,0.4667,0.3701,1.044817
0.4667,0.4667,0.4684,1.046146
0.4667,0.4667,0.5612,1.047594
0.4667,0.4667,0.6474,1.049152
0.4667,0.4667,0.7260,1.050809
0.4667,0.4667,0.7961,1.052556
0.4667,0.4667,0.8569,1.054384
0.4667,0.4667,0.9076,1.056283
0.4667,0.4667,0.9477,1.058247
0.4667,0.4667,0.9766,1.060267
0.4667,0.4667,0.9941,1.062336
0.4667,0.4667,1.0000,1.064447
0.5200,0.2000,-1.0000,0.599934
0.5200,0.2000,-0.9941,0.596686
0.5200,0.2000,-0.9766,0.592885
0.5200,0.2000,-0.9477,0.588407
0.5200,0.2000,-0.9076,0.583086
0.5200,0.2000,-0.8569,0.571880
0.5200,0.2000,-0.7961,0.548673
0.5200,0.2000,-0.7260,0.508690
0.5200,0.2000,-0.6474,0.458502
0.5200,0.2000,-0.5612,0.346929
0.5200,0.2000,-0.4684,0.237700
0.5200,0.2000,-0.3701,0.138217
0.5200,0.2000,-0.2675,0.189501
0.5200,0.2000,-0.1618,0.582864
0.5200,0.2000,-0.0541,0.721609
0.5200,0.2000,0.0541,0.274817
0.5200,0.2000,0.1618,0.338088
0.5200,0.2000,0.2675,0.401272
0.5200,0.2000,0.3701,0.446815
0.5200,0.2000,0.4684,0.476747
0.5200,0.2000,0.5612,0.499771
0.5200,0.2000,0.6474,0.518039
0.5200,0.2000,0.7260,0.532884
0.5200,0.2000,0.7961,0.545178
0.5200,0.2000,0.8569,0.555517
0.5200,0.2000,0.9076,0.564323
0.5200,0.2000,0.9477,0.571901
0.5200,0.2000,0.9766,0.578482
0.5200,0.2000,0.9941,0.584239
0.5200,0.2000,1.0000,0.589306
0.5200,0.2533,-1.0000,0.582825
0.5200,0.2533,-0.9941,0.579131
0.5200,0.2533,-0.9766,0.570498
0.5200,0.2533,-0.9477,0.560903
0.5200,0.2533,-0.9076,0.524006
0.5200,0.2533,-0.8569,0.489217
0.5200,0.2533,-0.7961,0.426580
0.5200,0.2533,-0.7260,0.336917
0.5200,0.2533,-0.6474,0.228752
0.5200,0.2533,-0.5612,0.109217
0.5200,0.2533,-0.4684,0.078835
0.5200,0.2533,-0.3701,0.192652
0.5200,0.2533,-0.2675,0.579330
0.5200,0.2533,-0.1618,0.808147
0.5200,0.2533,-0.0541,0.727619
0.5200,0.2533,0.0541,0.290587
0.5200,0.2533,0.1618,0.354710
0.5200,0.2533,0.2675,0.399947
0.5200,0.2533,0.3701,0.433988
0.5200,0.2533,0.4684,0.460594
0.5200,0.2533,0.5612,0.481984
0.5200,0.2533,0.6474,0.499559
0.5200,0.2533,0.7260,0.514250
0.5200,0.2533,0.7961,0.526706
0.5200,0.2533,0.8569,0.537391
0.5200,0.2533,0.9076,0.546645
0.5200,0.2533,0.9477,0.554726
0.5200,0.2533,0.9766,0.561833
0.5200,0.2533,0.9941,0.568119
0.5200,0.2533,1.0000,0.573706
0.5200,0.3067,-1.0000,0.511519
0.5200,0.3067,-0.9941,0.467054
0.5200,0.3067,-0.9766,0.412493
0.5200,0.3067,-0.9477,0.323878
0.5200,0.3067,-0.9076,0.231830
0.5200,0.3067,-0.8569,0.137377
0.5200,0.3067,-0.7961,0.055125
0.5200,0.3067,-0.7260,0.041488
0.5200,0.3067,-0.6474,0.093522
0.5200,0.3067,-0.5612,0.255505
0.5200,0.3067,-0.4684,0.639537
0.5200,0.3067,-0.3701,0.861740
0.5200,0.3067,-0.2675,0.893290
0.5200,0.3067,-0.1618,0.840221
0.5200,0.3067,-0.0541,0.676625
0.5200,0.3067,0.0541,0.340392
0.5200,0.3067,0.1618,0.378341
0.5200,0.3067,0.2675,0.408650
0.5200,0.3067,0.3701,0.433457
0.5200,0.3067,0.4684,0.454152
0.5200,0.3067,0.5612,0.471681
0.5200,0.3067,0.6474,0.486714
0.5200,0.3067,0.7260,0.499742
0.5200,0.3067,0.7961,0.511129
0.5200,0.3067,0.8569,0.521158
0.5200,0.3067,0.9076,0.530045
0.5200,0.3067,0.9477,0.537963
0.5200,0.3067,0.9766,0.545050
0.5200,0.3067,0.9941,0.551416
0.5200,0.3067,1.0000,0.557155
0.5200,0.3600,-1.0000,0.009212
0.5200,0.3600,-0.9941,0.012894
0.5200,0.3600,-0.9766,0.047816
0.5200,0.3600,-0.9477,0.155444
0.5200,0.3600,-0.9076,0.269555
0.5200,0.3600,-0.8569,0.587220
0.5200,0.3600,-0.7961,0.839451
0.5200,0.3600,-0.7260,0.927007
0.5200,0.3600,-0.6474,0.940903
0.5200,0.3600,-0.5612,0.930312
0.5200,0.3600,-0.4684,0.913590
0.5200,0.3600,-0.3701,0.889586
0.5200,0.3600,-0.2675,0.852256
0.5200,0.3600,-0.1618,0.786018
0.5200,0.3600,-0.0541,0.632179
0.5200,0.3600,0.0541,0.398033
0.5200,0.3600,0.1618,0.417462
0.5200,0.3600,0.2675,0.434485
0.5200,0.3600,0.3701,0.449518
0.5200,0.3600,0.4684,0.462884
0.5200,0.3600,0.5612,0.474835
0.5200,0.3600,0.6474,0.485576
0.5200,0.3600,0.7260,0.495271
0.5200,0.3600,0.7961,0.504053
0.5200,0.3600,0.8569,0.512036
0.5200,0.3600,0.9076,0.519312
0.5200,0.3600,0.9477,0.525958
0.5200,0.3600,0.9766,0.532041
0.5200,0.3600,0.9941,0.537616
0.5200,0.3600,1.0000,0.542732
0.5200,0.4133,-1.0000,0.959530
0.5200,0.4133,-0.9941,0.956047
0.5200,0.4133,-0.9766,0.951995
0.5200,0.4133,-0.9477,0.947256
0.5200,0.4133,-0.9076,0.941668
0.5200,0.4133,-0.8569,0.935020
0.5200,0.4133,-0.7961,0.927014
0.5200,0.4133,-0.7260,0.917232
0.5200,0.4133,-0.6474,0.905057
0.5200,0.4133,-0.5612,0.889543
0.5200,0.4133,-0.4684,0.869160
0.5200,0.4133,-0.3701,0.841252
0.5200,0.4133,-0.2675,0.800730
0.5200,0.4133,-0.1618,0.736314
0.5200,0.4133,-0.0541,0.613324
0.5200,0.4133,0.0541,0.468489
0.5200,0.4133,0.1618,0.475810
0.5200,0.4133,0.2675,0.482633
0.5200,0.4133,0.3701,0.488996
0.5200,0.4133,0.4684,0.494933
0.5200,0.4133,0.5612,0.500476
0.5200,0.4133,0.6474,0.505651
0.5200,0.4133,0.7260,0.510483
0.5200,0.4133,0.7961,0.514995
0.5200,0.4133,0.8569,0.519205
0.5200,0.4133,0.9076,0.523131
0.5200,0.4133,0.9477,0.526791
0.5200,0.4133,0.9766,0.530197
0.5200,0.4133,0.9941,0.533363
0.5200,0.4133,1.0000,0.536300
0.5200,0.4667,-1.0000,0.938566
0.5200,0.4667,-0.9941,0.934566
0.5200,0.4667,-0.9766,0.929869
0.5200,0.4667,-0.9477,0.924355
0.5200,0.4667,-0.9076,0.917866
0.5200,0.4667,-0.8569,0.910199
0.5200,0.4667,-0.7961,0.901089
0.5200,0.4667,-0.7260,0.890176
0.5200,0.4667,-0.6474,0.876965
0.5200,0.4667,-0.5612,0.860754
0.5200,0.4667,-0.4684,0.840514
0.5200,0.4667,-0.3701,0.814659
0.5200,0.4667,-0.2675,0.780609
0.5200,0.4667,-0.1618,0.733811
0.5200,0.4667,-0.0541,0.636540
0.5200,0.4667,0.0541,0.570410
0.5200,0.4667,0.1618,0.569759
0.5200,0.4667,0.2675,0.569003
0.5200,0.4667,0.3701,0.568147
0.5200,0.4667,0.4684,0.567195
0.5200,0.4667,0.5612,0.566154
0.5200,0.4667,0.6474,0.565028
0.5200,0.4667,0.7260,0.563821
0.5200,0.4667,0.7961,0.562537
0.5200,0.4667,0.8569,0.561180
0.5200,0.4667,0.9076,0.559753
0.5200,0.4667,0.9477,0.558261
0.5200,0.4667,0.9766,0.556706
0.5200,0.4667,0.9941,0.555091
0.5200,0.4667,1.0000,0.553420
0.5200,0.5200,-1.0000,1.043520
0.5200,0.5200,-0.9941,1.041575
0.5200,0.5200,-0.9766,1.039827
0.5200,0.5200,-0.9477,1.038283
0.5200,0.5200,-0.9076,1.036946
0.5200,0.5200,-0.8569,1.035819
0.5200,0.5200,-0.7961,1.034901
0.5200,0.5200,-0.7260,1.034192
0.5200,0.5200,-0.6474,1.033688
0.5200,0.5200,-0.5612,1.033384
0.5200,0.5200,-0.4684,1.033273
0.5200,0.5200,-0.3701,1.033349
0.5200,0.5200,-0.2675,1.033603
0.5200,0.5200,-0.1618,1.034027
0.5200,0.5200,-0.0541,1.034610
0.5200,0.5200,0.0541,1.035343
0.5200,0.5200,0.1618,1.036215
0.5200,0.5200,0.2675,1.037218
0.5200,0.5200,0.3701,1.038340
0.5200,0.5200,0.4684,1.039571
0.5200,0.5200,0.5612,1.040903
0.5200,0.5200,0.6474,1.042324
0.5200,0.5200,0.7260,1.043828
0.5200,0.5200,0.7961,1.045404
0.5200,0.5200,0.8569,1.047045
0.5200,0.5200,0.9076,1.048743
0.5200,0.5200,0.9477,1.050490
0.5200,0.5200,0.9766,1.052280
0.5200,0.5200,0.9941,1.054106
0.5200,0.5200,1.0000,1.055963
0.5733,0.2000,-1.0000,0.611678
0.5733,0.2000,-0.9941,0.608896
0.5733,0.2000,-0.9766,0.605631
0.5733,0.2000,-0.9477,0.601779
0.5733,0.2000,-0.9076,0.597194
0.5733,0.2000,-0.8569,0.591705
0.5733,0.2000,-0.7961,0.580546
0.5733,0.2000,-0.7260,0.556151
0.5733,0.2000,-0.6474,0.516336
0.5733,0.2000,-0.5612,0.452072
0.5733,0.2000,-0.4684,0.353731
0.5733,0.2000,-0.3701,0.231027
0.5733,0.2000,-0.2675,0.188591
0.5733,0.2000,-0.1618,0.505996
0.5733,0.2000,-0.0541,0.719139
0.5733,0.2000,0.0541,0.315743
0.5733,0.2000,0.1618,0.347219
0.5733,0.2000,0.2675,0.423311
0.5733,0.2000,0.3701,0.470419
0.5733,0.2000,0.4684,0.501800
0.5733,0.2000,0.5612,0.523447
0.5733,0.2000,0.6474,0.540293
0.5733,0.2000,0.7260,0.553770
0.5733,0.2000,0.7961,0.564789
0.5733,0.2000,0.8569,0.573959
0.5733,0.2000,0.9076,0.581698
0.5733,0.2000,0.9477,0.588308
0.5733,0.2000,0.9766,0.594009
0.5733,0.2000,0.9941,0.598969
0.5733,0.2000,1.0000,0.603312
0.5733,0.2533,-1.0000,0.596923
0.5733,0.2533,-0.9941,0.593652
0.5733,0.2533,-0.9766,0.589850
0.5733,0.2533,-0.9477,0.585403
0.5733,0.2533,-0.9076,0.575931
0.5733,0.2533,-0.8569,0.561307
0.5733,0.2533,-0.7961,0.521533
0.5733,0.2533,-0.7260,0.473103
0.5733,0.2533,-0.6474,0.400716
0.5733,0.2533,-0.5612,0.300731
0.5733,0.2533,-0.4684,0.172794
0.5733,0.2533,-0.3701,0.131432
0.5733,0.2533,-0.2675,0.355780
0.5733,0.2533,-0.1618,0.704593
0.5733,0.2533,-0.0541,0.743478
0.5733,0.2533,0.0541,0.294838
0.5733,0.2533,0.1618,0.366755
0.5733,0.2533,0.2675,0.420896
0.5733,0.2533,0.3701,0.457151
0.5733,0.2533,0.4684,0.484380
0.5733,0.2533,0.5612,0.505605
0.5733,0.2533,0.6474,0.522618
0.5733,0.2533,0.7260,0.536555
0.5733,0.2533,0.7961,0.548174
0.5733,0.2533,0.8569,0.557998
0.5733,0.2533,0.9076,0.566404
0.5733,0.2533,0.9477,0.573667
0.5733,0.2533,0.9766,0.579995
0.5733,0.2533,0.9941,0.585547
0.5733,0.2533,1.0000,0.590447
0.5733,0.3067,-1.0000,0.581015
0.5733,0.3067,-0.9941,0.572937
0.5733,0.3067,-0.9766,0.557823
0.5733,0.3067,-0.9477,0.525683
0.5733,0.3067,-0.9076,0.487037
0.5733,0.3067,-0.8569,0.427755
0.5733,0.3067,-0.7961,0.338894
0.5733,0.3067,-0.7260,0.235915
0.5733,0.3067,-0.6474,0.120962
0.5733,0.3067,-0.5612,0.071134
0.5733,0.3067,-0.4684,0.148380
0.5733,0.3067,-0.3701,0.467526
0.5733,0.3067,-0.2675,0.793629
0.5733,0.3067,-0.1618,0.859506
0.5733,0.3067,-0.0541,0.719832
0.5733,0.3067,0.0541,0.331241
0.5733,0.3067,0.1618,0.382155
0.5733,0.3067,0.2675,0.419899
0.5733,0.3067,0.3701,0.449093
0.5733,0.3067,0.4684,0.472383
0.5733,0.3067,0.5612,0.491405
0.5733,0.3067,0.6474,0.507232
0.5733,0.3067,0.7260,0.520602
0.5733,0.3067,0.7961,0.532035
0.5733,0.3067,0.8569,0.541915
0.5733,0.3067,0.9076,0.550526
0.5733,0.3067,0.9477,0.558087
0.5733,0.3067,0.9766,0.564769
0.5733,0.3067,0.9941,0.570703
0.5733,0.3067,1.0000,0.575998
0.5733,0.3600,-1.0000,0.420321
0.5733,0.3600,-0.9941,0.338730
0.5733,0.3600,-0.9766,0.262401
0.5733,0.3600,-0.9477,0.170301
0.5733,0.3600,-0.9076,0.086796
0.5733,0.3600,-0.8569,0.043785
0.5733,0.3600,-0.7961,0.037222
0.5733,0.3600,-0.7260,0.123265
0.5733,0.3600,-0.6474,0.373431
0.5733,0.3600,-0.5612,0.705567
0.5733,0.3600,-0.4684,0.888506
0.5733,0.3600,-0.3701,0.914448
0.5733,0.3600,-0.2675,0.888228
0.5733,0.3600,-0.1618,0.827843
0.5733,0.3600,-0.0541,0.668356
0.5733,0.3600,0.0541,0.376997
0.5733,0.3600,0.1618,0.406942
0.5733,0.3600,0.2675,0.431568
0.5733,0.3600,0.3701,0.452193
0.5733,0.3600,0.4684,0.469722
0.5733,0.3600,0.5612,0.484800
0.5733,0.3600,0.6474,0.497901
0.5733,0.3600,0.7260,0.509381
0.5733,0.3600,0.7961,0.519513
0.5733,0.3600,0.8569,0.528512
0.5733,0.3600,0.9076,0.536547
0.5733,0.3600,0.9477,0.543752
0.5733,0.3600,0.9766,0.550240
0.5733,0.3600,0.9941,0.556100
0.5733,0.3600,1.0000,0.561407
0.5733,0.4133,-1.0000,0.104796
0.5733,0.4133,-0.9941,0.212742
0.5733,0.4133,-0.9766,0.403974
0.5733,0.4133,-0.9477,0.660299
0.5733,0.4133,-0.9076,0.876610
0.5733,0.4133,-0.8569,0.941374
0.5733,0.4133,-0.7961,0.950731
0.5733,0.4133,-0.7260,0.943637
0.5733,0.4133,-0.6474,0.933596
0.5733,0.4133,-0.5612,0.920549
0.5733,0.4133,-0.4684,0.902949
0.5733,0.4133,-0.3701,0.877954
0.5733,0.4133,-0.2675,0.839672
0.5733,0.4133,-0.1618,0.773395
0.5733,0.4133,-0.0541,0.627149
0.5733,0.4133,0.0541,0.426450
0.5733,0.4133,0.1618,0.441947
0.5733,0.4133,0.2675,0.455772
0.5733,0.4133,0.3701,0.468174
0.5733,0.4133,0.4684,0.479355
0.5733,0.4133,0.5612,0.489477
0.5733,0.4133,0.6474,0.498675
0.5733,0.4133,0.7260,0.507060
0.5733,0.4133,0.7961,0.514726
0.5733,0.4133,0.8569,0.521752
0.5733,0.4133,0.9076,0.528205
0.5733,0.4133,0.9477,0.534141
0.5733,0.4133,0.9766,0.539609
0.5733,0.4133,0.9941,0.544652
0.5733,0.4133,1.0000,0.549306
0.5733,0.4667,-1.0000,0.950529
0.5733,0.4667,-0.9941,0.946703
0.5733,0.4667,-0.9766,0.942278
0.5733,0.4667,-0.9477,0.937131
0.5733,0.4667,-0.9076,0.931098
0.5733,0.4667,-0.8569,0.923960
0.5733,0.4667,-0.7961,0.915416
0.5733,0.4667,-0.7260,0.905044
0.5733,0.4667,-0.6474,0.892227
0.5733,0.4667,-0.5612,0.876031
0.5733,0.4667,-0.4684,0.854964
0.5733,0.4667,-0.3701,0.826482
0.5733,0.4667,-0.2675,0.785825
0.5733,0.4667,-0.1618,0.722807
0.5733,0.4667,-0.0541,0.610097
0.5733,0.4667,0.0541,0.485315
0.5733,0.4667,0.1618,0.491359
0.5733,0.4667,0.2675,0.497047
0.5733,0.4667,0.3701,0.502401
0.5733,0.4667,0.4684,0.507441
0.5733,0.4667,0.5612,0.512184
0.5733,0.4667,0.6474,0.516649
0.5733,0.4667,0.7260,0.520849
0.5733,0.4667,0.7961,0.524799
0.5733,0.4667,0.8569,0.528511
0.5733,0.4667,0.9076,0.531998
0.5733,0.4667,0.9477,0.535268
0.5733,0.4667,0.9766,0.538332
0.5733,0.4667,0.9941,0.541198
0.5733,0.4667,1.0000,0.543874
0.5733,0.5200,-1.0000,0.924487
0.5733,0.5200,-0.9941,0.920049
0.5733,0.5200,-0.9766,0.914885
0.5733,0.5200,-0.9477,0.908874
0.5733,0.5200,-0.9076,0.901856
0.5733,0.5200,-0.8569,0.893631
0.5733,0.5200,-0.7961,0.883934
0.5733,0.5200,-0.7260,0.872412
0.5733,0.5200,-0.6474,0.858585
0.5733,0.5200,-0.5612,0.841780
0.5733,0.5200,-0.4684,0.821022
0.5733,0.5200,-0.3701,0.794840
0.5733,0.5200,-0.2675,0.760889
0.5733,0.5200,-0.1618,0.715149
0.5733,0.5200,-0.0541,0.636211
0.5733,0.5200,0.0541,0.573576
0.5733,0.5200,0.1618,0.572789
0.5733,0.5200,0.2675,0.571902
0.5733,0.5200,0.3701,0.570921
0.5733,0.5200,0.4684,0.569851
0.5733,0.5200,0.5612,0.568696
0.5733,0.5200,0.6474,0.567462
0.5733,0.5200,0.7260,0.566152
0.5733,0.5200,0.7961,0.564770
0.5733,0.5200,0.8569,0.563321
0.5733,0.5200,0.9076,0.561808
0.5733,0.5200,0.9477,0.560235
0.5733,0.5200,0.9766,0.558604
0.5733,0.5200,0.9941,0.556920
0.5733,0.5200,1.0000,0.555184
0.5733,0.5733,-1.0000,1.022356
0.5733,0.5733,-0.9941,1.020645
0.5733,0.5733,-0.9766,1.019108
0.5733,0.5733,-0.9477,1.017753
0.5733,0.5733,-0.9076,1.016584
0.5733,0.5733,-0.8569,1.015602
0.5733,0.5733,-0.7961,1.014807
0.5733,0.5733,-0.7260,1.014199
0.5733,0.5733,-0.6474,1.013773
0.5733,0.5733,-0.5612,1.013527
0.5733,0.5733,-0.4684,1.013454
0.5733,0.5733,-0.3701,1.013547
0.5733,0.5733,-0.2675,1.013799
0.5733,0.5733,-0.1618,1.014202
0.5733,0.5733,-0.0541,1.014748
0.5733,0.5733,0.0541,1.015426
0.5733,0.5733,0.1618,1.016229
0.5733,0.5733,0.2675,1.017146
0.5733,0.5733,0.3701,1.018169
0.5733,0.5733,0.4684,1.019289
0.5733,0.5733,0.5612,1.020497
0.5733,0.5733,0.6474,1.021783
0.5733,0.5733,0.7260,1.023141
0.5733,0.5733,0.7961,1.024561
0.5733,0.5733,0.8569,1.026038
0.5733,0.5733,0.9076,1.027563
0.5733,0.5733,0.9477,1.029131
0.5733,0.5733,0.9766,1.030734
0.5733,0.5733,0.9941,1.032367
0.5733,0.5733,1.0000,1.034026
0.6267,0.2000,-1.0000,0.619992
0.6267,0.2000,-0.9941,0.617569
0.6267,0.2000,-0.9766,0.614717
0.6267,0.2000,-0.9477,0.611344
0.6267,0.2000,-0.9076,0.607324
0.6267,0.2000,-0.8569,0.602442
0.6267,0.2000,-0.7961,0.596545
0.6267,0.2000,-0.7260,0.584413
0.6267,0.2000,-0.6474,0.557189
0.6267,0.2000,-0.5612,0.506531
0.6267,0.2000,-0.4684,0.429724
0.6267,0.2000,-0.3701,0.305368
0.6267,0.2000,-0.2675,0.220036
0.6267,0.2000,-0.1618,0.423189
0.6267,0.2000,-0.0541,0.707114
0.6267,0.2000,0.0541,0.365501
0.6267,0.2000,0.1618,0.363423
0.6267,0.2000,0.2675,0.439424
0.6267,0.2000,0.3701,0.485301
0.6267,0.2000,0.4684,0.520940
0.6267,0.2000,0.5612,0.541170
0.6267,0.2000,0.6474,0.556685
0.6267,0.2000,0.7260,0.568957
0.6267,0.2000,0.7961,0.578898
0.6267,0.2000,0.8569,0.587107
0.6267,0.2000,0.9076,0.593991
0.6267,0.2000,0.9477,0.599839
0.6267,0.2000,0.9766,0.604860
0.6267,0.2000,0.9941,0.609210
0.6267,0.2000,1.0000,0.613007
0.6267,0.2533,-1.0000,0.607188
0.6267,0.2533,-0.9941,0.604279
0.6267,0.2533,-0.9766,0.600888
0.6267,0.2533,-0.9477,0.596913
0.6267,0.2533,-0.9076,0.592215
0.6267,0.2533,-0.8569,0.582385
0.6267,0.2533,-0.7961,0.574119
0.6267,0.2533,-0.7260,0.532698
0.6267,0.2533,-0.6474,0.486605
0.6267,0.2533,-0.5612,0.407290
0.6267,0.2533,-0.4684,0.286702
0.6267,0.2533,-0.3701,0.181986
0.6267,0.2533,-0.2675,0.210158
0.6267,0.2533,-0.1618,0.594192
0.6267,0.2533,-0.0541,0.741145
0.6267,0.2533,0.0541,0.318241
0.6267,0.2533,0.1618,0.375235
0.6267,0.2533,0.2675,0.434076
0.6267,0.2533,0.3701,0.476641
0.6267,0.2533,0.4684,0.503641
0.6267,0.2533,0.5612,0.524189
0.6267,0.2533,0.6474,0.540353
0.6267,0.2533,0.7260,0.553395
0.6267,0.2533,0.7961,0.564133
0.6267,0.2533,0.8569,0.573119
0.6267,0.2533,0.9076,0.580739
0.6267,0.2533,0.9477,0.587273
0.6267,0.2533,0.9766,0.592929
0.6267,0.2533,0.9941,0.597863
0.6267,0.2533,1.0000,0.602196
0.6267,0.3067,-1.0000,0.592798
0.6267,0.3067,-0.9941,0.589478
0.6267,0.3067,-0.9766,0.585648
0.6267,0.3067,-0.9477,0.577084
0.6267,0.3067,-0.9076,0.568365
0.6267,0.3067,-0.8569,0.528664
0.6267,0.3067,-0.7961,0.489879
0.6267,0.3067,-0.7260,0.427468
0.6267,0.3067,-0.6474,0.324688
0.6267,0.3067,-0.5612,0.197014
0.6267,0.3067,-0.4684,0.109742
0.6267,0.3067,-0.3701,0.178627
0.6267,0.3067,-0.2675,0.535880
0.6267,0.3067,-0.1618,0.808320
0.6267,0.3067,-0.0541,0.747906
0.6267,0.3067,0.0541,0.323821
0.6267,0.3067,0.1618,0.389035
0.6267,0.3067,0.2675,0.432565
0.6267,0.3067,0.3701,0.464601
0.6267,0.3067,0.4684,0.489214
0.6267,0.3067,0.5612,0.508731
0.6267,0.3067,0.6474,0.524587
0.6267,0.3067,0.7260,0.537717
0.6267,0.3067,0.7961,0.548760
0.6267,0.3067,0.8569,0.558167
0.6267,0.3067,0.9076,0.566268
0.6267,0.3067,0.9477,0.573305
0.6267,0.3067,0.9766,0.579465
0.6267,0.3067,0.9941,0.584892
0.6267,0.3067,1.0000,0.589699
0.6267,0.3600,-1.0000,0.573421
0.6267,0.3600,-0.9941,0.542436
0.6267,0.3600,-0.9766,0.518259
0.6267,0.3600,-0.9477,0.480100
0.6267,0.3600,-0.9076,0.413571
0.6267,0.3600,-0.8569,0.320064
0.6267,0.3600,-0.7961,0.202789
0.6267,0.3600,-0.7260,0.105609
0.6267,0.3600,-0.6474,0.066574
0.6267,0.3600,-0.5612,0.130350
0.6267,0.3600,-0.4684,0.425668
0.6267,0.3600,-0.3701,0.755996
0.6267,0.3600,-0.2675,0.888727
0.6267,0.3600,-0.1618,0.859284
0.6267,0.3600,-0.0541,0.704929
0.6267,0.3600,0.0541,0.363405
0.6267,0.3600,0.1618,0.404087
0.6267,0.3600,0.2675,0.435449
0.6267,0.3600,0.3701,0.460413
0.6267,0.3600,0.4684,0.480772
0.6267,0.3600,0.5612,0.497695
0.6267,0.3600,0.6474,0.511981
0.6267,0.3600,0.7260,0.524193
0.6267,0.3600,0.7961,0.534744
0.6267,0.3600,0.8569,0.543940
0.6267,0.3600,0.9076,0.552016
0.6267,0.3600,0.9477,0.559155
0.6267,0.3600,0.9766,0.565500
0.6267,0.3600,0.9941,0.571164
0.6267,0.3600,1.0000,0.576241
0.6267,0.4133,-1.0000,0.244118
0.6267,0.4133,-0.9941,0.161916
0.6267,0.4133,-0.9766,0.074513
0.6267,0.4133,-0.9477,0.034677
0.6267,0.4133,-0.9076,0.028754
0.6267,0.4133,-0.8569,0.074569
0.6267,0.4133,-0.7961,0.211716
0.6267,0.4133,-0.7260,0.499649
0.6267,0.4133,-0.6474,0.807631
0.6267,0.4133,-0.5612,0.915545
0.6267,0.4133,-0.4684,0.929228
0.6267,0.4133,-0.3701,0.909697
0.6267,0.4133,-0.2675,0.875990
0.6267,0.4133,-0.1618,0.814020
0.6267,0.4133,-0.0541,0.658684
0.6267,0.4133,0.0541,0.404615
0.6267,0.4133,0.1618,0.428530
0.6267,0.4133,0.2675,0.448726
0.6267,0.4133,0.3701,0.466011
0.6267,0.4133,0.4684,0.480969
0.6267,0.4133,0.5612,0.494035
0.6267,0.4133,0.6474,0.505537
0.6267,0.4133,0.7260,0.515733
0.6267,0.4133,0.7961,0.524822
0.6267,0.4133,0.8569,0.532967
0.6267,0.4133,0.9076,0.540296
0.6267,0.4133,0.9477,0.546916
0.6267,0.4133,0.9766,0.552915
0.6267,0.4133,0.9941,0.558364
0.6267,0.4133,1.0000,0.563325
0.6267,0.4667,-1.0000,0.558511
0.6267,0.4667,-0.9941,0.787158
0.6267,0.4667,-0.9766,0.921443
0.6267,0.4667,-0.9477,0.954884
0.6267,0.4667,-0.9076,0.956085
0.6267,0.4667,-0.8569,0.950366
0.6267,0.4667,-0.7961,0.943450
0.6267,0.4667,-0.7260,0.934943
0.6267,0.4667,-0.6474,0.924255
0.6267,0.4667,-0.5612,0.910456
0.6267,0.4667,-0.4684,0.891991
0.6267,0.4667,-0.3701,0.866045
0.6267,0.4667,-0.2675,0.826904
0.6267,0.4667,-0.1618,0.760764
0.6267,0.4667,-0.0541,0.621741
0.6267,0.4667,0.0541,0.447438
0.6267,0.4667,0.1618,0.460039
0.6267,0.4667,0.2675,0.471457
0.6267,0.4667,0.3701,0.481845
0.6267,0.4667,0.4684,0.491327
0.6267,0.4667,0.5612,0.500010
0.6267,0.4667,0.6474,0.507981
0.6267,0.4667,0.7260,0.515316
0.6267,0.4667,0.7961,0.522080
0.6267,0.4667,0.8569,0.528328
0.6267,0.4667,0.9076,0.534108
0.6267,0.4667,0.9477,0.539461
0.6267,0.4667,0.9766,0.544424
0.6267,0.4667,0.9941,0.549028
0.6267,0.4667,1.0000,0.553299
0.6267,0.5200,-1.0000,0.942235
0.6267,0.5200,-0.9941,0.938113
0.6267,0.5200,-0.9766,0.933366
0.6267,0.5200,-0.9477,0.927868
0.6267,0.5200,-0.9076,0.921452
0.6267,0.5200,-0.8569,0.913896
0.6267,0.5200,-0.7961,0.904898
0.6267,0.5200,-0.7260,0.894036
0.6267,0.5200,-0.6474,0.880698
0.6267,0.5200,-0.5612,0.863969
0.6267,0.5200,-0.4684,0.842407
0.6267,0.5200,-0.3701,0.813593
0.6267,0.5200,-0.2675,0.773103
0.6267,0.5200,-0.1618,0.711770
0.6267,0.5200,-0.0541,0.606298
0.6267,0.5200,0.0541,0.498377
0.6267,0.5200,0.1618,0.503435
0.6267,0.5200,0.2675,0.508234
0.6267,0.5200,0.3701,0.512785
0.6267,0.5200,0.4684,0.517102
0.6267,0.5200,0.5612,0.521193
0.6267,0.5200,0.6474,0.525069
0.6267,0.5200,0.7260,0.528740
0.6267,0.5200,0.7961,0.532214
0.6267,0.5200,0.8569,0.535498
0.6267,0.5200,0.9076,0.538599
0.6267,0.5200,0.9477,0.541525
0.6267,0.5200,0.9766,0.544281
0.6267,0.5200,0.9941,0.546872
0.6267,0.5200,1.0000,0.549304
0.6267,0.5733,-1.0000,0.913926
0.6267,0.5733,-0.9941,0.909181
0.6267,0.5733,-0.9766,0.903688
0.6267,0.5733,-0.9477,0.897325
0.6267,0.5733,-0.9076,0.889934
0.6267,0.5733,-0.8569,0.881313
0.6267,0.5733,-0.7961,0.871203
0.6267,0.5733,-0.7260,0.859257
0.6267,0.5733,-0.6474,0.845010
0.6267,0.5733,-0.5612,0.827815
0.6267,0.5733,-0.4684,0.806745
0.6267,0.5733,-0.3701,0.780424
0.6267,0.5733,-0.2675,0.746693
0.6267,0.5733,-0.1618,0.701940
0.6267,0.5733,-0.0541,0.632727
0.6267,0.5733,0.0541,0.574324
0.6267,0.5733,0.1618,0.573625
0.6267,0.5733,0.2675,0.572834
0.6267,0.5733,0.3701,0.571957
0.6267,0.5733,0.4684,0.570998
0.6267,0.5733,0.5612,0.569962
0.6267,0.5733,0.6474,0.568853
0.6267,0.5733,0.7260,0.567675
0.6267,0.5733,0.7961,0.566433
0.6267,0.5733,0.8569,0.565129
0.6267,0.5733,0.9076,0.563767
0.6267,0.5733,0.9477,0.562351
0.6267,0.5733,0.9766,0.560885
0.6267,0.5733,0.9941,0.559370
0.6267,0.5733,1.0000,0.557811
0.6267,0.6267,-1.0000,1.010043
0.6267,0.6267,-0.9941,1.008417
0.6267,0.6267,-0.9766,1.006958
0.6267,0.6267,-0.9477,1.005672
0.6267,0.6267,-0.9076,1.004563
0.6267,0.6267,-0.8569,1.003631
0.6267,0.6267,-0.7961,1.002879
0.6267,0.6267,-0.7260,1.002304
0.6267,0.6267,-0.6474,1.001904
0.6267,0.6267,-0.5612,1.001674
0.6267,0.6267,-0.4684,1.001609
0.6267,0.6267,-0.3701,1.001702
0.6267,0.6267,-0.2675,1.001948
0.6267,0.6267,-0.1618,1.002337
0.6267,0.6267,-0.0541,1.002861
0.6267,0.6267,0.0541,1.003512
0.6267,0.6267,0.1618,1.004281
0.6267,0.6267,0.2675,1.005160
0.6267,0.6267,0.3701,1.006139
0.6267,0.6267,0.4684,1.007209
0.6267,0.6267,0.5612,1.008363
0.6267,0.6267,0.6474,1.009592
0.6267,0.6267,0.7260,1.010888
0.6267,0.6267,0.7961,1.012244
0.6267,0.6267,0.8569,1.013652
0.6267,0.6267,0.9076,1.015107
0.6267,0.6267,0.9477,1.016601
0.6267,0.6267,0.9766,1.018129
0.6267,0.6267,0.9941,1.019685
0.6267,0.6267,1.0000,1.021264
0.6800,0.2000,-1.0000,0.626059
0.6800,0.2000,-0.9941,0.623911
0.6800,0.2000,-0.9766,0.621379
0.6800,0.2000,-0.9477,0.618377
0.6800,0.2000,-0.9076,0.614790
0.6800,0.2000,-0.8569,0.610462
0.6800,0.2000,-0.7961,0.605160
0.6800,0.2000,-0.7260,0.593935
0.6800,0.2000,-0.6474,0.578904
0.6800,0.2000,-0.5612,0.525621
0.6800,0.2000,-0.4684,0.469289
0.6800,0.2000,-0.3701,0.358189
0.6800,0.2000,-0.2675,0.260955
0.6800,0.2000,-0.1618,0.398583
0.6800,0.2000,-0.0541,0.699041
0.6800,0.2000,0.0541,0.387603
0.6800,0.2000,0.1618,0.365042
0.6800,0.2000,0.2675,0.445919
0.6800,0.2000,0.3701,0.498271
0.6800,0.2000,0.4684,0.533597
0.6800,0.2000,0.5612,0.554564
0.6800,0.2000,0.6474,0.568932
0.6800,0.2000,0.7260,0.580198
0.6800,0.2000,0.7961,0.589263
0.6800,0.2000,0.8569,0.596706
0.6800,0.2000,0.9076,0.602919
0.6800,0.2000,0.9477,0.608176
0.6800,0.2000,0.9766,0.612674
0.6800,0.2000,0.9941,0.616560
0.6800,0.2000,1.0000,0.619943
0.6800,0.2533,-1.0000,0.614813
0.6800,0.2533,-0.9941,0.612202
0.6800,0.2533,-0.9766,0.609149
0.6800,0.2533,-0.9477,0.605561
0.6800,0.2533,-0.9076,0.601312
0.6800,0.2533,-0.8569,0.596224
0.6800,0.2533,-0.7961,0.585680
0.6800,0.2533,-0.7260,0.570992
0.6800,0.2533,-0.6474,0.519387
0.6800,0.2533,-0.5612,0.471202
0.6800,0.2533,-0.4684,0.368401
0.6800,0.2533,-0.3701,0.252353
0.6800,0.2533,-0.2675,0.213884
0.6800,0.2533,-0.1618,0.523021
0.6800,0.2533,-0.0541,0.740663
0.6800,0.2533,0.0541,0.348682
0.6800,0.2533,0.1618,0.375265
0.6800,0.2533,0.2675,0.446833
0.6800,0.2533,0.3701,0.489896
0.6800,0.2533,0.4684,0.518951
0.6800,0.2533,0.5612,0.538660
0.6800,0.2533,0.6474,0.553942
0.6800,0.2533,0.7260,0.566133
0.6800,0.2533,0.7961,0.576076
0.6800,0.2533,0.8569,0.584333
0.6800,0.2533,0.9076,0.591289
0.6800,0.2533,0.9477,0.597222
0.6800,0.2533,0.9766,0.602333
0.6800,0.2533,0.9941,0.606773
0.6800,0.2533,1.0000,0.610658
0.6800,0.3067,-1.0000,0.601846
0.6800,0.3067,-0.9941,0.598802
0.6800,0.3067,-0.9766,0.595274
0.6800,0.3067,-0.9477,0.591157
0.6800,0.3067,-0.9076,0.585436
0.6800,0.3067,-0.8569,0.575626
0.6800,0.3067,-0.7961,0.545867
0.6800,0.3067,-0.7260,0.500979
0.6800,0.3067,-0.6474,0.441444
0.6800,0.3067,-0.5612,0.333689
0.6800,0.3067,-0.4684,0.210567
0.6800,0.3067,-0.3701,0.151282
0.6800,0.3067,-0.2675,0.376244
0.6800,0.3067,-0.1618,0.727124
0.6800,0.3067,-0.0541,0.760915
0.6800,0.3067,0.0541,0.317473
0.6800,0.3067,0.1618,0.392200
0.6800,0.3067,0.2675,0.444579
0.6800,0.3067,0.3701,0.478385
0.6800,0.3067,0.4684,0.503549
0.6800,0.3067,0.5612,0.523036
0.6800,0.3067,0.6474,0.538572
0.6800,0.3067,0.7260,0.551243
0.6800,0.3067,0.7961,0.561766
0.6800,0.3067,0.8569,0.570636
0.6800,0.3067,0.9076,0.578204
0.6800,0.3067,0.9477,0.584727
0.6800,0.3067,0.9766,0.590399
0.6800,0.3067,0.9941,0.595366
0.6800,0.3067,1.0000,0.599743
0.6800,0.3600,-1.0000,0.587880
0.6800,0.3600,-0.9941,0.584488
0.6800,0.3600,-0.9766,0.576415
0.6800,0.3600,-0.9477,0.551836
0.6800,0.3600,-0.9076,0.522701
0.6800,0.3600,-0.8569,0.488026
0.6800,0.3600,-0.7961,0.423777
0.6800,0.3600,-0.7260,0.317091
0.6800,0.3600,-0.6474,0.197056
0.6800,0.3600,-0.5612,0.101541
0.6800,0.3600,-0.4684,0.133028
0.6800,0.3600,-0.3701,0.404199
0.6800,0.3600,-0.2675,0.759918
0.6800,0.3600,-0.1618,0.862317
0.6800,0.3600,-0.0541,0.736959
0.6800,0.3600,0.0541,0.352802
0.6800,0.3600,0.1618,0.404128
0.6800,0.3600,0.2675,0.441311
0.6800,0.3600,0.3701,0.469578
0.6800,0.3600,0.4684,0.491823
0.6800,0.3600,0.5612,0.509792
0.6800,0.3600,0.6474,0.524608
0.6800,0.3600,0.7260,0.537027
0.6800,0.3600,0.7961,0.547578
0.6800,0.3600,0.8569,0.556644
0.6800,0.3600,0.9076,0.564507
0.6800,0.3600,0.9477,0.571382
0.6800,0.3600,0.9766,0.577433
0.6800,0.3600,0.9941,0.582790
0.6800,0.3600,1.0000,0.587555
0.6800,0.4133,-1.0000,0.523053
0.6800,0.4133,-0.9941,0.485909
0.6800,0.4133,-0.9766,0.434348
0.6800,0.4133,-0.9477,0.344584
0.6800,0.4133,-0.9076,0.253322
0.6800,0.4133,-0.8569,0.153262
0.6800,0.4133,-0.7961,0.071661
0.6800,0.4133,-0.7260,0.052266
0.6800,0.4133,-0.6474,0.138579
0.6800,0.4133,-0.5612,0.412321
0.6800,0.4133,-0.4684,0.756992
0.6800,0.4133,-0.3701,0.899716
0.6800,0.4133,-0.2675,0.901710
0.6800,0.4133,-0.1618,0.846051
0.6800,0.4133,-0.0541,0.689983
0.6800,0.4133,0.0541,0.387511
0.6800,0.4133,0.1618,0.420491
0.6800,0.4133,0.2675,0.446813
0.6800,0.4133,0.3701,0.468331
0.6800,0.4133,0.4684,0.486257
0.6800,0.4133,0.5612,0.501419
0.6800,0.4133,0.6474,0.514403
0.6800,0.4133,0.7260,0.525640
0.6800,0.4133,0.7961,0.535451
0.6800,0.4133,0.8569,0.544080
0.6800,0.4133,0.9076,0.551720
0.6800,0.4133,0.9477,0.558520
0.6800,0.4133,0.9766,0.564601
0.6800,0.4133,0.9941,0.570061
0.6800,0.4133,1.0000,0.574979
0.6800,0.4667,-1.0000,0.058344
0.6800,0.4667,-0.9941,0.022028
0.6800,0.4667,-0.9766,0.021186
0.6800,0.4667,-0.9477,0.056260
0.6800,0.4667,-0.9076,0.173669
0.6800,0.4667,-0.8569,0.388851
0.6800,0.4667,-0.7961,0.698757
0.6800,0.4667,-0.7260,0.892533
0.6800,0.4667,-0.6474,0.941159
0.6800,0.4667,-0.5612,0.936481
0.6800,0.4667,-0.4684,0.920847
0.6800,0.4667,-0.3701,0.898308
0.6800,0.4667,-0.2675,0.863007
0.6800,0.4667,-0.1618,0.799586
0.6800,0.4667,-0.0541,0.648432
0.6800,0.4667,0.0541,0.424535
0.6800,0.4667,0.1618,0.444079
0.6800,0.4667,0.2675,0.460961
0.6800,0.4667,0.3701,0.475687
0.6800,0.4667,0.4684,0.488640
0.6800,0.4667,0.5612,0.500114
0.6800,0.4667,0.6474,0.510341
0.6800,0.4667,0.7260,0.519504
0.6800,0.4667,0.7961,0.527753
0.6800,0.4667,0.8569,0.535207
0.6800,0.4667,0.9076,0.541968
0.6800,0.4667,0.9477,0.548116
0.6800,0.4667,0.9766,0.553723
0.6800,0.4667,0.9941,0.558846
0.6800,0.4667,1.0000,0.563534
0.6800,0.5200,-1.0000,0.953100
0.6800,0.5200,-0.9941,0.961106
0.6800,0.5200,-0.9766,0.958193
0.6800,0.5200,-0.9477,0.953798
0.6800,0.5200,-0.9076,0.948632
0.6800,0.5200,-0.8569,0.942492
0.6800,0.5200,-0.7961,0.935095
0.6800,0.5200,-0.7260,0.926037
0.6800,0.5200,-0.6474,0.914713
0.6800,0.5200,-0.5612,0.900182
0.6800,0.5200,-0.4684,0.880890
0.6800,0.5200,-0.3701,0.854062
0.6800,0.5200,-0.2675,0.814182
0.6800,0.5200,-0.1618,0.748331
0.6800,0.5200,-0.0541,0.615961
0.6800,0.5200,0.0541,0.462413
0.6800,0.5200,0.1618,0.472915
0.6800,0.5200,0.2675,0.482557
0.6800,0.5200,0.3701,0.491434
0.6800,0.5200,0.4684,0.499625
0.6800,0.5200,0.5612,0.507199
0.6800,0.5200,0.6474,0.514217
0.6800,0.5200,0.7260,0.520729
0.6800,0.5200,0.7961,0.526780
0.6800,0.5200,0.8569,0.532409
0.6800,0.5200,0.9076,0.537652
0.6800,0.5200,0.9477,0.542537
0.6800,0.5200,0.9766,0.547092
0.6800,0.5200,0.9941,0.551340
0.6800,0.5200,1.0000,0.555301
0.6800,0.5733,-1.0000,0.934569
0.6800,0.5733,-0.9941,0.930190
0.6800,0.5733,-0.9766,0.925165
0.6800,0.5733,-0.9477,0.919363
0.6800,0.5733,-0.9076,0.912617
0.6800,0.5733,-0.8569,0.904704
0.6800,0.5733,-0.7961,0.895321
0.6800,0.5733,-0.7260,0.884048
0.6800,0.5733,-0.6474,0.870286
0.6800,0.5733,-0.5612,0.853140
0.6800,0.5733,-0.4684,0.831225
0.6800,0.5733,-0.3701,0.802247
0.6800,0.5733,-0.2675,0.762105
0.6800,0.5733,-0.1618,0.702549
0.6800,0.5733,-0.0541,0.603607
0.6800,0.5733,0.0541,0.508523
0.6800,0.5733,0.1618,0.512792
0.6800,0.5733,0.2675,0.516867
0.6800,0.5733,0.3701,0.520754
0.6800,0.5733,0.4684,0.524461
0.6800,0.5733,0.5612,0.527993
0.6800,0.5733,0.6474,0.531356
0.6800,0.5733,0.7260,0.534555
0.6800,0.5733,0.7961,0.537596
0.6800,0.5733,0.8569,0.540483
0.6800,0.5733,0.9076,0.543220
0.6800,0.5733,0.9477,0.545812
0.6800,0.5733,0.9766,0.548262
0.6800,0.5733,0.9941,0.550574
0.6800,0.5733,1.0000,0.552749
0.6800,0.6267,-1.0000,0.905689
0.6800,0.6267,-0.9941,0.900721
0.6800,0.6267,-0.9766,0.894987
0.6800,0.6267,-0.9477,0.888363
0.6800,0.6267,-0.9076,0.880694
0.6800,0.6267,-0.8569,0.871781
0.6800,0.6267,-0.7961,0.861365
0.6800,0.6267,-0.7260,0.849111
0.6800,0.6267,-0.6474,0.834566
0.6800,0.6267,-0.5612,0.817107
0.6800,0.6267,-0.4684,0.795854
0.6800,0.6267,-0.3701,0.769513
0.6800,0.6267,-0.2675,0.736086
0.6800,0.6267,-0.1618,0.692298
0.6800,0.6267,-0.0541,0.629544
0.6800,0.6267,0.0541,0.574590
0.6800,0.6267,0.1618,0.573994
0.6800,0.6267,0.2675,0.573315
0.6800,0.6267,0.3701,0.572556
0.6800,0.6267,0.4684,0.571723
0.6800,0.6267,0.5612,0.570819
0.6800,0.6267,0.6474,0.569849
0.6800,0.6267,0.7260,0.568816
0.6800,0.6267,0.7961,0.567724
0.6800,0.6267,0.8569,0.566578
0.6800,0.6267,0.9076,0.565380
0.6800,0.6267,0.9477,0.564134
0.6800,0.6267,0.9766,0.562842
0.6800,0.6267,0.9941,0.561508
0.6800,0.6267,1.0000,0.560135
0.6800,0.6800,-1.0000,1.008704
0.6800,0.6800,-0.9941,1.007072
0.6800,0.6800,-0.9766,1.005607
0.6800,0.6800,-0.9477,1.004316
0.6800,0.6800,-0.9076,1.003202
0.6800,0.6800,-0.8569,1.002268
0.6800,0.6800,-0.7961,1.001513
0.6800,0.6800,-0.7260,1.000937
0.6800,0.6800,-0.6474,1.000535
0.6800,0.6800,-0.5612,1.000305
0.6800,0.6800,-0.4684,1.000240
0.6800,0.6800,-0.3701,1.000335
0.6800,0.6800,-0.2675,1.000582
0.6800,0.6800,-0.1618,1.000973
0.6800,0.6800,-0.0541,1.001500
0.6800,0.6800,0.0541,1.002154
0.6800,0.6800,0.1618,1.002927
0.6800,0.6800,0.2675,1.003809
0.6800,0.6800,0.3701,1.004793
0.6800,0.6800,0.4684,1.005868
0.6800,0.6800,0.5612,1.007027
0.6800,0.6800,0.6474,1.008262
0.6800,0.6800,0.7260,1.009564
0.6800,0.6800,0.7961,1.010927
0.6800,0.6800,0.8569,1.012342
0.6800,0.6800,0.9076,1.013803
0.6800,0.6800,0.9477,1.015305
0.6800,0.6800,0.9766,1.016840
0.6800,0.6800,0.9941,1.018404
0.6800,0.6800,1.0000,1.019991
0.7333,0.2000,-1.0000,0.630631
0.7333,0.2000,-0.9941,0.628699
0.7333,0.2000,-0.9766,0.626417
0.7333,0.2000,-0.9477,0.623708
0.7333,0.2000,-0.9076,0.620463
0.7333,0.2000,-0.8569,0.616539
0.7333,0.2000,-0.7961,0.611716
0.7333,0.2000,-0.7260,0.605623
0.7333,0.2000,-0.6474,0.588089
0.7333,0.2000,-0.5612,0.556199
0.7333,0.2000,-0.4684,0.487001
0.7333,0.2000,-0.3701,0.384489
0.7333,0.2000,-0.2675,0.268746
0.7333,0.2000,-0.1618,0.347411
0.7333,0.2000,-0.0541,0.687578
0.7333,0.2000,0.0541,0.417181
0.7333,0.2000,0.1618,0.376625
0.7333,0.2000,0.2675,0.451652
0.7333,0.2000,0.3701,0.510325
0.7333,0.2000,0.4684,0.543146
0.7333,0.2000,0.5612,0.564919
0.7333,0.2000,0.6474,0.578316
0.7333,0.2000,0.7260,0.588753
0.7333,0.2000,0.7961,0.597106
0.7333,0.2000,0.8569,0.603936
0.7333,0.2000,0.9076,0.609616
0.7333,0.2000,0.9477,0.614409
0.7333,0.2000,0.9766,0.618500
0.7333,0.2000,0.9941,0.622026
0.7333,0.2000,1.0000,0.625091
0.7333,0.2533,-1.0000,0.620634
0.7333,0.2533,-0.9941,0.618266
0.7333,0.2533,-0.9766,0.615491
0.7333,0.2533,-0.9477,0.612221
0.7333,0.2533,-0.9076,0.608339
0.7333,0.2533,-0.8569,0.603638
0.7333,0.2533,-0.7961,0.597976
0.7333,0.2533,-0.7260,0.586126
0.7333,0.2533,-0.6474,0.559673
0.7333,0.2533,-0.5612,0.504943
0.7333,0.2533,-0.4684,0.422830
0.7333,0.2533,-0.3701,0.305953
0.7333,0.2533,-0.2675,0.217613
0.7333,0.2533,-0.1618,0.462033
0.7333,0.2533,-0.0541,0.729362
0.7333,0.2533,0.0541,0.357793
0.7333,0.2533,0.1618,0.384669
0.7333,0.2533,0.2675,0.459209
0.7333,0.2533,0.3701,0.499838
0.7333,0.2533,0.4684,0.531246
0.7333,0.2533,0.5612,0.550097
0.7333,0.2533,0.6474,0.564551
0.7333,0.2533,0.7260,0.575979
0.7333,0.2533,0.7961,0.585235
0.7333,0.2533,0.8569,0.592875
0.7333,0.2533,0.9076,0.599281
0.7333,0.2533,0.9477,0.604721
0.7333,0.2533,0.9766,0.609391
0.7333,0.2533,0.9941,0.613436
0.7333,0.2533,1.0000,0.616967
0.7333,0.3067,-1.0000,0.608937
0.7333,0.3067,-0.9941,0.606132
0.7333,0.3067,-0.9766,0.602873
0.7333,0.3067,-0.9477,0.599065
0.7333,0.3067,-0.9076,0.594575
0.7333,0.3067,-0.8569,0.588081
0.7333,0.3067,-0.7961,0.577683
0.7333,0.3067,-0.7260,0.546499
0.7333,0.3067,-0.6474,0.490456
0.7333,0.3067,-0.5612,0.414245
0.7333,0.3067,-0.4684,0.297252
0.7333,0.3067,-0.3701,0.188324
0.7333,0.3067,-0.2675,0.259096
0.7333,0.3067,-0.1618,0.645507
0.7333,0.3067,-0.0541,0.770315
0.7333,0.3067,0.0541,0.340314
0.7333,0.3067,0.1618,0.394795
0.7333,0.3067,0.2675,0.450060
0.7333,0.3067,0.3701,0.490423
0.7333,0.3067,0.4684,0.515659
0.7333,0.3067,0.5612,0.534833
0.7333,0.3067,0.6474,0.549895
0.7333,0.3067,0.7260,0.562034
0.7333,0.3067,0.7961,0.572018
0.7333,0.3067,0.8569,0.580365
0.7333,0.3067,0.9076,0.587438
0.7333,0.3067,0.9477,0.593500
0.7333,0.3067,0.9766,0.598743
0.7333,0.3067,0.9941,0.603315
0.7333,0.3067,1.0000,0.607328
0.7333,0.3600,-1.0000,0.595950
0.7333,0.3600,-0.9941,0.592775
0.7333,0.3600,-0.9766,0.589109
0.7333,0.3600,-0.9477,0.583758
0.7333,0.3600,-0.9076,0.575050
0.7333,0.3600,-0.8569,0.545484
0.7333,0.3600,-0.7961,0.504190
0.7333,0.3600,-0.7260,0.452129
0.7333,0.3600,-0.6474,0.347043
0.7333,0.3600,-0.5612,0.231794
0.7333,0.3600,-0.4684,0.130284
0.7333,0.3600,-0.3701,0.177942
0.7333,0.3600,-0.2675,0.550823
0.7333,0.3600,-0.1618,0.812540
0.7333,0.3600,-0.0541,0.757648
0.7333,0.3600,0.0541,0.345742
0.7333,0.3600,0.1618,0.404973
0.7333,0.3600,0.2675,0.448089
0.7333,0.3600,0.3701,0.478754
0.7333,0.3600,0.4684,0.502165
0.7333,0.3600,0.5612,0.520635
0.7333,0.3600,0.6474,0.535578
0.7333,0.3600,0.7260,0.547909
0.7333,0.3600,0.7961,0.558250
0.7333,0.3600,0.8569,0.567037
0.7333,0.3600,0.9076,0.574586
0.7333,0.3600,0.9477,0.581132
0.7333,0.3600,0.9766,0.586853
0.7333,0.3600,0.9941,0.591885
0.7333,0.3600,1.0000,0.596337
0.7333,0.4133,-1.0000,0.578776
0.7333,0.4133,-0.9941,0.573717
0.7333,0.4133,-0.9766,0.544374
0.7333,0.4133,-0.9477,0.510127
0.7333,0.4133,-0.9076,0.471929
0.7333,0.4133,-0.8569,0.392527
0.7333,0.4133,-0.7961,0.294577
0.7333,0.4133,-0.7260,0.179129
0.7333,0.4133,-0.6474,0.095959
0.7333,0.4133,-0.5612,0.104689
0.7333,0.4133,-0.4684,0.306806
0.7333,0.4133,-0.3701,0.686178
0.7333,0.4133,-0.2675,0.874942
0.7333,0.4133,-0.1618,0.867416
0.7333,0.4133,-0.0541,0.718160
0.7333,0.4133,0.0541,0.373379
0.7333,0.4133,0.1618,0.415717
0.7333,0.4133,0.2675,0.447687
0.7333,0.4133,0.3701,0.472735
0.7333,0.4133,0.4684,0.492906
0.7333,0.4133,0.5612,0.509501
0.7333,0.4133,0.6474,0.523388
0.7333,0.4133,0.7260,0.535173
0.7333,0.4133,0.7961,0.545290
0.7333,0.4133,0.8569,0.554061
0.7333,0.4133,0.9076,0.561727
0.7333,0.4133,0.9477,0.568474
0.7333,0.4133,0.9766,0.574448
0.7333,0.4133,0.9941,0.579765
0.7333,0.4133,1.0000,0.584516
0.7333,0.4667,-1.0000,0.437765
0.7333,0.4667,-0.9941,0.352892
0.7333,0.4667,-0.9766,0.268110
0.7333,0.4667,-0.9477,0.173665
0.7333,0.4667,-0.9076,0.077190
0.7333,0.4667,-0.8569,0.047716
0.7333,0.4667,-0.7961,0.058775
0.7333,0.4667,-0.7260,0.170550
0.7333,0.4667,-0.6474,0.457429
0.7333,0.4667,-0.5612,0.778997
0.7333,0.4667,-0.4684,0.907478
0.7333,0.4667,-0.3701,0.918713
0.7333,0.4667,-0.2675,0.889754
0.7333,0.4667,-0.1618,0.830682
0.7333,0.4667,-0.0541,0.675467
0.7333,0.4667,0.0541,0.405419
0.7333,0.4667,0.1618,0.432695
0.7333,0.4667,0.2675,0.455113
0.7333,0.4667,0.3701,0.473874
0.7333,0.4667,0.4684,0.489806
0.7333,0.4667,0.5612,0.503498
0.7333,0.4667,0.6474,0.515385
0.7333,0.4667,0.7260,0.525793
0.7333,0.4667,0.7961,0.534972
0.7333,0.4667,0.8569,0.543119
0.7333,0.4667,0.9076,0.550387
0.7333,0.4667,0.9477,0.556902
0.7333,0.4667,0.9766,0.562765
0.7333,0.4667,0.9941,0.568058
0.7333,0.4667,1.0000,0.572850
0.7333,0.5200,-1.0000,0.020030
0.7333,0.5200,-0.9941,0.062349
0.7333,0.5200,-0.9766,0.176693
0.7333,0.5200,-0.9477,0.305028
0.7333,0.5200,-0.9076,0.616999
0.7333,0.5200,-0.8569,0.858062
0.7333,0.5200,-0.7961,0.939715
0.7333,0.5200,-0.7260,0.948089
0.7333,0.5200,-0.6474,0.939500
0.7333,0.5200,-0.5612,0.927200
0.7333,0.5200,-0.4684,0.910547
0.7333,0.5200,-0.3701,0.886761
0.7333,0.5200,-0.2675,0.850008
0.7333,0.5200,-0.1618,0.785433
0.7333,0.5200,-0.0541,0.638590
0.7333,0.5200,0.0541,0.439084
0.7333,0.5200,0.1618,0.455434
0.7333,0.5200,0.2675,0.469824
0.7333,0.5200,0.3701,0.482581
0.7333,0.5200,0.4684,0.493962
0.7333,0.5200,0.5612,0.504169
0.7333,0.5200,0.6474,0.513368
0.7333,0.5200,0.7260,0.521692
0.7333,0.5200,0.7961,0.529251
0.7333,0.5200,0.8569,0.536137
0.7333,0.5200,0.9076,0.542427
0.7333,0.5200,0.9477,0.548186
0.7333,0.5200,0.9766,0.553468
0.7333,0.5200,0.9941,0.558320
0.7333,0.5200,1.0000,0.562783
0.7333,0.5733,-1.0000,0.958966
0.7333,0.5733,-0.9941,0.955450
0.7333,0.5733,-0.9766,0.951395
0.7333,0.5733,-0.9477,0.946682
0.7333,0.5733,-0.9076,0.941157
0.7333,0.5733,-0.8569,0.934611
0.7333,0.5733,-0.7961,0.926754
0.7333,0.5733,-0.7260,0.917170
0.7333,0.5733,-0.6474,0.905247
0.7333,0.5733,-0.5612,0.890039
0.7333,0.5733,-0.4684,0.869997
0.7333,0.5733,-0.3701,0.842401
0.7333,0.5733,-0.2675,0.801946
0.7333,0.5733,-0.1618,0.736568
0.7333,0.5733,-0.0541,0.610343
0.7333,0.5733,0.0541,0.473299
0.7333,0.5733,0.1618,0.482250
0.7333,0.5733,0.2675,0.490559
0.7333,0.5733,0.3701,0.498285
0.7333,0.5733,0.4684,0.505480
0.7333,0.5733,0.5612,0.512190
0.7333,0.5733,0.6474,0.518455
0.7333,0.5733,0.7260,0.524312
0.7333,0.5733,0.7961,0.529791
0.7333,0.5733,0.8569,0.534921
0.7333,0.5733,0.9076,0.539726
0.7333,0.5733,0.9477,0.544228
0.7333,0.5733,0.9766,0.548448
0.7333,0.5733,0.9941,0.552402
0.7333,0.5733,1.0000,0.556106
0.7333,0.6267,-1.0000,0.927841
0.7333,0.6267,-0.9941,0.923254
0.7333,0.6267,-0.9766,0.918002
0.7333,0.6267,-0.9477,0.911954
0.7333,0.6267,-0.9076,0.904941
0.7333,0.6267,-0.8569,0.896741
0.7333,0.6267,-0.7961,0.887053
0.7333,0.6267,-0.7260,0.875463
0.7333,0.6267,-0.6474,0.861383
0.7333,0.6267,-0.5612,0.843947
0.7333,0.6267,-0.4684,0.821825
0.7333,0.6267,-0.3701,0.792853
0.7333,0.6267,-0.2675,0.753228
0.7333,0.6267,-0.1618,0.695517
0.7333,0.6267,-0.0541,0.602482
0.7333,0.6267,0.0541,0.517389
0.7333,0.6267,0.1618,0.520955
0.7333,0.6267,0.2675,0.524371
0.7333,0.6267,0.3701,0.527639
0.7333,0.6267,0.4684,0.530765
0.7333,0.6267,0.5612,0.533751
0.7333,0.6267,0.6474,0.536600
0.7333,0.6267,0.7260,0.539316
0.7333,0.6267,0.7961,0.541902
0.7333,0.6267,0.8569,0.544360
0.7333,0.6267,0.9076,0.546693
0.7333,0.6267,0.9477,0.548904
0.7333,0.6267,0.9766,0.550993
0.7333,0.6267,0.9941,0.552964
0.7333,0.6267,1.0000,0.554818
0.7333,0.6800,-1.0000,0.898924
0.7333,0.6800,-0.9941,0.893787
0.7333,0.6800,-0.9766,0.887870
0.7333,0.6800,-0.9477,0.881048
0.7333,0.6800,-0.9076,0.873168
0.7333,0.6800,-0.8569,0.864032
0.7333,0.6800,-0.7961,0.853389
0.7333,0.6800,-0.7260,0.840910
0.7333,0.6800,-0.6474,0.826157
0.7333,0.6800,-0.5612,0.808534
0.7333,0.6800,-0.4684,0.787202
0.7333,0.6800,-0.3701,0.760946
0.7333,0.6800,-0.2675,0.727917
0.7333,0.6800,-0.1618,0.685137
0.7333,0.6800,-0.0541,0.627128
0.7333,0.6800,0.0541,0.575177
0.7333,0.6800,0.1618,0.574634
0.7333,0.6800,0.2675,0.574014
0.7333,0.6800,0.3701,0.573319
0.7333,0.6800,0.4684,0.572556
0.7333,0.6800,0.5612,0.571729
0.7333,0.6800,0.6474,0.570840
0.7333,0.6800,0.7260,0.569894
0.7333,0.6800,0.7961,0.568895
0.7333,0.6800,0.8569,0.567846
0.7333,0.6800,0.9076,0.566751
0.7333,0.6800,0.9477,0.565613
0.7333,0.6800,0.9766,0.564434
0.7333,0.6800,0.9941,0.563219
0.7333,0.6800,1.0000,0.561969
0.7333,0.7333,-1.0000,1.011007
0.7333,0.7333,-0.9941,1.009331
0.7333,0.7333,-0.9766,1.007827
0.7333,0.7333,-0.9477,1.006502
0.7333,0.7333,-0.9076,1.005359
0.7333,0.7333,-0.8569,1.004400
0.7333,0.7333,-0.7961,1.003625
0.7333,0.7333,-0.7260,1.003034
0.7333,0.7333,-0.6474,1.002622
0.7333,0.7333,-0.5612,1.002386
0.7333,0.7333,-0.4684,1.002319
0.7333,0.7333,-0.3701,1.002417
0.7333,0.7333,-0.2675,1.002670
0.7333,0.7333,-0.1618,1.003071
0.7333,0.7333,-0.0541,1.003612
0.7333,0.7333,0.0541,1.004284
0.7333,0.7333,0.1618,1.005077
0.7333,0.7333,0.2675,1.005983
0.7333,0.7333,0.3701,1.006992
0.7333,0.7333,0.4684,1.008097
0.7333,0.7333,0.5612,1.009287
0.7333,0.7333,0.6474,1.010555
0.7333,0.7333,0.7260,1.011892
0.7333,0.7333,0.7961,1.013292
0.7333,0.7333,0.8569,1.014746
0.7333,0.7333,0.9076,1.016248
0.7333,0.7333,0.9477,1.017791
0.7333,0.7333,0.9766,1.019370
0.7333,0.7333,0.9941,1.020978
0.7333,0.7333,1.0000,1.022611
0.7867,0.2000,-1.0000,0.634175
0.7867,0.2000,-0.9941,0.632415
0.7867,0.2000,-0.9766,0.630333
0.7867,0.2000,-0.9477,0.627857
0.7867,0.2000,-0.9076,0.624888
0.7867,0.2000,-0.8569,0.621290
0.7867,0.2000,-0.7961,0.616818
0.7867,0.2000,-0.7260,0.611278
0.7867,0.2000,-0.6474,0.599146
0.7867,0.2000,-0.5612,0.572270
0.7867,0.2000,-0.4684,0.514087
0.7867,0.2000,-0.3701,0.422010
0.7867,0.2000,-0.2675,0.291709
0.7867,0.2000,-0.1618,0.361158
0.7867,0.2000,-0.0541,0.694025
0.7867,0.2000,0.0541,0.473997
0.7867,0.2000,0.1618,0.379628
0.7867,0.2000,0.2675,0.468855
0.7867,0.2000,0.3701,0.521157
0.7867,0.2000,0.4684,0.552218
0.7867,0.2000,0.5612,0.573101
0.7867,0.2000,0.6474,0.585681
0.7867,0.2000,0.7260,0.595431
0.7867,0.2000,0.7961,0.603202
0.7867,0.2000,0.8569,0.609534
0.7867,0.2000,0.9076,0.614787
0.7867,0.2000,0.9477,0.619209
0.7867,0.2000,0.9766,0.622976
0.7867,0.2000,0.9941,0.626219
0.7867,0.2000,1.0000,0.629033
0.7867,0.2533,-1.0000,0.625188
0.7867,0.2533,-0.9941,0.623020
0.7867,0.2533,-0.9766,0.620474
0.7867,0.2533,-0.9477,0.617469
0.7867,0.2533,-0.9076,0.613892
0.7867,0.2533,-0.8569,0.609592
0.7867,0.2533,-0.7961,0.604342
0.7867,0.2533,-0.7260,0.593160
0.7867,0.2533,-0.6474,0.574590
0.7867,0.2533,-0.5612,0.519350
0.7867,0.2533,-0.4684,0.466476
0.7867,0.2533,-0.3701,0.355876
0.7867,0.2533,-0.2675,0.252644
0.7867,0.2533,-0.1618,0.441463
0.7867,0.2533,-0.0541,0.717369
0.7867,0.2533,0.0541,0.388614
0.7867,0.2533,0.1618,0.389296
0.7867,0.2533,0.2675,0.465936
0.7867,0.2533,0.3701,0.505220
0.7867,0.2533,0.4684,0.541110
0.7867,0.2533,0.5612,0.559292
0.7867,0.2533,0.6474,0.572997
0.7867,0.2533,0.7260,0.583758
0.7867,0.2533,0.7961,0.592425
0.7867,0.2533,0.8569,0.599547
0.7867,0.2533,0.9076,0.605496
0.7867,0.2533,0.9477,0.610532
0.7867,0.2533,0.9766,0.614844
0.7867,0.2533,0.9941,0.618570
0.7867,0.2533,1.0000,0.621815
0.7867,0.3067,-1.0000,0.614592
0.7867,0.3067,-0.9941,0.611998
0.7867,0.3067,-0.9766,0.608975
0.7867,0.3067,-0.9477,0.605434
0.7867,0.3067,-0.9076,0.601244
0.7867,0.3067,-0.8569,0.596255
0.7867,0.3067,-0.7961,0.585823
0.7867,0.3067,-0.7260,0.565787
0.7867,0.3067,-0.6474,0.519603
0.7867,0.3067,-0.5612,0.465445
0.7867,0.3067,-0.4684,0.364589
0.7867,0.3067,-0.3701,0.244864
0.7867,0.3067,-0.2675,0.221097
0.7867,0.3067,-0.1618,0.534523
0.7867,0.3067,-0.0541,0.764169
0.7867,0.3067,0.0541,0.344047
0.7867,0.3067,0.1618,0.393401
0.7867,0.3067,0.2675,0.457848
0.7867,0.3067,0.3701,0.498174
0.7867,0.3067,0.4684,0.525912
0.7867,0.3067,0.5612,0.544633
0.7867,0.3067,0.6474,0.559165
0.7867,0.3067,0.7260,0.570768
0.7867,0.3067,0.7961,0.580238
0.7867,0.3067,0.8569,0.588106
0.7867,0.3067,0.9076,0.594738
0.7867,0.3067,0.9477,0.600395
0.7867,0.3067,0.9766,0.605271
0.7867,0.3067,0.9941,0.609508
0.7867,0.3067,1.0000,0.613216
0.7867,0.3600,-1.0000,0.602616
0.7867,0.3600,-0.9941,0.599625
0.7867,0.3600,-0.9766,0.596170
0.7867,0.3600,-0.9477,0.592146
0.7867,0.3600,-0.9076,0.586692
0.7867,0.3600,-0.8569,0.577051
0.7867,0.3600,-0.7961,0.548266
0.7867,0.3600,-0.7260,0.509430
0.7867,0.3600,-0.6474,0.442905
0.7867,0.3600,-0.5612,0.333477
0.7867,0.3600,-0.4684,0.216540
0.7867,0.3600,-0.3701,0.161556
0.7867,0.3600,-0.2675,0.395181
0.7867,0.3600,-0.1618,0.746519
0.7867,0.3600,-0.0541,0.764073
0.7867,0.3600,0.0541,0.340180
0.7867,0.3600,0.1618,0.405793
0.7867,0.3600,0.2675,0.455236
0.7867,0.3600,0.3701,0.487557
0.7867,0.3600,0.4684,0.511609
0.7867,0.3600,0.5612,0.530218
0.7867,0.3600,0.6474,0.545044
0.7867,0.3600,0.7260,0.557126
0.7867,0.3600,0.7961,0.567154
0.7867,0.3600,0.8569,0.575602
0.7867,0.3600,0.9076,0.582807
0.7867,0.3600,0.9477,0.589015
0.7867,0.3600,0.9766,0.594410
0.7867,0.3600,0.9941,0.599134
0.7867,0.3600,1.0000,0.603295
0.7867,0.4133,-1.0000,0.589822
0.7867,0.4133,-0.9941,0.586555
0.7867,0.4133,-0.9766,0.578889
0.7867,0.4133,-0.9477,0.572387
0.7867,0.4133,-0.9076,0.538278
0.7867,0.4133,-0.8569,0.499560
0.7867,0.4133,-0.7961,0.439569
0.7867,0.4133,-0.7260,0.336479
0.7867,0.4133,-0.6474,0.229008
0.7867,0.4133,-0.5612,0.130079
0.7867,0.4133,-0.4684,0.116340
0.7867,0.4133,-0.3701,0.375399
0.7867,0.4133,-0.2675,0.740113
0.7867,0.4133,-0.1618,0.861835
0.7867,0.4133,-0.0541,0.744614
0.7867,0.4133,0.0541,0.361600
0.7867,0.4133,0.1618,0.413543
0.7867,0.4133,0.2675,0.450488
0.7867,0.4133,0.3701,0.478338
0.7867,0.4133,0.4684,0.500112
0.7867,0.4133,0.5612,0.517608
0.7867,0.4133,0.6474,0.531972
0.7867,0.4133,0.7260,0.543968
0.7867,0.4133,0.7961,0.554129
0.7867,0.4133,0.8569,0.562837
0.7867,0.4133,0.9076,0.570372
0.7867,0.4133,0.9477,0.576947
0.7867,0.4133,0.9766,0.582724
0.7867,0.4133,0.9941,0.587830
0.7867,0.4133,1.0000,0.592367
0.7867,0.4667,-1.0000,0.557533
0.7867,0.4667,-0.9941,0.524229
0.7867,0.4667,-0.9766,0.493849
0.7867,0.4667,-0.9477,0.440779
0.7867,0.4667,-0.9076,0.353185
0.7867,0.4667,-0.8569,0.251980
0.7867,0.4667,-0.7961,0.144856
0.7867,0.4667,-0.7260,0.067513
0.7867,0.4667,-0.6474,0.081893
0.7867,0.4667,-0.5612,0.234395
0.7867,0.4667,-0.4684,0.608272
0.7867,0.4667,-0.3701,0.861557
0.7867,0.4667,-0.2675,0.905710
0.7867,0.4667,-0.1618,0.855383
0.7867,0.4667,-0.0541,0.700850
0.7867,0.4667,0.0541,0.389306
0.7867,0.4667,0.1618,0.424785
0.7867,0.4667,0.2675,0.452535
0.7867,0.4667,0.3701,0.474864
0.7867,0.4667,0.4684,0.493226
0.7867,0.4667,0.5612,0.508591
0.7867,0.4667,0.6474,0.521632
0.7867,0.4667,0.7260,0.532831
0.7867,0.4667,0.7961,0.542543
0.7867,0.4667,0.8569,0.551036
0.7867,0.4667,0.9076,0.558516
0.7867,0.4667,0.9477,0.565144
0.7867,0.4667,0.9766,0.571048
0.7867,0.4667,0.9941,0.576329
0.7867,0.4667,1.0000,0.581070
0.7867,0.5200,-1.0000,0.254613
0.7867,0.5200,-0.9941,0.167558
0.7867,0.5200,-0.9766,0.083760
0.7867,0.5200,-0.9477,0.038684
0.7867,0.5200,-0.9076,0.033195
0.7867,0.5200,-0.8569,0.082759
0.7867,0.5200,-0.7961,0.214671
0.7867,0.5200,-0.7260,0.515781
0.7867,0.5200,-0.6474,0.815254
0.7867,0.5200,-0.5612,0.924660
0.7867,0.5200,-0.4684,0.930518
0.7867,0.5200,-0.3701,0.910383
0.7867,0.5200,-0.2675,0.877069
0.7867,0.5200,-0.1618,0.815814
0.7867,0.5200,-0.0541,0.662253
0.7867,0.5200,0.0541,0.419132
0.7867,0.5200,0.1618,0.442127
0.7867,0.5200,0.2675,0.461494
0.7867,0.5200,0.3701,0.478030
0.7867,0.5200,0.4684,0.492310
0.7867,0.5200,0.5612,0.504759
0.7867,0.5200,0.6474,0.515700
0.7867,0.5200,0.7260,0.525383
0.7867,0.5200,0.7961,0.534004
0.7867,0.5200,0.8569,0.541719
0.7867,0.5200,0.9076,0.548654
0.7867,0.5200,0.9477,0.554911
0.7867,0.5200,0.9766,0.560576
0.7867,0.5200,0.9941,0.565718
0.7867,0.5200,1.0000,0.570395
0.7867,0.5733,-1.0000,0.194767
0.7867,0.5733,-0.9941,0.300725
0.7867,0.5733,-0.9766,0.590789
0.7867,0.5733,-0.9477,0.831931
0.7867,0.5733,-0.9076,0.931278
0.7867,0.5733,-0.8569,0.953143
0.7867,0.5733,-0.7961,0.949195
0.7867,0.5733,-0.7260,0.941181
0.7867,0.5733,-0.6474,0.931086
0.7867,0.5733,-0.5612,0.918003
0.7867,0.5733,-0.4684,0.900406
0.7867,0.5733,-0.3701,0.875497
0.7867,0.5733,-0.2675,0.837506
0.7867,0.5733,-0.1618,0.772145
0.7867,0.5733,-0.0541,0.629751
0.7867,0.5733,0.0541,0.450163
0.7867,0.5733,0.1618,0.464116
0.7867,0.5733,0.2675,0.476589
0.7867,0.5733,0.3701,0.487799
0.7867,0.5733,0.4684,0.497921
0.7867,0.5733,0.5612,0.507098
0.7867,0.5733,0.6474,0.515448
0.7867,0.5733,0.7260,0.523070
0.7867,0.5733,0.7961,0.530048
0.7867,0.5733,0.8569,0.536449
0.7867,0.5733,0.9076,0.542336
0.7867,0.5733,0.9477,0.547757
0.7867,0.5733,0.9766,0.552757
0.7867,0.5733,0.9941,0.557374
0.7867,0.5733,1.0000,0.561639
0.7867,0.6267,-1.0000,0.952785
0.7867,0.6267,-0.9941,0.949028
0.7867,0.6267,-0.9766,0.944703
0.7867,0.6267,-0.9477,0.939690
0.7867,0.6267,-0.9076,0.933828
0.7867,0.6267,-0.8569,0.926902
0.7867,0.6267,-0.7961,0.918617
0.7867,0.6267,-0.7260,0.908550
0.7867,0.6267,-0.6474,0.896083
0.7867,0.6267,-0.5612,0.880269
0.7867,0.6267,-0.4684,0.859577
0.7867,0.6267,-0.3701,0.831350
0.7867,0.6267,-0.2675,0.790503
0.7867,0.6267,-0.1618,0.725790
0.7867,0.6267,-0.0541,0.605272
0.7867,0.6267,0.0541,0.481572
0.7867,0.6267,0.1618,0.489344
0.7867,0.6267,0.2675,0.496623
0.7867,0.6267,0.3701,0.503449
0.7867,0.6267,0.4684,0.509855
0.7867,0.6267,0.5612,0.515873
0.7867,0.6267,0.6474,0.521530
0.7867,0.6267,0.7260,0.526852
0.7867,0.6267,0.7961,0.531860
0.7867,0.6267,0.8569,0.536574
0.7867,0.6267,0.9076,0.541014
0.7867,0.6267,0.9477,0.545194
0.7867,0.6267,0.9766,0.549129
0.7867,0.6267,0.9941,0.552833
0.7867,0.6267,1.0000,0.556316
0.7867,0.6800,-1.0000,0.922678
0.7867,0.6800,-0.9941,0.917950
0.7867,0.6800,-0.9766,0.912543
0.7867,0.6800,-0.9477,0.906327
0.7867,0.6800,-0.9076,0.899134
0.7867,0.6800,-0.8569,0.890742
0.7867,0.6800,-0.7961,0.880855
0.7867,0.6800,-0.7260,0.869067
0.7867,0.6800,-0.6474,0.854805
0.7867,0.6800,-0.5612,0.837235
0.7867,0.6800,-0.4684,0.815085
0.7867,0.6800,-0.3701,0.786317
0.7867,0.6800,-0.2675,0.747413
0.7867,0.6800,-0.1618,0.691661
0.7867,0.6800,-0.0541,0.604087
0.7867,0.6800,0.0541,0.526927
0.7867,0.6800,0.1618,0.529755
0.7867,0.6800,0.2675,0.532461
0.7867,0.6800,0.3701,0.535046
0.7867,0.6800,0.4684,0.537513
0.7867,0.6800,0.5612,0.539863
0.7867,0.6800,0.6474,0.542099
0.7867,0.6800,0.7260,0.544223
0.7867,0.6800,0.7961,0.546236
0.7867,0.6800,0.8569,0.548141
0.7867,0.6800,0.9076,0.549939
0.7867,0.6800,0.9477,0.551630
0.7867,0.6800,0.9766,0.553217
0.7867,0.6800,0.9941,0.554701
0.7867,0.6800,1.0000,0.556081
0.7867,0.7333,-1.0000,0.892949
0.7867,0.7333,-0.9941,0.887675
0.7867,0.7333,-0.9766,0.881607
0.7867,0.7333,-0.9477,0.874624
0.7867,0.7333,-0.9076,0.866570
0.7867,0.7333,-0.8569,0.857255
0.7867,0.7333,-0.7961,0.846430
0.7867,0.7333,-0.7260,0.833776
0.7867,0.7333,-0.6474,0.818871
0.7867,0.7333,-0.5612,0.801141
0.7867,0.7333,-0.4684,0.779791
0.7867,0.7333,-0.3701,0.753679
0.7867,0.7333,-0.2675,0.721091
0.7867,0.7333,-0.1618,0.679311
0.7867,0.7333,-0.0541,0.623700
0.7867,0.7333,0.0541,0.575688
0.7867,0.7333,0.1618,0.575178
0.7867,0.7333,0.2675,0.574597
0.7867,0.7333,0.3701,0.573946
0.7867,0.7333,0.4684,0.573232
0.7867,0.7333,0.5612,0.572457
0.7867,0.7333,0.6474,0.571627
0.7867,0.7333,0.7260,0.570744
0.7867,0.7333,0.7961,0.569812
0.7867,0.7333,0.8569,0.568834
0.7867,0.7333,0.9076,0.567815
0.7867,0.7333,0.9477,0.566757
0.7867,0.7333,0.9766,0.565663
0.7867,0.7333,0.9941,0.564536
0.7867,0.7333,1.0000,0.563378
0.7867,0.7867,-1.0000,1.013686
0.7867,0.7867,-0.9941,1.011943
0.7867,0.7867,-0.9766,1.010380
0.7867,0.7867,-0.9477,1.009002
0.7867,0.7867,-0.9076,1.007815
0.7867,0.7867,-0.8569,1.006819
0.7867,0.7867,-0.7961,1.006014
0.7867,0.7867,-0.7260,1.005400
0.7867,0.7867,-0.6474,1.004972
0.7867,0.7867,-0.5612,1.004727
0.7867,0.7867,-0.4684,1.004658
0.7867,0.7867,-0.3701,1.004759
0.7867,0.7867,-0.2675,1.005022
0.7867,0.7867,-0.1618,1.005439
0.7867,0.7867,-0.0541,1.006001
0.7867,0.7867,0.0541,1.006698
0.7867,0.7867,0.1618,1.007522
0.7867,0.7867,0.2675,1.008464
0.7867,0.7867,0.3701,1.009513
0.7867,0.7867,0.4684,1.010661
0.7867,0.7867,0.5612,1.011898
0.7867,0.7867,0.6474,1.013217
0.7867,0.7867,0.7260,1.014608
0.7867,0.7867,0.7961,1.016065
0.7867,0.7867,0.8569,1.017578
0.7867,0.7867,0.9076,1.019142
0.7867,0.7867,0.9477,1.020749
0.7867,0.7867,0.9766,1.022394
0.7867,0.7867,0.9941,1.024070
0.7867,0.7867,1.0000,1.025772
0.8400,0.2000,-1.0000,0.636987
0.8400,0.2000,-0.9941,0.635366
0.8400,0.2000,-0.9766,0.633447
0.8400,0.2000,-0.9477,0.631161
0.8400,0.2000,-0.9076,0.628416
0.8400,0.2000,-0.8569,0.625084
0.8400,0.2000,-0.7961,0.620944
0.8400,0.2000,-0.7260,0.615792
0.8400,0.2000,-0.6474,0.603835
0.8400,0.2000,-0.5612,0.587005
0.8400,0.2000,-0.4684,0.513112
0.8400,0.2000,-0.3701,0.446111
0.8400,0.2000,-0.2675,0.330408
0.8400,0.2000,-0.1618,0.376001
0.8400,0.2000,-0.0541,0.696549
0.8400,0.2000,0.0541,0.451910
0.8400,0.2000,0.1618,0.373934
0.8400,0.2000,0.2675,0.468681
0.8400,0.2000,0.3701,0.527199
0.8400,0.2000,0.4684,0.559743
0.8400,0.2000,0.5612,0.579693
0.8400,0.2000,0.6474,0.591582
0.8400,0.2000,0.7260,0.600758
0.8400,0.2000,0.7961,0.608048
0.8400,0.2000,0.8569,0.613973
0.8400,0.2000,0.9076,0.618877
0.8400,0.2000,0.9477,0.622998
0.8400,0.2000,0.9766,0.626504
0.8400,0.2000,0.9941,0.629517
0.8400,0.2000,1.0000,0.632130
0.8400,0.2533,-1.0000,0.628828
0.8400,0.2533,-0.9941,0.626824
0.8400,0.2533,-0.9766,0.624469
0.8400,0.2533,-0.9477,0.621685
0.8400,0.2533,-0.9076,0.618364
0.8400,0.2533,-0.8569,0.614362
0.8400,0.2533,-0.7961,0.609463
0.8400,0.2533,-0.7260,0.602716
0.8400,0.2533,-0.6474,0.586066
0.8400,0.2533,-0.5612,0.542582
0.8400,0.2533,-0.4684,0.478472
0.8400,0.2533,-0.3701,0.367757
0.8400,0.2533,-0.2675,0.270922
0.8400,0.2533,-0.1618,0.406170
0.8400,0.2533,-0.0541,0.712958
0.8400,0.2533,0.0541,0.414109
0.8400,0.2533,0.1618,0.391074
0.8400,0.2533,0.2675,0.465940
0.8400,0.2533,0.3701,0.516604
0.8400,0.2533,0.4684,0.546811
0.8400,0.2533,0.5612,0.566799
0.8400,0.2533,0.6474,0.579840
0.8400,0.2533,0.7260,0.590023
0.8400,0.2533,0.7961,0.598187
0.8400,0.2533,0.8569,0.604872
0.8400,0.2533,0.9076,0.610439
0.8400,0.2533,0.9477,0.615141
0.8400,0.2533,0.9766,0.619157
0.8400,0.2533,0.9941,0.622622
0.8400,0.2533,1.0000,0.625635
0.8400,0.3067,-1.0000,0.619177
0.8400,0.3067,-0.9941,0.616764
0.8400,0.3067,-0.9766,0.613948
0.8400,0.3067,-0.9477,0.610642
0.8400,0.3067,-0.9076,0.606729
0.8400,0.3067,-0.8569,0.602042
0.8400,0.3067,-0.7961,0.596096
0.8400,0.3067,-0.7260,0.584011
0.8400,0.3067,-0.6474,0.548118
0.8400,0.3067,-0.5612,0.492742
0.8400,0.3067,-0.4684,0.410287
0.8400,0.3067,-0.3701,0.289676
0.8400,0.3067,-0.2675,0.221230
0.8400,0.3067,-0.1618,0.488337
0.8400,0.3067,-0.0541,0.745849
0.8400,0.3067,0.0541,0.355547
0.8400,0.3067,0.1618,0.395357
0.8400,0.3067,0.2675,0.465633
0.8400,0.3067,0.3701,0.506814
0.8400,0.3067,0.4684,0.534635
0.8400,0.3067,0.5612,0.552842
0.8400,0.3067,0.6474,0.566842
0.8400,0.3067,0.7260,0.577935
0.8400,0.3067,0.7961,0.586934
0.8400,0.3067,0.8569,0.594373
0.8400,0.3067,0.9076,0.600617
0.8400,0.3067,0.9477,0.605925
0.8400,0.3067,0.9766,0.610486
0.8400,0.3067,0.9941,0.614439
0.8400,0.3067,1.0000,0.617891
0.8400,0.3600,-1.0000,0.608162
0.8400,0.3600,-0.9941,0.605348
0.8400,0.3600,-0.9766,0.602087
0.8400,0.3600,-0.9477,0.598289
0.8400,0.3600,-0.9076,0.593822
0.8400,0.3600,-0.8569,0.587350
0.8400,0.3600,-0.7961,0.575489
0.8400,0.3600,-0.7260,0.539158
0.8400,0.3600,-0.6474,0.483494
0.8400,0.3600,-0.5612,0.400283
0.8400,0.3600,-0.4684,0.287319
0.8400,0.3600,-0.3701,0.181894
0.8400,0.3600,-0.2675,0.265469
0.8400,0.3600,-0.1618,0.660957
0.8400,0.3600,-0.0541,0.768433
0.8400,0.3600,0.0541,0.350930
0.8400,0.3600,0.1618,0.406051
0.8400,0.3600,0.2675,0.458307
0.8400,0.3600,0.3701,0.495784
0.8400,0.3600,0.4684,0.520109
0.8400,0.3600,0.5612,0.538628
0.8400,0.3600,0.6474,0.553196
0.8400,0.3600,0.7260,0.564951
0.8400,0.3600,0.7961,0.574627
0.8400,0.3600,0.8569,0.582722
0.8400,0.3600,0.9076,0.589586
0.8400,0.3600,0.9477,0.595471
0.8400,0.3600,0.9766,0.600564
0.8400,0.3600,0.9941,0.605006
0.8400,0.3600,1.0000,0.608907
0.8400,0.4133,-1.0000,0.596187
0.8400,0.4133,-0.9941,0.593031
0.8400,0.4133,-0.9766,0.589394
0.8400,0.4133,-0.9477,0.584095
0.8400,0.4133,-0.9076,0.575590
0.8400,0.4133,-0.8569,0.548886
0.8400,0.4133,-0.7961,0.511676
0.8400,0.4133,-0.7260,0.451740
0.8400,0.4133,-0.6474,0.346263
0.8400,0.4133,-0.5612,0.236288
0.8400,0.4133,-0.4684,0.132522
0.8400,0.4133,-0.3701,0.181118
0.8400,0.4133,-0.2675,0.558638
0.8400,0.4133,-0.1618,0.824266
0.8400,0.4133,-0.0541,0.758549
0.8400,0.4133,0.0541,0.350931
0.8400,0.4133,0.1618,0.413337
0.8400,0.4133,0.2675,0.454529
0.8400,0.4133,0.3701,0.484516
0.8400,0.4133,0.4684,0.507368
0.8400,0.4133,0.5612,0.525369
0.8400,0.4133,0.6474,0.539913
0.8400,0.4133,0.7260,0.551903
0.8400,0.4133,0.7961,0.561949
0.8400,0.4133,0.8569,0.570478
0.8400,0.4133,0.9076,0.577801
0.8400,0.4133,0.9477,0.584147
0.8400,0.4133,0.9766,0.589691
0.8400,0.4133,0.9941,0.594565
0.8400,0.4133,1.0000,0.598875
0.8400,0.4667,-1.0000,0.583709
0.8400,0.4667,-0.9941,0.576437
0.8400,0.4667,-0.9766,0.560567
0.8400,0.4667,-0.9477,0.526156
0.8400,0.4667,-0.9076,0.492685
0.8400,0.4667,-0.8569,0.428112
0.8400,0.4667,-0.7961,0.337278
0.8400,0.4667,-0.7260,0.218045
0.8400,0.4667,-0.6474,0.114267
0.8400,0.4667,-0.5612,0.088205
0.8400,0.4667,-0.4684,0.221959
0.8400,0.4667,-0.3701,0.622670
0.8400,0.4667,-0.2675,0.862571
0.8400,0.4667,-0.1618,0.874260
0.8400,0.4667,-0.0541,0.724041
0.8400,0.4667,0.0541,0.375951
0.8400,0.4667,0.1618,0.419764
0.8400,0.4667,0.2675,0.452418
0.8400,0.4667,0.3701,0.477751
0.8400,0.4667,0.4684,0.497995
0.8400,0.4667,0.5612,0.514546
0.8400,0.4667,0.6474,0.528325
0.8400,0.4667,0.7260,0.539968
0.8400,0.4667,0.7961,0.549926
0.8400,0.4667,0.8569,0.558532
0.8400,0.4667,0.9076,0.566033
0.8400,0.4667,0.9477,0.572618
0.8400,0.4667,0.9766,0.578437
0.8400,0.4667,0.9941,0.583606
0.8400,0.4667,1.0000,0.588217
0.8400,0.5200,-1.0000,0.501422
0.8400,0.5200,-0.9941,0.454789
0.8400,0.5200,-0.9766,0.376240
0.8400,0.5200,-0.9477,0.297322
0.8400,0.5200,-0.9076,0.190543
0.8400,0.5200,-0.8569,0.089369
0.8400,0.5200,-0.7961,0.051024
0.8400,0.5200,-0.7260,0.073165
0.8400,0.5200,-0.6474,0.207667
0.8400,0.5200,-0.5612,0.565474
0.8400,0.5200,-0.4684,0.846510
0.8400,0.5200,-0.3701,0.916306
0.8400,0.5200,-0.2675,0.897030
0.8400,0.5200,-0.1618,0.840572
0.8400,0.5200,-0.0541,0.685297
0.8400,0.5200,0.0541,0.402083
0.8400,0.5200,0.1618,0.432268
0.8400,0.5200,0.2675,0.456581
0.8400,0.5200,0.3701,0.476600
0.8400,0.5200,0.4684,0.493371
0.8400,0.5200,0.5612,0.507623
0.8400,0.5200,0.6474,0.519876
0.8400,0.5200,0.7260,0.530515
0.8400,0.5200,0.7961,0.539830
0.8400,0.5200,0.8569,0.548043
0.8400,0.5200,0.9076,0.555330
0.8400,0.5200,0.9477,0.561829
0.8400,0.5200,0.9766,0.567650
0.8400,0.5200,0.9941,0.572885
0.8400,0.5200,1.0000,0.577606
0.8400,0.5733,-1.0000,0.073961
0.8400,0.5733,-0.9941,0.032289
0.8400,0.5733,-0.9766,0.020464
0.8400,0.5733,-0.9477,0.038641
0.8400,0.5733,-0.9076,0.139696
0.8400,0.5733,-0.8569,0.276428
0.8400,0.5733,-0.7961,0.630849
0.8400,0.5733,-0.7260,0.866345
0.8400,0.5733,-0.6474,0.934992
0.8400,0.5733,-0.5612,0.936682
0.8400,0.5733,-0.4684,0.922090
0.8400,0.5733,-0.3701,0.899820
0.8400,0.5733,-0.2675,0.864877
0.8400,0.5733,-0.1618,0.801893
0.8400,0.5733,-0.0541,0.650694
0.8400,0.5733,0.0541,0.430104
0.8400,0.5733,0.1618,0.449815
0.8400,0.5733,0.2675,0.466754
0.8400,0.5733,0.3701,0.481465
0.8400,0.5733,0.4684,0.494353
0.8400,0.5733,0.5612,0.505732
0.8400,0.5733,0.6474,0.515842
0.8400,0.5733,0.7260,0.524877
0.8400,0.5733,0.7961,0.532990
0.8400,0.5733,0.8569,0.540306
0.8400,0.5733,0.9076,0.546928
0.8400,0.5733,0.9477,0.552940
0.8400,0.5733,0.9766,0.558412
0.8400,0.5733,0.9941,0.563405
0.8400,0.5733,1.0000,0.567968
0.8400,0.6267,-1.0000,0.616527
0.8400,0.6267,-0.9941,0.835302
0.8400,0.6267,-0.9766,0.930232
0.8400,0.6267,-0.9477,0.955400
0.8400,0.6267,-0.9076,0.954822
0.8400,0.6267,-0.8569,0.949069
0.8400,0.6267,-0.7961,0.942124
0.8400,0.6267,-0.7260,0.933595
0.8400,0.6267,-0.6474,0.922894
0.8400,0.6267,-0.5612,0.909095
0.8400,0.6267,-0.4684,0.890652
0.8400,0.6267,-0.3701,0.864767
0.8400,0.6267,-0.2675,0.825771
0.8400,0.6267,-0.1618,0.759983
0.8400,0.6267,-0.0541,0.622119
0.8400,0.6267,0.0541,0.459011
0.8400,0.6267,0.1618,0.471115
0.8400,0.6267,0.2675,0.482076
0.8400,0.6267,0.3701,0.492040
0.8400,0.6267,0.4684,0.501131
0.8400,0.6267,0.5612,0.509450
0.8400,0.6267,0.6474,0.517084
0.8400,0.6267,0.7260,0.524106
0.8400,0.6267,0.7961,0.530579
0.8400,0.6267,0.8569,0.536557
0.8400,0.6267,0.9076,0.542085
0.8400,0.6267,0.9477,0.547205
0.8400,0.6267,0.9766,0.551951
0.8400,0.6267,0.9941,0.556353
0.8400,0.6267,1.0000,0.560438
0.8400,0.6800,-1.0000,0.946771
0.8400,0.6800,-0.9941,0.942788
0.8400,0.6800,-0.9766,0.938213
0.8400,0.6800,-0.9477,0.932921
0.8400,0.6800,-0.9076,0.926748
0.8400,0.6800,-0.8569,0.919474
0.8400,0.6800,-0.7961,0.910799
0.8400,0.6800,-0.7260,0.900297
0.8400,0.6800,-0.6474,0.887348
0.8400,0.6800,-0.5612,0.871008
0.8400,0.6800,-0.4684,0.849770
0.8400,0.6800,-0.3701,0.821048
0.8400,0.6800,-0.2675,0.779986
0.8400,0.6800,-0.1618,0.716103
0.8400,0.6800,-0.0541,0.600905
0.8400,0.6800,0.0541,0.488179
0.8400,0.6800,0.1618,0.495027
0.8400,0.6800,0.2675,0.501489
0.8400,0.6800,0.3701,0.507591
0.8400,0.6800,0.4684,0.513357
0.8400,0.6800,0.5612,0.518806
0.8400,0.6800,0.6474,0.523959
0.8400,0.6800,0.7260,0.528833
0.8400,0.6800,0.7961,0.533444
0.8400,0.6800,0.8569,0.537805
0.8400,0.6800,0.9076,0.541931
0.8400,0.6800,0.9477,0.545832
0.8400,0.6800,0.9766,0.549520
0.8400,0.6800,0.9941,0.553004
0.8400,0.6800,1.0000,0.556292
0.8400,0.7333,-1.0000,0.919698
0.8400,0.7333,-0.9941,0.914914
0.8400,0.7333,-0.9766,0.909444
0.8400,0.7333,-0.9477,0.903158
0.8400,0.7333,-0.9076,0.895891
0.8400,0.7333,-0.8569,0.887424
0.8400,0.7333,-0.7961,0.877466
0.8400,0.7333,-0.7260,0.865623
0.8400,0.7333,-0.6474,0.851340
0.8400,0.7333,-0.5612,0.833815
0.8400,0.7333,-0.4684,0.811841
0.8400,0.7333,-0.3701,0.783502
0.8400,0.7333,-0.2675,0.745548
0.8400,0.7333,-0.1618,0.691910
0.8400,0.7333,-0.0541,0.609512
0.8400,0.7333,0.0541,0.538766
0.8400,0.7333,0.1618,0.540722
0.8400,0.7333,0.2675,0.542569
0.8400,0.7333,0.3701,0.544310
0.8400,0.7333,0.4684,0.545947
0.8400,0.7333,0.5612,0.547481
0.8400,0.7333,0.6474,0.548915
0.8400,0.7333,0.7260,0.550249
0.8400,0.7333,0.7961,0.551486
0.8400,0.7333,0.8569,0.552627
0.8400,0.7333,0.9076,0.553673
0.8400,0.7333,0.9477,0.554625
0.8400,0.7333,0.9766,0.555485
0.8400,0.7333,0.9941,0.556252
0.8400,0.7333,1.0000,0.556929
0.8400,0.7867,-1.0000,0.887482
0.8400,0.7867,-0.9941,0.882091
0.8400,0.7867,-0.9766,0.875895
0.8400,0.7867,-0.9477,0.868773
0.8400,0.7867,-0.9076,0.860573
0.8400,0.7867,-0.8569,0.851106
0.8400,0.7867,-0.7961,0.840132
0.8400,0.7867,-0.7260,0.827339
0.8400,0.7867,-0.6474,0.812318
0.8400,0.7867,-0.5612,0.794523
0.8400,0.7867,-0.4684,0.773196
0.8400,0.7867,-0.3701,0.747263
0.8400,0.7867,-0.2675,0.715135
0.8400,0.7867,-0.1618,0.674329
0.8400,0.7867,-0.0541,0.620695
0.8400,0.7867,0.0541,0.576035
0.8400,0.7867,0.1618,0.575554
0.8400,0.7867,0.2675,0.575004
0.8400,0.7867,0.3701,0.574391
0.8400,0.7867,0.4684,0.573717
0.8400,0.7867,0.5612,0.572987
0.8400,0.7867,0.6474,0.572205
0.8400,0.7867,0.7260,0.571375
0.8400,0.7867,0.7961,0.570499
0.8400,0.7867,0.8569,0.569582
0.8400,0.7867,0.9076,0.568627
0.8400,0.7867,0.9477,0.567636
0.8400,0.7867,0.9766,0.566613
0.8400,0.7867,0.9941,0.565560
0.8400,0.7867,1.0000,0.564480
0.8400,0.8400,-1.0000,1.015432
0.8400,0.8400,-0.9941,1.013592
0.8400,0.8400,-0.9766,1.011944
0.8400,0.8400,-0.9477,1.010492
0.8400,0.8400,-0.9076,1.009241
0.8400,0.8400,-0.8569,1.008192
0.8400,0.8400,-0.7961,1.007345
0.8400,0.8400,-0.7260,1.006698
0.8400,0.8400,-0.6474,1.006248
0.8400,0.8400,-0.5612,1.005990
0.8400,0.8400,-0.4684,1.005917
0.8400,0.8400,-0.3701,1.006024
0.8400,0.8400,-0.2675,1.006300
0.8400,0.8400,-0.1618,1.006739
0.8400,0.8400,-0.0541,1.007331
0.8400,0.8400,0.0541,1.008065
0.8400,0.8400,0.1618,1.008933
0.8400,0.8400,0.2675,1.009925
0.8400,0.8400,0.3701,1.011031
0.8400,0.8400,0.4684,1.012241
0.8400,0.8400,0.5612,1.013546
0.8400,0.8400,0.6474,1.014937
0.8400,0.8400,0.7260,1.016406
0.8400,0.8400,0.7961,1.017944
0.8400,0.8400,0.8569,1.019543
0.8400,0.8400,0.9076,1.021196
0.8400,0.8400,0.9477,1.022896
0.8400,0.8400,0.9766,1.024636
0.8400,0.8400,0.9941,1.026410
0.8400,0.8400,1.0000,1.028213
0.8933,0.2000,-1.0000,0.639263
0.8933,0.2000,-0.9941,0.637756
0.8933,0.2000,-0.9766,0.635971
0.8933,0.2000,-0.9477,0.633842
0.8933,0.2000,-0.9076,0.631283
0.8933,0.2000,-0.8569,0.628172
0.8933,0.2000,-0.7961,0.624336
0.8933,0.2000,-0.7260,0.619507
0.8933,0.2000,-0.6474,0.611822
0.8933,0.2000,-0.5612,0.591132
0.8933,0.2000,-0.4684,0.538937
0.8933,0.2000,-0.3701,0.464885
0.8933,0.2000,-0.2675,0.352461
0.8933,0.2000,-0.1618,0.380840
0.8933,0.2000,-0.0541,0.703934
0.8933,0.2000,0.0541,0.473470
0.8933,0.2000,0.1618,0.368309
0.8933,0.2000,0.2675,0.470616
0.8933,0.2000,0.3701,0.537056
0.8933,0.2000,0.4684,0.565887
0.8933,0.2000,0.5612,0.584488
0.8933,0.2000,0.6474,0.596394
0.8933,0.2000,0.7260,0.605087
0.8933,0.2000,0.7961,0.611975
0.8933,0.2000,0.8569,0.617562
0.8933,0.2000,0.9076,0.622178
0.8933,0.2000,0.9477,0.626052
0.8933,0.2000,0.9766,0.629343
0.8933,0.2000,0.9941,0.632169
0.8933,0.2000,1.0000,0.634617
0.8933,0.2533,-1.0000,0.631789
0.8933,0.2533,-0.9941,0.629924
0.8933,0.2533,-0.9766,0.627729
0.8933,0.2533,-0.9477,0.625130
0.8933,0.2533,-0.9076,0.622025
0.8933,0.2533,-0.8569,0.618277
0.8933,0.2533,-0.7961,0.613641
0.8933,0.2533,-0.7260,0.607919
0.8933,0.2533,-0.6474,0.594712
0.8933,0.2533,-0.5612,0.563700
0.8933,0.2533,-0.4684,0.496926
0.8933,0.2533,-0.3701,0.406772
0.8933,0.2533,-0.2675,0.294974
0.8933,0.2533,-0.1618,0.353866
0.8933,0.2533,-0.0541,0.709792
0.8933,0.2533,0.0541,0.442137
0.8933,0.2533,0.1618,0.390073
0.8933,0.2533,0.2675,0.466793
0.8933,0.2533,0.3701,0.523813
0.8933,0.2533,0.4684,0.553303
0.8933,0.2533,0.5612,0.573016
0.8933,0.2533,0.6474,0.585471
0.8933,0.2533,0.7260,0.595153
0.8933,0.2533,0.7961,0.602887
0.8933,0.2533,0.8569,0.609202
0.8933,0.2533,0.9076,0.614448
0.8933,0.2533,0.9477,0.618869
0.8933,0.2533,0.9766,0.622640
0.8933,0.2533,0.9941,0.625889
0.8933,0.2533,1.0000,0.628710
0.8933,0.3067,-1.0000,0.622948
0.8933,0.3067,-0.9941,0.620693
0.8933,0.3067,-0.9766,0.618056
0.8933,0.3067,-0.9477,0.614954
0.8933,0.3067,-0.9076,0.611276
0.8933,0.3067,-0.8569,0.606822
0.8933,0.3067,-0.7961,0.601464
0.8933,0.3067,-0.7260,0.590110
0.8933,0.3067,-0.6474,0.568534
0.8933,0.3067,-0.5612,0.515254
0.8933,0.3067,-0.4684,0.444858
0.8933,0.3067,-0.3701,0.333624
0.8933,0.3067,-0.2675,0.243547
0.8933,0.3067,-0.1618,0.459958
0.8933,0.3067,-0.0541,0.733124
0.8933,0.3067,0.0541,0.387862
0.8933,0.3067,0.1618,0.400818
0.8933,0.3067,0.2675,0.470907
0.8933,0.3067,0.3701,0.509012
0.8933,0.3067,0.4684,0.542097
0.8933,0.3067,0.5612,0.559779
0.8933,0.3067,0.6474,0.573267
0.8933,0.3067,0.7260,0.583889
0.8933,0.3067,0.7961,0.592464
0.8933,0.3067,0.8569,0.599524
0.8933,0.3067,0.9076,0.605430
0.8933,0.3067,0.9477,0.610437
0.8933,0.3067,0.9766,0.614728
0.8933,0.3067,0.9941,0.618440
0.8933,0.3067,1.0000,0.621676
0.8933,0.3600,-1.0000,0.612812
0.8933,0.3600,-0.9941,0.610160
0.8933,0.3600,-0.9766,0.607081
0.8933,0.3600,-0.9477,0.603485
0.8933,0.3600,-0.9076,0.599209
0.8933,0.3600,-0.8569,0.594173
0.8933,0.3600,-0.7961,0.583621
0.8933,0.3600,-0.7260,0.559728
0.8933,0.3600,-0.6474,0.514563
0.8933,0.3600,-0.5612,0.462238
0.8933,0.3600,-0.4684,0.342722
0.8933,0.3600,-0.3701,0.223829
0.8933,0.3600,-0.2675,0.223383
0.8933,0.3600,-0.1618,0.592076
0.8933,0.3600,-0.0541,0.768546
0.8933,0.3600,0.0541,0.358896
0.8933,0.3600,0.1618,0.405093
0.8933,0.3600,0.2675,0.462954
0.8933,0.3600,0.3701,0.503312
0.8933,0.3600,0.4684,0.527699
0.8933,0.3600,0.5612,0.545988
0.8933,0.3600,0.6474,0.560228
0.8933,0.3600,0.7260,0.571623
0.8933,0.3600,0.7961,0.580940
0.8933,0.3600,0.8569,0.588692
0.8933,0.3600,0.9076,0.595235
0.8933,0.3600,0.9477,0.600822
0.8933,0.3600,0.9766,0.605641
0.8933,0.3600,0.9941,0.609832
0.8933,0.3600,1.0000,0.613503
0.8933,0.4133,-1.0000,0.601657
0.8933,0.4133,-0.9941,0.598644
0.8933,0.4133,-0.9766,0.595171
0.8933,0.4133,-0.9477,0.591135
0.8933,0.4133,-0.9076,0.585294
0.8933,0.4133,-0.8569,0.575175
0.8933,0.4133,-0.7961,0.540372
0.8933,0.4133,-0.7260,0.499212
0.8933,0.4133,-0.6474,0.431692
0.8933,0.4133,-0.5612,0.318262
0.8933,0.4133,-0.4684,0.202083
0.8933,0.4133,-0.3701,0.157458
0.8933,0.4133,-0.2675,0.397941
0.8933,0.4133,-0.1618,0.758065
0.8933,0.4133,-0.0541,0.763533
0.8933,0.4133,0.0541,0.340545
0.8933,0.4133,0.1618,0.409857
0.8933,0.4133,0.2675,0.459284
0.8933,0.4133,0.3701,0.490846
0.8933,0.4133,0.4684,0.514371
0.8933,0.4133,0.5612,0.532593
0.8933,0.4133,0.6474,0.547123
0.8933,0.4133,0.7260,0.558972
0.8933,0.4133,0.7961,0.568812
0.8933,0.4133,0.8569,0.577105
0.8933,0.4133,0.9076,0.584180
0.8933,0.4133,0.9477,0.590278
0.8933,0.4133,0.9766,0.595579
0.8933,0.4133,0.9941,0.600222
0.8933,0.4133,1.0000,0.604312
0.8933,0.4667,-1.0000,0.589984
0.8933,0.4667,-0.9941,0.586686
0.8933,0.4667,-0.9766,0.579040
0.8933,0.4667,-0.9477,0.572862
0.8933,0.4667,-0.9076,0.547156
0.8933,0.4667,-0.8569,0.506581
0.8933,0.4667,-0.7961,0.457469
0.8933,0.4667,-0.7260,0.355993
0.8933,0.4667,-0.6474,0.250129
0.8933,0.4667,-0.5612,0.137710
0.8933,0.4667,-0.4684,0.119149
0.8933,0.4667,-0.3701,0.377101
0.8933,0.4667,-0.2675,0.719356
0.8933,0.4667,-0.1618,0.861258
0.8933,0.4667,-0.0541,0.746471
0.8933,0.4667,0.0541,0.364585
0.8933,0.4667,0.1618,0.417036
0.8933,0.4667,0.2675,0.454048
0.8933,0.4667,0.3701,0.481820
0.8933,0.4667,0.4684,0.503457
0.8933,0.4667,0.5612,0.520795
0.8933,0.4667,0.6474,0.534996
0.8933,0.4667,0.7260,0.546835
0.8933,0.4667,0.7961,0.556846
0.8933,0.4667,0.8569,0.565413
0.8933,0.4667,0.9076,0.572818
0.8933,0.4667,0.9477,0.579272
0.8933,0.4667,0.9766,0.584939
0.8933,0.4667,0.9941,0.589943
0.8933,0.4667,1.0000,0.594386
0.8933,0.5200,-1.0000,0.572761
0.8933,0.5200,-0.9941,0.549299
0.8933,0.5200,-0.9766,0.514949
0.8933,0.5200,-0.9477,0.475450
0.8933,0.5200,-0.9076,0.404857
0.8933,0.5200,-0.8569,0.307264
0.8933,0.5200,-0.7961,0.199104
0.8933,0.5200,-0.7260,0.099002
0.8933,0.5200,-0.6474,0.068817
0.8933,0.5200,-0.5612,0.171239
0.8933,0.5200,-0.4684,0.476153
0.8933,0.5200,-0.3701,0.821097
0.8933,0.5200,-0.2675,0.902766
0.8933,0.5200,-0.1618,0.860081
0.8933,0.5200,-0.0541,0.706995
0.8933,0.5200,0.0541,0.387679
0.8933,0.5200,0.1618,0.425324
0.8933,0.5200,0.2675,0.454339
0.8933,0.5200,0.3701,0.477423
0.8933,0.5200,0.4684,0.496235
0.8933,0.5200,0.5612,0.511861
0.8933,0.5200,0.6474,0.525041
0.8933,0.5200,0.7260,0.536300
0.8933,0.5200,0.7961,0.546020
0.8933,0.5200,0.8569,0.554488
0.8933,0.5200,0.9076,0.561920
0.8933,0.5200,0.9477,0.568485
0.8933,0.5200,0.9766,0.574317
0.8933,0.5200,0.9941,0.579522
0.8933,0.5200,1.0000,0.584185
0.8933,0.5733,-1.0000,0.390189
0.8933,0.5733,-0.9941,0.321264
0.8933,0.5733,-0.9766,0.228386
0.8933,0.5733,-0.9477,0.131347
0.8933,0.5733,-0.9076,0.056211
0.8933,0.5733,-0.8569,0.036780
0.8933,0.5733,-0.7961,0.071332
0.8933,0.5733,-0.7260,0.210542
0.8933,0.5733,-0.6474,0.543701
0.8933,0.5733,-0.5612,0.840178
0.8933,0.5733,-0.4684,0.920715
0.8933,0.5733,-0.3701,0.917388
0.8933,0.5733,-0.2675,0.886290
0.8933,0.5733,-0.1618,0.826649
0.8933,0.5733,-0.0541,0.671711
0.8933,0.5733,0.0541,0.412754
0.8933,0.5733,0.1618,0.438782
0.8933,0.5733,0.2675,0.460266
0.8933,0.5733,0.3701,0.478307
0.8933,0.5733,0.4684,0.493670
0.8933,0.5733,0.5612,0.506905
0.8933,0.5733,0.6474,0.518417
0.8933,0.5733,0.7260,0.528514
0.8933,0.5733,0.7961,0.537432
0.8933,0.5733,0.8569,0.545357
0.8933,0.5733,0.9076,0.552436
0.8933,0.5733,0.9477,0.558788
0.8933,0.5733,0.9766,0.564509
0.8933,0.5733,0.9941,0.569678
0.8933,0.5733,1.0000,0.574361
0.8933,0.6267,-1.0000,0.017116
0.8933,0.6267,-0.9941,0.021796
0.8933,0.6267,-0.9766,0.086425
0.8933,0.6267,-0.9477,0.211545
0.8933,0.6267,-0.9076,0.437548
0.8933,0.6267,-0.8569,0.729782
0.8933,0.6267,-0.7961,0.905113
0.8933,0.6267,-0.7260,0.944872
0.8933,0.6267,-0.6474,0.941544
0.8933,0.6267,-0.5612,0.929486
0.8933,0.6267,-0.4684,0.913130
0.8933,0.6267,-0.3701,0.889709
0.8933,0.6267,-0.2675,0.853374
0.8933,0.6267,-0.1618,0.789099
0.8933,0.6267,-0.0541,0.640802
0.8933,0.6267,0.0541,0.439247
0.8933,0.6267,0.1618,0.456380
0.8933,0.6267,0.2675,0.471352
0.8933,0.6267,0.3701,0.484542
0.8933,0.6267,0.4684,0.496244
0.8933,0.6267,0.5612,0.506689
0.8933,0.6267,0.6474,0.516061
0.8933,0.6267,0.7260,0.524507
0.8933,0.6267,0.7961,0.532151
0.8933,0.6267,0.8569,0.539092
0.8933,0.6267,0.9076,0.545414
0.8933,0.6267,0.9477,0.551186
0.8933,0.6267,0.9766,0.556467
0.8933,0.6267,0.9941,0.561309
0.8933,0.6267,1.0000,0.565752
0.8933,0.6800,-1.0000,0.937416
0.8933,0.6800,-0.9941,0.958589
0.8933,0.6800,-0.9766,0.958264
0.8933,0.6800,-0.9477,0.953885
0.8933,0.6800,-0.9076,0.948741
0.8933,0.6800,-0.8569,0.942633
0.8933,0.6800,-0.7961,0.935279
0.8933,0.6800,-0.7260,0.926275
0.8933,0.6800,-0.6474,0.915022
0.8933,0.6800,-0.5612,0.900578
0.8933,0.6800,-0.4684,0.881391
0.8933,0.6800,-0.3701,0.854680
0.8933,0.6800,-0.2675,0.814899
0.8933,0.6800,-0.1618,0.749000
0.8933,0.6800,-0.0541,0.615666
0.8933,0.6800,0.0541,0.466374
0.8933,0.6800,0.1618,0.477016
0.8933,0.6800,0.2675,0.486756
0.8933,0.6800,0.3701,0.495697
0.8933,0.6800,0.4684,0.503927
0.8933,0.6800,0.5612,0.511519
0.8933,0.6800,0.6474,0.518537
0.8933,0.6800,0.7260,0.525037
0.8933,0.6800,0.7961,0.531066
0.8933,0.6800,0.8569,0.536665
0.8933,0.6800,0.9076,0.541871
0.8933,0.6800,0.9477,0.546716
0.8933,0.6800,0.9766,0.551228
0.8933,0.6800,0.9941,0.555431
0.8933,0.6800,1.0000,0.559346
0.8933,0.7333,-1.0000,0.940968
0.8933,0.7333,-0.9941,0.936777
0.8933,0.7333,-0.9766,0.931971
0.8933,0.7333,-0.9477,0.926422
0.8933,0.7333,-0.9076,0.919965
0.8933,0.7333,-0.8569,0.912377
0.8933,0.7333,-0.7961,0.903352
0.8933,0.7333,-0.7260,0.892463
0.8933,0.7333,-0.6474,0.879092
0.8933,0.7333,-0.5612,0.862304
0.8933,0.7333,-0.4684,0.840618
0.8933,0.7333,-0.3701,0.811529
0.8933,0.7333,-0.2675,0.770404
0.8933,0.7333,-0.1618,0.707481
0.8933,0.7333,-0.0541,0.597242
0.8933,0.7333,0.0541,0.493683
0.8933,0.7333,0.1618,0.499789
0.8933,0.7333,0.2675,0.505587
0.8933,0.7333,0.3701,0.511096
0.8933,0.7333,0.4684,0.516329
0.8933,0.7333,0.5612,0.521303
0.8933,0.7333,0.6474,0.526030
0.8933,0.7333,0.7260,0.530522
0.8933,0.7333,0.7961,0.534790
0.8933,0.7333,0.8569,0.538845
0.8933,0.7333,0.9076,0.542697
0.8933,0.7333,0.9477,0.546353
0.8933,0.7333,0.9766,0.549821
0.8933,0.7333,0.9941,0.553109
0.8933,0.7333,1.0000,0.556222
0.8933,0.7867,-1.0000,0.918494
0.8933,0.7867,-0.9941,0.913722
0.8933,0.7867,-0.9766,0.908260
0.8933,0.7867,-0.9477,0.901981
0.8933,0.7867,-0.9076,0.894721
0.8933,0.7867,-0.8569,0.886267
0.8933,0.7867,-0.7961,0.876337
0.8933,0.7867,-0.7260,0.864546
0.8933,0.7867,-0.6474,0.850361
0.8933,0.7867,-0.5612,0.833013
0.8933,0.7867,-0.4684,0.811359
0.8933,0.7867,-0.3701,0.783603
0.8933,0.7867,-0.2675,0.746739
0.8933,0.7867,-0.1618,0.695275
0.8933,0.7867,-0.0541,0.617727
0.8933,0.7867,0.0541,0.552267
0.8933,0.7867,0.1618,0.553261
0.8933,0.7867,0.2675,0.554151
0.8933,0.7867,0.3701,0.554942
0.8933,0.7867,0.4684,0.555634
0.8933,0.7867,0.5612,0.556230
0.8933,0.7867,0.6474,0.556732
0.8933,0.7867,0.7260,0.557142
0.8933,0.7867,0.7961,0.557463
0.8933,0.7867,0.8569,0.557695
0.8933,0.7867,0.9076,0.557840
0.8933,0.7867,0.9477,0.557900
0.8933,0.7867,0.9766,0.557877
0.8933,0.7867,0.9941,0.557770
0.8933,0.7867,1.0000,0.557582
0.8933,0.8400,-1.0000,0.882408
0.8933,0.8400,-0.9941,0.876916
0.8933,0.8400,-0.9766,0.870609
0.8933,0.8400,-0.9477,0.863368
0.8933,0.8400,-0.9076,0.855043
0.8933,0.8400,-0.8569,0.845449
0.8933,0.8400,-0.7961,0.834351
0.8933,0.8400,-0.7260,0.821446
0.8933,0.8400,-0.6474,0.806342
0.8933,0.8400,-0.5612,0.788511
0.8933,0.8400,-0.4684,0.767238
0.8933,0.8400,-0.3701,0.741511
0.8933,0.8400,-0.2675,0.709852
0.8933,0.8400,-0.1618,0.669988
0.8933,0.8400,-0.0541,0.618191
0.8933,0.8400,0.0541,0.576276
0.8933,0.8400,0.1618,0.575820
0.8933,0.8400,0.2675,0.575299
0.8933,0.8400,0.3701,0.574717
0.8933,0.8400,0.4684,0.574079
0.8933,0.8400,0.5612,0.573389
0.8933,0.8400,0.6474,0.572650
0.8933,0.8400,0.7260,0.571865
0.8933,0.8400,0.7961,0.571039
0.8933,0.8400,0.8569,0.570174
0.8933,0.8400,0.9076,0.569274
0.8933,0.8400,0.9477,0.568341
0.8933,0.8400,0.9766,0.567379
0.8933,0.8400,0.9941,0.566391
0.8933,0.8400,1.0000,0.565378
0.8933,0.8933,-1.0000,1.014042
0.8933,0.8933,-0.9941,1.012065
0.8933,0.8933,-0.9766,1.010294
0.8933,0.8933,-0.9477,1.008736
0.8933,0.8933,-0.9076,1.007394
0.8933,0.8933,-0.8569,1.006269
0.8933,0.8933,-0.7961,1.005362
0.8933,0.8933,-0.7260,1.004669
0.8933,0.8933,-0.6474,1.004187
0.8933,0.8933,-0.5612,1.003910
0.8933,0.8933,-0.4684,1.003833
0.8933,0.8933,-0.3701,1.003947
0.8933,0.8933,-0.2675,1.004243
0.8933,0.8933,-0.1618,1.004713
0.8933,0.8933,-0.0541,1.005346
0.8933,0.8933,0.0541,1.006133
0.8933,0.8933,0.1618,1.007064
0.8933,0.8933,0.2675,1.008127
0.8933,0.8933,0.3701,1.009313
0.8933,0.8933,0.4684,1.010612
0.8933,0.8933,0.5612,1.012014
0.8933,0.8933,0.6474,1.013510
0.8933,0.8933,0.7260,1.015089
0.8933,0.8933,0.7961,1.016745
0.8933,0.8933,0.8569,1.018467
0.8933,0.8933,0.9076,1.020249
0.8933,0.8933,0.9477,1.022083
0.8933,0.8933,0.9766,1.023962
0.8933,0.8933,0.9941,1.025880
0.8933,0.8933,1.0000,1.027830
0.9467,0.2000,-1.0000,0.641137
0.9467,0.2000,-0.9941,0.639725
0.9467,0.2000,-0.9766,0.638051
0.9467,0.2000,-0.9477,0.636054
0.9467,0.2000,-0.9076,0.633650
0.9467,0.2000,-0.8569,0.630725
0.9467,0.2000,-0.7961,0.627113
0.9467,0.2000,-0.7260,0.622558
0.9467,0.2000,-0.6474,0.615742
0.9467,0.2000,-0.5612,0.601126
0.9467,0.2000,-0.4684,0.553891
0.9467,0.2000,-0.3701,0.462806
0.9467,0.2000,-0.2675,0.366406
0.9467,0.2000,-0.1618,0.354580
0.9467,0.2000,-0.0541,0.704098
0.9467,0.2000,0.0541,0.481123
0.9467,0.2000,0.1618,0.394105
0.9467,0.2000,0.2675,0.477825
0.9467,0.2000,0.3701,0.538677
0.9467,0.2000,0.4684,0.570885
0.9467,0.2000,0.5612,0.587612
0.9467,0.2000,0.6474,0.600380
0.9467,0.2000,0.7260,0.608663
0.9467,0.2000,0.7961,0.615212
0.9467,0.2000,0.8569,0.620514
0.9467,0.2000,0.9076,0.624889
0.9467,0.2000,0.9477,0.628556
0.9467,0.2000,0.9766,0.631669
0.9467,0.2000,0.9941,0.634340
0.9467,0.2000,1.0000,0.636652
0.9467,0.2533,-1.0000,0.634238
0.9467,0.2533,-0.9941,0.632490
0.9467,0.2533,-0.9766,0.630430
0.9467,0.2533,-0.9477,0.627987
0.9467,0.2533,-0.9076,0.625067
0.9467,0.2533,-0.8569,0.621535
0.9467,0.2533,-0.7961,0.617156
0.9467,0.2533,-0.7260,0.611741
0.9467,0.2533,-0.6474,0.599778
0.9467,0.2533,-0.5612,0.568624
0.9467,0.2533,-0.4684,0.513485
0.9467,0.2533,-0.3701,0.417175
0.9467,0.2533,-0.2675,0.299620
0.9467,0.2533,-0.1618,0.348356
0.9467,0.2533,-0.0541,0.700814
0.9467,0.2533,0.0541,0.463019
0.9467,0.2533,0.1618,0.378849
0.9467,0.2533,0.2675,0.475843
0.9467,0.2533,0.3701,0.526328
0.9467,0.2533,0.4684,0.558929
0.9467,0.2533,0.5612,0.578230
0.9467,0.2533,0.6474,0.590170
0.9467,0.2533,0.7260,0.599415
0.9467,0.2533,0.7961,0.606780
0.9467,0.2533,0.8569,0.612778
0.9467,0.2533,0.9076,0.617752
0.9467,0.2533,0.9477,0.621937
0.9467,0.2533,0.9766,0.625501
0.9467,0.2533,0.9941,0.628568
0.9467,0.2533,1.0000,0.631229
0.9467,0.3067,-1.0000,0.626091
0.9467,0.3067,-0.9941,0.623972
0.9467,0.3067,-0.9766,0.621491
0.9467,0.3067,-0.9477,0.618568
0.9467,0.3067,-0.9076,0.615096
0.9467,0.3067,-0.8569,0.610926
0.9467,0.3067,-0.7961,0.605842
0.9467,0.3067,-0.7260,0.598186
0.9467,0.3067,-0.6474,0.576203
0.9467,0.3067,-0.5612,0.534412
0.9467,0.3067,-0.4684,0.469984
0.9467,0.3067,-0.3701,0.359135
0.9467,0.3067,-0.2675,0.258494
0.9467,0.3067,-0.1618,0.441248
0.9467,0.3067,-0.0541,0.729057
0.9467,0.3067,0.0541,0.395711
0.9467,0.3067,0.1618,0.399759
0.9467,0.3067,0.2675,0.473590
0.9467,0.3067,0.3701,0.516033
0.9467,0.3067,0.4684,0.545870
0.9467,0.3067,0.5612,0.565689
0.9467,0.3067,0.6474,0.578700
0.9467,0.3067,0.7260,0.588894
0.9467,0.3067,0.7961,0.597090
0.9467,0.3067,0.8569,0.603816
0.9467,0.3067,0.9076,0.609427
0.9467,0.3067,0.9477,0.614173
0.9467,0.3067,0.9766,0.618233
0.9467,0.3067,0.9941,0.621739
0.9467,0.3067,1.0000,0.624791
0.9467,0.3600,-1.0000,0.616741
0.9467,0.3600,-0.9941,0.614238
0.9467,0.3600,-0.9766,0.611325
0.9467,0.3600,-0.9477,0.607916
0.9467,0.3600,-0.9076,0.603894
0.9467,0.3600,-0.8569,0.599091
0.9467,0.3600,-0.7961,0.592077
0.9467,0.3600,-0.7260,0.578240
0.9467,0.3600,-0.6474,0.540376
0.9467,0.3600,-0.5612,0.475704
0.9467,0.3600,-0.4684,0.386807
0.9467,0.3600,-0.3701,0.275665
0.9467,0.3600,-0.2675,0.208004
0.9467,0.3600,-0.1618,0.530659
0.9467,0.3600,-0.0541,0.758342
0.9467,0.3600,0.0541,0.360364
0.9467,0.3600,0.1618,0.398597
0.9467,0.3600,0.2675,0.467339
0.9467,0.3600,0.3701,0.507451
0.9467,0.3600,0.4684,0.534451
0.9467,0.3600,0.5612,0.552432
0.9467,0.3600,0.6474,0.566312
0.9467,0.3600,0.7260,0.577343
0.9467,0.3600,0.7961,0.586313
0.9467,0.3600,0.8569,0.593743
0.9467,0.3600,0.9076,0.599989
0.9467,0.3600,0.9477,0.605307
0.9467,0.3600,0.9766,0.609881
0.9467,0.3600,0.9941,0.613850
0.9467,0.3600,1.0000,0.617319
0.9467,0.4133,-1.0000,0.606386
0.9467,0.4133,-0.9941,0.603515
0.9467,0.4133,-0.9766,0.600197
0.9467,0.4133,-0.9477,0.596330
0.9467,0.4133,-0.9076,0.591806
0.9467,0.4133,-0.8569,0.582213
0.9467,0.4133,-0.7961,0.565898
0.9467,0.4133,-0.7260,0.529102
0.9467,0.4133,-0.6474,0.473807
0.9467,0.4133,-0.5612,0.391644
0.9467,0.4133,-0.4684,0.254159
0.9467,0.4133,-0.3701,0.175067
0.9467,0.4133,-0.2675,0.295605
0.9467,0.4133,-0.1618,0.690224
0.9467,0.4133,-0.0541,0.769908
0.9467,0.4133,0.0541,0.344544
0.9467,0.4133,0.1618,0.409256
0.9467,0.4133,0.2675,0.462398
0.9467,0.4133,0.3701,0.497063
0.9467,0.4133,0.4684,0.520961
0.9467,0.4133,0.5612,0.539210
0.9467,0.4133,0.6474,0.553600
0.9467,0.4133,0.7260,0.565231
0.9467,0.4133,0.7961,0.574819
0.9467,0.4133,0.8569,0.582851
0.9467,0.4133,0.9076,0.589668
0.9467,0.4133,0.9477,0.595518
0.9467,0.4133,0.9766,0.600585
0.9467,0.4133,0.9941,0.605007
0.9467,0.4133,1.0000,0.608892
0.9467,0.4667,-1.0000,0.595391
0.9467,0.4667,-0.9941,0.592211
0.9467,0.4667,-0.9766,0.588552
0.9467,0.4667,-0.9477,0.583229
0.9467,0.4667,-0.9076,0.573933
0.9467,0.4667,-0.8569,0.548034
0.9467,0.4667,-0.7961,0.510405
0.9467,0.4667,-0.7260,0.450105
0.9467,0.4667,-0.6474,0.340424
0.9467,0.4667,-0.5612,0.231663
0.9467,0.4667,-0.4684,0.130983
0.9467,0.4667,-0.3701,0.176937
0.9467,0.4667,-0.2675,0.557358
0.9467,0.4667,-0.1618,0.822008
0.9467,0.4667,-0.0541,0.759340
0.9467,0.4667,0.0541,0.354196
0.9467,0.4667,0.1618,0.416066
0.9467,0.4667,0.2675,0.456852
0.9467,0.4667,0.3701,0.486548
0.9467,0.4667,0.4684,0.509171
0.9467,0.4667,0.5612,0.526989
0.9467,0.4667,0.6474,0.541383
0.9467,0.4667,0.7260,0.553246
0.9467,0.4667,0.7961,0.563184
0.9467,0.4667,0.8569,0.571622
0.9467,0.4667,0.9076,0.578865
0.9467,0.4667,0.9477,0.585141
0.9467,0.4667,0.9766,0.590622
0.9467,0.4667,0.9941,0.595442
0.9467,0.4667,1.0000,0.599704
0.9467,0.5200,-1.0000,0.584237
0.9467,0.5200,-0.9941,0.576921
0.9467,0.5200,-0.9766,0.567700
0.9467,0.5200,-0.9477,0.536020
0.9467,0.5200,-0.9076,0.500109
0.9467,0.5200,-0.8569,0.450247
0.9467,0.5200,-0.7961,0.351214
0.9467,0.5200,-0.7260,0.247325
0.9467,0.5200,-0.6474,0.139502
0.9467,0.5200,-0.5612,0.086938
0.9467,0.5200,-0.4684,0.194058
0.9467,0.5200,-0.3701,0.547230
0.9467,0.5200,-0.2675,0.839559
0.9467,0.5200,-0.1618,0.875522
0.9467,0.5200,-0.0541,0.727197
0.9467,0.5200,0.0541,0.375621
0.9467,0.5200,0.1618,0.420763
0.9467,0.5200,0.2675,0.454099
0.9467,0.5200,0.3701,0.479786
0.9467,0.5200,0.4684,0.500205
0.9467,0.5200,0.5612,0.516829
0.9467,0.5200,0.6474,0.530621
0.9467,0.5200,0.7260,0.542241
0.9467,0.5200,0.7961,0.552156
0.9467,0.5200,0.8569,0.560705
0.9467,0.5200,0.9076,0.568144
0.9467,0.5200,0.9477,0.574664
0.9467,0.5200,0.9766,0.580417
0.9467,0.5200,0.9941,0.585521
0.9467,0.5200,1.0000,0.590069
0.9467,0.5733,-1.0000,0.528816
0.9467,0.5733,-0.9941,0.499169
0.9467,0.5733,-0.9766,0.446796
0.9467,0.5733,-0.9477,0.362503
0.9467,0.5733,-0.9076,0.273717
0.9467,0.5733,-0.8569,0.167928
0.9467,0.5733,-0.7961,0.076854
0.9467,0.5733,-0.7260,0.054834
0.9467,0.5733,-0.6474,0.125452
0.9467,0.5733,-0.5612,0.387318
0.9467,0.5733,-0.4684,0.736031
0.9467,0.5733,-0.3701,0.896517
0.9467,0.5733,-0.2675,0.901686
0.9467,0.5733,-0.1618,0.847309
0.9467,0.5733,-0.0541,0.692001
0.9467,0.5733,0.0541,0.397859
0.9467,0.5733,0.1618,0.430549
0.9467,0.5733,0.2675,0.456467
0.9467,0.5733,0.3701,0.477541
0.9467,0.5733,0.4684,0.495017
0.9467,0.5733,0.5612,0.509743
0.9467,0.5733,0.6474,0.522313
0.9467,0.5733,0.7260,0.533160
0.9467,0.5733,0.7961,0.542607
0.9467,0.5733,0.8569,0.550899
0.9467,0.5733,0.9076,0.558225
0.9467,0.5733,0.9477,0.564735
0.9467,0.5733,0.9766,0.570547
0.9467,0.5733,0.9941,0.575759
0.9467,0.5733,1.0000,0.580447
0.9467,0.6267,-1.0000,0.243087
0.9467,0.6267,-0.9941,0.152490
0.9467,0.6267,-0.9766,0.071538
0.9467,0.6267,-0.9477,0.030888
0.9467,0.6267,-0.9076,0.027671
0.9467,0.6267,-0.8569,0.085751
0.9467,0.6267,-0.7961,0.223996
0.9467,0.6267,-0.7260,0.545868
0.9467,0.6267,-0.6474,0.836615
0.9467,0.6267,-0.5612,0.927935
0.9467,0.6267,-0.4684,0.929140
0.9467,0.6267,-0.3701,0.908838
0.9467,0.6267,-0.2675,0.875301
0.9467,0.6267,-0.1618,0.813749
0.9467,0.6267,-0.0541,0.660017
0.9467,0.6267,0.0541,0.421958
0.9467,0.6267,0.1618,0.444665
0.9467,0.6267,0.2675,0.463794
0.9467,0.6267,0.3701,0.480132
0.9467,0.6267,0.4684,0.494243
0.9467,0.6267,0.5612,0.506547
0.9467,0.6267,0.6474,0.517363
0.9467,0.6267,0.7260,0.526936
0.9467,0.6267,0.7961,0.535460
0.9467,0.6267,0.8569,0.543088
0.9467,0.6267,0.9076,0.549946
0.9467,0.6267,0.9477,0.556134
0.9467,0.6267,0.9766,0.561736
0.9467,0.6267,0.9941,0.566821
0.9467,0.6267,1.0000,0.571447
0.9467,0.6800,-1.0000,0.064772
0.9467,0.6800,-0.9941,0.175231
0.9467,0.6800,-0.9766,0.287337
0.9467,0.6800,-0.9477,0.572157
0.9467,0.6800,-0.9076,0.831345
0.9467,0.6800,-0.8569,0.929609
0.9467,0.6800,-0.7961,0.949531
0.9467,0.6800,-0.7260,0.944305
0.9467,0.6800,-0.6474,0.934492
0.9467,0.6800,-0.5612,0.921750
0.9467,0.6800,-0.4684,0.904560
0.9467,0.6800,-0.3701,0.880126
0.9467,0.6800,-0.2675,0.842627
0.9467,0.6800,-0.1618,0.777448
0.9467,0.6800,-0.0541,0.632424
0.9467,0.6800,0.0541,0.447105
0.9467,0.6800,0.1618,0.462172
0.9467,0.6800,0.2675,0.475525
0.9467,0.6800,0.3701,0.487434
0.9467,0.6800,0.4684,0.498114
0.9467,0.6800,0.5612,0.507739
0.9467,0.6800,0.6474,0.516448
0.9467,0.6800,0.7260,0.524358
0.9467,0.6800,0.7961,0.531566
0.9467,0.6800,0.8569,0.538153
0.9467,0.6800,0.9076,0.544186
0.9467,0.6800,0.9477,0.549724
0.9467,0.6800,0.9766,0.554815
0.9467,0.6800,0.9941,0.559502
0.9467,0.6800,1.0000,0.563821
0.9467,0.7333,-1.0000,0.960386
0.9467,0.7333,-0.9941,0.956925
0.9467,0.7333,-0.9766,0.952934
0.9467,0.7333,-0.9477,0.948299
0.9467,0.7333,-0.9076,0.942866
0.9467,0.7333,-0.8569,0.936428
0.9467,0.7333,-0.7961,0.928697
0.9467,0.7333,-0.7260,0.919260
0.9467,0.7333,-0.6474,0.907507
0.9467,0.7333,-0.5612,0.892491
0.9467,0.7333,-0.4684,0.872657
0.9467,0.7333,-0.3701,0.845256
0.9467,0.7333,-0.2675,0.804889
0.9467,0.7333,-0.1618,0.739138
0.9467,0.7333,-0.0541,0.610265
0.9467,0.7333,0.0541,0.472695
0.9467,0.7333,0.1618,0.482154
0.9467,0.7333,0.2675,0.490891
0.9467,0.7333,0.3701,0.498979
0.9467,0.7333,0.4684,0.506479
0.9467,0.7333,0.5612,0.513446
0.9467,0.7333,0.6474,0.519929
0.9467,0.7333,0.7260,0.525969
0.9467,0.7333,0.7961,0.531602
0.9467,0.7333,0.8569,0.536860
0.9467,0.7333,0.9076,0.541773
0.9467,0.7333,0.9477,0.546365
0.9467,0.7333,0.9766,0.550659
0.9467,0.7333,0.9941,0.554674
0.9467,0.7333,1.0000,0.558427
0.9467,0.7867,-1.0000,0.935394
0.9467,0.7867,-0.9941,0.931010
0.9467,0.7867,-0.9766,0.925993
0.9467,0.7867,-0.9477,0.920211
0.9467,0.7867,-0.9076,0.913497
0.9467,0.7867,-0.8569,0.905624
0.9467,0.7867,-0.7961,0.896287
0.9467,0.7867,-0.7260,0.885058
0.9467,0.7867,-0.6474,0.871322
0.9467,0.7867,-0.5612,0.854155
0.9467,0.7867,-0.4684,0.832111
0.9467,0.7867,-0.3701,0.802765
0.9467,0.7867,-0.2675,0.761705
0.9467,0.7867,-0.1618,0.699834
0.9467,0.7867,-0.0541,0.594217
0.9467,0.7867,0.0541,0.498421
0.9467,0.7867,0.1618,0.503917
0.9467,0.7867,0.2675,0.509166
0.9467,0.7867,0.3701,0.514177
0.9467,0.7867,0.4684,0.518962
0.9467,0.7867,0.5612,0.523530
0.9467,0.7867,0.6474,0.527891
0.9467,0.7867,0.7260,0.532052
0.9467,0.7867,0.7961,0.536022
0.9467,0.7867,0.8569,0.539808
0.9467,0.7867,0.9076,0.543416
0.9467,0.7867,0.9477,0.546853
0.9467,0.7867,0.9766,0.550124
0.9467,0.7867,0.9941,0.553234
0.9467,0.7867,1.0000,0.556188
0.9467,0.8400,-1.0000,0.917813
0.9467,0.8400,-0.9941,0.913070
0.9467,0.8400,-0.9766,0.907635
0.9467,0.8400,-0.9477,0.901383
0.9467,0.8400,-0.9076,0.894152
0.9467,0.8400,-0.8569,0.885736
0.9467,0.8400,-0.7961,0.875857
0.9467,0.8400,-0.7260,0.864144
0.9467,0.8400,-0.6474,0.850082
0.9467,0.8400,-0.5612,0.832937
0.9467,0.8400,-0.4684,0.811623
0.9467,0.8400,-0.3701,0.784452
0.9467,0.8400,-0.2675,0.748642
0.9467,0.8400,-0.1618,0.699199
0.9467,0.8400,-0.0541,0.625969
0.9467,0.8400,0.0541,0.564915
0.9467,0.8400,0.1618,0.565028
0.9467,0.8400,0.2675,0.565037
0.9467,0.8400,0.3701,0.564947
0.9467,0.8400,0.4684,0.564760
0.9467,0.8400,0.5612,0.564479
0.9467,0.8400,0.6474,0.564107
0.9467,0.8400,0.7260,0.563648
0.9467,0.8400,0.7961,0.563102
0.9467,0.8400,0.8569,0.562474
0.9467,0.8400,0.9076,0.561764
0.9467,0.8400,0.9477,0.560975
0.9467,0.8400,0.9766,0.560109
0.9467,0.8400,0.9941,0.559167
0.9467,0.8400,1.0000,0.558152
0.9467,0.8933,-1.0000,0.877665
0.9467,0.8933,-0.9941,0.872084
0.9467,0.8933,-0.9766,0.865681
0.9467,0.8933,-0.9477,0.858337
0.9467,0.8933,-0.9076,0.849905
0.9467,0.8933,-0.8569,0.840204
0.9467,0.8933,-0.7961,0.829004
0.9467,0.8933,-0.7260,0.816011
0.9467,0.8933,-0.6474,0.800848
0.9467,0.8933,-0.5612,0.783009
0.9467,0.8933,-0.4684,0.761815
0.9467,0.8933,-0.3701,0.736313
0.9467,0.8933,-0.2675,0.705127
0.9467,0.8933,-0.1618,0.666171
0.9467,0.8933,-0.0541,0.616085
0.9467,0.8933,0.0541,0.576467
0.9467,0.8933,0.1618,0.576033
0.9467,0.8933,0.2675,0.575537
0.9467,0.8933,0.3701,0.574984
0.9467,0.8933,0.4684,0.574378
0.9467,0.8933,0.5612,0.573722
0.9467,0.8933,0.6474,0.573021
0.9467,0.8933,0.7260,0.572277
0.9467,0.8933,0.7961,0.571494
0.9467,0.8933,0.8569,0.570676
0.9467,0.8933,0.9076,0.569825
0.9467,0.8933,0.9477,0.568944
0.9467,0.8933,0.9766,0.568036
0.9467,0.8933,0.9941,0.567104
0.9467,0.8933,1.0000,0.566149
0.9467,0.9467,-1.0000,1.004465
0.9467,0.9467,-0.9941,1.002293
0.9467,0.9467,-0.9766,1.000351
0.9467,0.9467,-0.9477,0.998644
0.9467,0.9467,-0.9076,0.997176
0.9467,0.9467,-0.8569,0.995946
0.9467,0.9467,-0.7961,0.994955
0.9467,0.9467,-0.7260,0.994198
0.9467,0.9467,-0.6474,0.993672
0.9467,0.9467,-0.5612,0.993371
0.9467,0.9467,-0.4684,0.993286
0.9467,0.9467,-0.3701,0.993410
0.9467,0.9467,-0.2675,0.993733
0.9467,0.9467,-0.1618,0.994245
0.9467,0.9467,-0.0541,0.994936
0.9467,0.9467,0.0541,0.995795
0.9467,0.9467,0.1618,0.996812
0.9467,0.9467,0.2675,0.997975
0.9467,0.9467,0.3701,0.999273
0.9467,0.9467,0.4684,1.000696
0.9467,0.9467,0.5612,1.002234
0.9467,0.9467,0.6474,1.003876
0.9467,0.9467,0.7260,1.005612
0.9467,0.9467,0.7961,1.007434
0.9467,0.9467,0.8569,1.009333
0.9467,0.9467,0.9076,1.011299
0.9467,0.9467,0.9477,1.013326
0.9467,0.9467,0.9766,1.015406
0.9467,0.9467,0.9941,1.017532
0.9467,0.9467,1.0000,1.019697
1.0000,0.2000,-1.0000,0.642702
1.0000,0.2000,-0.9941,0.641371
1.0000,0.2000,-0.9766,0.639792
1.0000,0.2000,-0.9477,0.637905
1.0000,0.2000,-0.9076,0.635633
1.0000,0.2000,-0.8569,0.632866
1.0000,0.2000,-0.7961,0.629444
1.0000,0.2000,-0.7260,0.625123
1.0000,0.2000,-0.6474,0.618968
1.0000,0.2000,-0.5612,0.597217
1.0000,0.2000,-0.4684,0.555791
1.0000,0.2000,-0.3701,0.482788
1.0000,0.2000,-0.2675,0.371812
1.0000,0.2000,-0.1618,0.343751
1.0000,0.2000,-0.0541,0.704220
1.0000,0.2000,0.0541,0.484053
1.0000,0.2000,0.1618,0.368571
1.0000,0.2000,0.2675,0.476886
1.0000,0.2000,0.3701,0.546416
1.0000,0.2000,0.4684,0.575553
1.0000,0.2000,0.5612,0.593189
1.0000,0.2000,0.6474,0.603727
1.0000,0.2000,0.7260,0.611658
1.0000,0.2000,0.7961,0.617918
1.0000,0.2000,0.8569,0.622979
1.0000,0.2000,0.9076,0.627150
1.0000,0.2000,0.9477,0.630642
1.0000,0.2000,0.9766,0.633604
1.0000,0.2000,0.9941,0.636144
1.0000,0.2000,1.0000,0.638342
1.0000,0.2533,-1.0000,0.636290
1.0000,0.2533,-0.9941,0.634641
1.0000,0.2533,-0.9766,0.632697
1.0000,0.2533,-0.9477,0.630390
1.0000,0.2533,-0.9076,0.627627
1.0000,0.2533,-0.8569,0.624282
1.0000,0.2533,-0.7961,0.620162
1.0000,0.2533,-0.7260,0.615014
1.0000,0.2533,-0.6474,0.603326
1.0000,0.2533,-0.5612,0.579211
1.0000,0.2533,-0.4684,0.512190
1.0000,0.2533,-0.3701,0.441472
1.0000,0.2533,-0.2675,0.328457
1.0000,0.2533,-0.1618,0.362813
1.0000,0.2533,-0.0541,0.704645
1.0000,0.2533,0.0541,0.481688
1.0000,0.2533,0.1618,0.390926
1.0000,0.2533,0.2675,0.476042
1.0000,0.2533,0.3701,0.534258
1.0000,0.2533,0.4684,0.563829
1.0000,0.2533,0.5612,0.582652
1.0000,0.2533,0.6474,0.594137
1.0000,0.2533,0.7260,0.603003
1.0000,0.2533,0.7961,0.610048
1.0000,0.2533,0.8569,0.615774
1.0000,0.2533,0.9076,0.620514
1.0000,0.2533,0.9477,0.624497
1.0000,0.2533,0.9766,0.627886
1.0000,0.2533,0.9941,0.630799
1.0000,0.2533,1.0000,0.633325
1.0000,0.3067,-1.0000,0.628742
1.0000,0.3067,-0.9941,0.626742
1.0000,0.3067,-0.9766,0.624397
1.0000,0.3067,-0.9477,0.621630
1.0000,0.3067,-0.9076,0.618338
1.0000,0.3067,-0.8569,0.614378
1.0000,0.3067,-0.7961,0.609538
1.0000,0.3067,-0.7260,0.602804
1.0000,0.3067,-0.6474,0.586036
1.0000,0.3067,-0.5612,0.545405
1.0000,0.3067,-0.4684,0.484293
1.0000,0.3067,-0.3701,0.372789
1.0000,0.3067,-0.2675,0.273726
1.0000,0.3067,-0.1618,0.423693
1.0000,0.3067,-0.0541,0.726714
1.0000,0.3067,0.0541,0.404723
1.0000,0.3067,0.1618,0.387702
1.0000,0.3067,0.2675,0.475569
1.0000,0.3067,0.3701,0.518981
1.0000,0.3067,0.4684,0.553953
1.0000,0.3067,0.5612,0.570767
1.0000,0.3067,0.6474,0.583338
1.0000,0.3067,0.7260,0.593146
1.0000,0.3067,0.7961,0.601005
1.0000,0.3067,0.8569,0.607436
1.0000,0.3067,0.9076,0.612790
1.0000,0.3067,0.9477,0.617309
1.0000,0.3067,0.9766,0.621169
1.0000,0.3067,0.9941,0.624498
1.0000,0.3067,1.0000,0.627392
1.0000,0.3600,-1.0000,0.620090
1.0000,0.3600,-0.9941,0.617720
1.0000,0.3600,-0.9766,0.614957
1.0000,0.3600,-0.9477,0.611718
1.0000,0.3600,-0.9076,0.607888
1.0000,0.3600,-0.8569,0.603302
1.0000,0.3600,-0.7961,0.597670
1.0000,0.3600,-0.7260,0.585917
1.0000,0.3600,-0.6474,0.558037
1.0000,0.3600,-0.5612,0.503350
1.0000,0.3600,-0.4684,0.423082
1.0000,0.3600,-0.3701,0.297590
1.0000,0.3600,-0.2675,0.249628
1.0000,0.3600,-0.1618,0.490697
1.0000,0.3600,-0.0541,0.753006
1.0000,0.3600,0.0541,0.352923
1.0000,0.3600,0.1618,0.400441
1.0000,0.3600,0.2675,0.472464
1.0000,0.3600,0.3701,0.513170
1.0000,0.3600,0.4684,0.540454
1.0000,0.3600,0.5612,0.558087
1.0000,0.3600,0.6474,0.571599
1.0000,0.3600,0.7260,0.582276
1.0000,0.3600,0.7961,0.590920
1.0000,0.3600,0.8569,0.598052
1.0000,0.3600,0.9076,0.604030
1.0000,0.3600,0.9477,0.609106
1.0000,0.3600,0.9766,0.613462
1.0000,0.3600,0.9941,0.617234
1.0000,0.3600,1.0000,0.620525
1.0000,0.4133,-1.0000,0.610483
1.0000,0.4133,-0.9941,0.607748
1.0000,0.4133,-0.9766,0.604580
1.0000,0.4133,-0.9477,0.600890
1.0000,0.4133,-0.9076,0.596547
1.0000,0.4133,-0.8569,0.591318
1.0000,0.4133,-0.7961,0.580575
1.0000,0.4133,-0.7260,0.551015
1.0000,0.4133,-0.6474,0.506512
1.0000,0.4133,-0.5612,0.436639
1.0000,0.4133,-0.4684,0.308515
1.0000,0.4133,-0.3701,0.213686
1.0000,0.4133,-0.2675,0.226510
1.0000,0.4133,-0.1618,0.614760
1.0000,0.4133,-0.0541,0.770543
1.0000,0.4133,0.0541,0.354000
1.0000,0.4133,0.1618,0.409220
1.0000,0.4133,0.2675,0.461614
1.0000,0.4133,0.3701,0.503015
1.0000,0.4133,0.4684,0.527070
1.0000,0.4133,0.5612,0.545216
1.0000,0.4133,0.6474,0.559390
1.0000,0.4133,0.7260,0.570762
1.0000,0.4133,0.7961,0.580080
1.0000,0.4133,0.8569,0.587846
1.0000,0.4133,0.9076,0.594409
1.0000,0.4133,0.9477,0.600021
1.0000,0.4133,0.9766,0.604867
1.0000,0.4133,0.9941,0.609085
1.0000,0.4133,1.0000,0.612782
1.0000,0.4667,-1.0000,0.600184
1.0000,0.4667,-0.9941,0.597124
1.0000,0.4667,-0.9766,0.593592
1.0000,0.4667,-0.9477,0.589508
1.0000,0.4667,-0.9076,0.583569
1.0000,0.4667,-0.8569,0.565991
1.0000,0.4667,-0.7961,0.541878
1.0000,0.4667,-0.7260,0.488530
1.0000,0.4667,-0.6474,0.420790
1.0000,0.4667,-0.5612,0.304930
1.0000,0.4667,-0.4684,0.194901
1.0000,0.4667,-0.3701,0.146867
1.0000,0.4667,-0.2675,0.421601
1.0000,0.4667,-0.1618,0.779135
1.0000,0.4667,-0.0541,0.765368
1.0000,0.4667,0.0541,0.344586
1.0000,0.4667,0.1618,0.412877
1.0000,0.4667,0.2675,0.460401
1.0000,0.4667,0.3701,0.491573
1.0000,0.4667,0.4684,0.514861
1.0000,0.4667,0.5612,0.532929
1.0000,0.4667,0.6474,0.547355
1.0000,0.4667,0.7260,0.559131
1.0000,0.4667,0.7961,0.568919
1.0000,0.4667,0.8569,0.577174
1.0000,0.4667,0.9076,0.584221
1.0000,0.4667,0.9477,0.590298
1.0000,0.4667,0.9766,0.595584
1.0000,0.4667,0.9941,0.600214
1.0000,0.4667,1.0000,0.604295
1.0000,0.5200,-1.0000,0.589569
1.0000,0.5200,-0.9941,0.586250
1.0000,0.5200,-0.9766,0.581372
1.0000,0.5200,-0.9477,0.571573
1.0000,0.5200,-0.9076,0.545002
1.0000,0.5200,-0.8569,0.511366
1.0000,0.5200,-0.7961,0.457825
1.0000,0.5200,-0.7260,0.358338
1.0000,0.5200,-0.6474,0.250757
1.0000,0.5200,-0.5612,0.141257
1.0000,0.5200,-0.4684,0.119110
1.0000,0.5200,-0.3701,0.352662
1.0000,0.5200,-0.2675,0.708196
1.0000,0.5200,-0.1618,0.859636
1.0000,0.5200,-0.0541,0.746329
1.0000,0.5200,0.0541,0.365209
1.0000,0.5200,0.1618,0.418099
1.0000,0.5200,0.2675,0.455306
1.0000,0.5200,0.3701,0.483144
1.0000,0.5200,0.4684,0.504785
1.0000,0.5200,0.5612,0.522097
1.0000,0.5200,0.6474,0.536257
1.0000,0.5200,0.7260,0.548047
1.0000,0.5200,0.7961,0.558008
1.0000,0.5200,0.8569,0.566525
1.0000,0.5200,0.9076,0.573881
1.0000,0.5200,0.9477,0.580290
1.0000,0.5200,0.9766,0.585913
1.0000,0.5200,0.9941,0.590876
1.0000,0.5200,1.0000,0.595281
1.0000,0.5733,-1.0000,0.574941
1.0000,0.5733,-0.9941,0.558926
1.0000,0.5733,-0.9766,0.523402
1.0000,0.5733,-0.9477,0.494171
1.0000,0.5733,-0.9076,0.433853
1.0000,0.5733,-0.8569,0.348346
1.0000,0.5733,-0.7961,0.238988
1.0000,0.5733,-0.7260,0.126417
1.0000,0.5733,-0.6474,0.066582
1.0000,0.5733,-0.5612,0.128976
1.0000,0.5733,-0.4684,0.392336
1.0000,0.5733,-0.3701,0.747579
1.0000,0.5733,-0.2675,0.889729
1.0000,0.5733,-0.1618,0.862968
1.0000,0.5733,-0.0541,0.711124
1.0000,0.5733,0.0541,0.385158
1.0000,0.5733,0.1618,0.424660
1.0000,0.5733,0.2675,0.454763
1.0000,0.5733,0.3701,0.478505
1.0000,0.5733,0.4684,0.497723
1.0000,0.5733,0.5612,0.513598
1.0000,0.5733,0.6474,0.526927
1.0000,0.5733,0.7260,0.538269
1.0000,0.5733,0.7961,0.548029
1.0000,0.5733,0.8569,0.556506
1.0000,0.5733,0.9076,0.563928
1.0000,0.5733,0.9477,0.570471
1.0000,0.5733,0.9766,0.576271
1.0000,0.5733,0.9941,0.581439
1.0000,0.5733,1.0000,0.586062
1.0000,0.6267,-1.0000,0.468764
1.0000,0.6267,-0.9941,0.402236
1.0000,0.6267,-0.9766,0.325005
1.0000,0.6267,-0.9477,0.232416
1.0000,0.6267,-0.9076,0.137944
1.0000,0.6267,-0.8569,0.059036
1.0000,0.6267,-0.7961,0.042792
1.0000,0.6267,-0.7260,0.105748
1.0000,0.6267,-0.6474,0.300298
1.0000,0.6267,-0.5612,0.671207
1.0000,0.6267,-0.4684,0.887396
1.0000,0.6267,-0.3701,0.918825
1.0000,0.6267,-0.2675,0.892975
1.0000,0.6267,-0.1618,0.834631
1.0000,0.6267,-0.0541,0.678962
1.0000,0.6267,0.0541,0.406913
1.0000,0.6267,0.1618,0.435571
1.0000,0.6267,0.2675,0.458841
1.0000,0.6267,0.3701,0.478123
1.0000,0.6267,0.4684,0.494362
1.0000,0.6267,0.5612,0.508221
1.0000,0.6267,0.6474,0.520181
1.0000,0.6267,0.7260,0.530599
1.0000,0.6267,0.7961,0.539745
1.0000,0.6267,0.8569,0.547829
1.0000,0.6267,0.9076,0.555017
1.0000,0.6267,0.9477,0.561439
1.0000,0.6267,0.9766,0.567202
1.0000,0.6267,0.9941,0.572391
1.0000,0.6267,1.0000,0.577078
1.0000,0.6800,-1.0000,0.083761
1.0000,0.6800,-0.9941,0.034060
1.0000,0.6800,-0.9766,0.023509
1.0000,0.6800,-0.9477,0.034872
1.0000,0.6800,-0.9076,0.106286
1.0000,0.6800,-0.8569,0.261166
1.0000,0.6800,-0.7961,0.574898
1.0000,0.6800,-0.7260,0.847333
1.0000,0.6800,-0.6474,0.931292
1.0000,0.6800,-0.5612,0.936687
1.0000,0.6800,-0.4684,0.922125
1.0000,0.6800,-0.3701,0.899876
1.0000,0.6800,-0.2675,0.864942
1.0000,0.6800,-0.1618,0.801886
1.0000,0.6800,-0.0541,0.650017
1.0000,0.6800,0.0541,0.430077
1.0000,0.6800,0.1618,0.450088
1.0000,0.6800,0.2675,0.467239
1.0000,0.6800,0.3701,0.482102
1.0000,0.6800,0.4684,0.495098
1.0000,0.6800,0.5612,0.506553
1.0000,0.6800,0.6474,0.516717
1.0000,0.6800,0.7260,0.525787
1.0000,0.6800,0.7961,0.533923
1.0000,0.6800,0.8569,0.541251
1.0000,0.6800,0.9076,0.547878
1.0000,0.6800,0.9477,0.553889
1.0000,0.6800,0.9766,0.559357
1.0000,0.6800,0.9941,0.564342
1.0000,0.6800,1.0000,0.568895
1.0000,0.7333,-1.0000,0.253373
1.0000,0.7333,-0.9941,0.460351
1.0000,0.7333,-0.9766,0.731239
1.0000,0.7333,-0.9477,0.901834
1.0000,0.7333,-0.9076,0.949030
1.0000,0.7333,-0.8569,0.952090
1.0000,0.7333,-0.7961,0.946258
1.0000,0.7333,-0.7260,0.938042
1.0000,0.7333,-0.6474,0.927708
1.0000,0.7333,-0.5612,0.914341
1.0000,0.7333,-0.4684,0.896404
1.0000,0.7333,-0.3701,0.871088
1.0000,0.7333,-0.2675,0.832630
1.0000,0.7333,-0.1618,0.766878
1.0000,0.7333,-0.0541,0.625355
1.0000,0.7333,0.0541,0.454006
1.0000,0.7333,0.1618,0.467391
1.0000,0.7333,0.2675,0.479394
1.0000,0.7333,0.3701,0.490212
1.0000,0.7333,0.4684,0.500005
1.0000,0.7333,0.5612,0.508904
1.0000,0.7333,0.6474,0.517018
1.0000,0.7333,0.7260,0.524438
1.0000,0.7333,0.7961,0.531242
1.0000,0.7333,0.8569,0.537495
1.0000,0.7333,0.9076,0.543251
1.0000,0.7333,0.9477,0.548561
1.0000,0.7333,0.9766,0.553463
1.0000,0.7333,0.9941,0.557995
1.0000,0.7333,1.0000,0.562186
1.0000,0.7867,-1.0000,0.955636
1.0000,0.7867,-0.9941,0.951985
1.0000,0.7867,-0.9766,0.947783
1.0000,0.7867,-0.9477,0.942910
1.0000,0.7867,-0.9076,0.937208
1.0000,0.7867,-0.8569,0.930466
1.0000,0.7867,-0.7961,0.922389
1.0000,0.7867,-0.7260,0.912558
1.0000,0.7867,-0.6474,0.900357
1.0000,0.7867,-0.5612,0.884835
1.0000,0.7867,-0.4684,0.864444
1.0000,0.7867,-0.3701,0.836476
1.0000,0.7867,-0.2675,0.795692
1.0000,0.7867,-0.1618,0.730292
1.0000,0.7867,-0.0541,0.605759
1.0000,0.7867,0.0541,0.478240
1.0000,0.7867,0.1618,0.486728
1.0000,0.7867,0.2675,0.494628
1.0000,0.7867,0.3701,0.501992
1.0000,0.7867,0.4684,0.508867
1.0000,0.7867,0.5612,0.515293
1.0000,0.7867,0.6474,0.521306
1.0000,0.7867,0.7260,0.526937
1.0000,0.7867,0.7961,0.532215
1.0000,0.7867,0.8569,0.537165
1.0000,0.7867,0.9076,0.541809
1.0000,0.7867,0.9477,0.546168
1.0000,0.7867,0.9766,0.550258
1.0000,0.7867,0.9941,0.554096
1.0000,0.7867,1.0000,0.557696
1.0000,0.8400,-1.0000,0.930054
1.0000,0.8400,-0.9941,0.925494
1.0000,0.8400,-0.9766,0.920283
1.0000,0.8400,-0.9477,0.914290
1.0000,0.8400,-0.9076,0.907342
1.0000,0.8400,-0.8569,0.899215
1.0000,0.8400,-0.7961,0.889601
1.0000,0.8400,-0.7260,0.878075
1.0000,0.8400,-0.6474,0.864025
1.0000,0.8400,-0.5612,0.846544
1.0000,0.8400,-0.4684,0.824219
1.0000,0.8400,-0.3701,0.794710
1.0000,0.8400,-0.2675,0.753817
1.0000,0.8400,-0.1618,0.693061
1.0000,0.8400,-0.0541,0.591747
1.0000,0.8400,0.0541,0.502604
1.0000,0.8400,0.1618,0.507591
1.0000,0.8400,0.2675,0.512375
1.0000,0.8400,0.3701,0.516964
1.0000,0.8400,0.4684,0.521364
1.0000,0.8400,0.5612,0.525581
1.0000,0.8400,0.6474,0.529623
1.0000,0.8400,0.7260,0.533494
1.0000,0.8400,0.7961,0.537199
1.0000,0.8400,0.8569,0.540745
1.0000,0.8400,0.9076,0.544135
1.0000,0.8400,0.9477,0.547374
1.0000,0.8400,0.9766,0.550466
1.0000,0.8400,0.9941,0.553413
1.0000,0.8400,1.0000,0.556220
1.0000,0.8933,-1.0000,0.916432
1.0000,0.8933,-0.9941,0.911685
1.0000,0.8933,-0.9766,0.906241
1.0000,0.8933,-0.9477,0.899976
1.0000,0.8933,-0.9076,0.892730
1.0000,0.8933,-0.8569,0.884300
1.0000,0.8933,-0.7961,0.874414
1.0000,0.8933,-0.7260,0.862711
1.0000,0.8933,-0.6474,0.848690
1.0000,0.8933,-0.5612,0.831643
1.0000,0.8933,-0.4684,0.810532
1.0000,0.8933,-0.3701,0.783757
1.0000,0.8933,-0.2675,0.748716
1.0000,0.8933,-0.1618,0.700815
1.0000,0.8933,-0.0541,0.630948
1.0000,0.8933,0.0541,0.573405
1.0000,0.8933,0.1618,0.572936
1.0000,0.8933,0.2675,0.572363
1.0000,0.8933,0.3701,0.571691
1.0000,0.8933,0.4684,0.570922
1.0000,0.8933,0.5612,0.570062
1.0000,0.8933,0.6474,0.569113
1.0000,0.8933,0.7260,0.568079
1.0000,0.8933,0.7961,0.566963
1.0000,0.8933,0.8569,0.565767
1.0000,0.8933,0.9076,0.564495
1.0000,0.8933,0.9477,0.563149
1.0000,0.8933,0.9766,0.561731
1.0000,0.8933,0.9941,0.560243
1.0000,0.8933,1.0000,0.558688
1.0000,0.9467,-1.0000,0.873207
1.0000,0.9467,-0.9941,0.867550
1.0000,0.9467,-0.9766,0.861063
1.0000,0.9467,-0.9477,0.853630
1.0000,0.9467,-0.9076,0.845107
1.0000,0.9467,-0.8569,0.835315
1.0000,0.9467,-0.7961,0.824031
1.0000,0.9467,-0.7260,0.810971
1.0000,0.9467,-0.6474,0.795770
1.0000,0.9467,-0.5612,0.777946
1.0000,0.9467,-0.4684,0.756850
1.0000,0.9467,-0.3701,0.731588
1.0000,0.9467,-0.2675,0.700875
1.0000,0.9467,-0.1618,0.662795
1.0000,0.9467,-0.0541,0.614307
1.0000,0.9467,0.0541,0.576641
1.0000,0.9467,0.1618,0.576226
1.0000,0.9467,0.2675,0.575754
1.0000,0.9467,0.3701,0.575227
1.0000,0.9467,0.4684,0.574649
1.0000,0.9467,0.5612,0.574025
1.0000,0.9467,0.6474,0.573358
1.0000,0.9467,0.7260,0.572650
1.0000,0.9467,0.7961,0.571907
1.0000,0.9467,0.8569,0.571129
1.0000,0.9467,0.9076,0.570322
1.0000,0.9467,0.9477,0.569487
1.0000,0.9467,0.9766,0.568627
1.0000,0.9467,0.9941,0.567745
1.0000,0.9467,1.0000,0.566843
1.0000,1.0000,-1.0000,0.975418
1.0000,1.0000,-0.9941,0.972999
1.0000,1.0000,-0.9766,0.970842
1.0000,1.0000,-0.9477,0.968950
1.0000,1.0000,-0.9076,0.967326
1.0000,1.0000,-0.8569,0.965968
1.0000,1.0000,-0.7961,0.964874
1.0000,1.0000,-0.7260,0.964041
1.0000,1.0000,-0.6474,0.963461
1.0000,1.0000,-0.5612,0.963128
1.0000,1.0000,-0.4684,0.963034
1.0000,1.0000,-0.3701,0.963169
1.0000,1.0000,-0.2675,0.963524
1.0000,1.0000,-0.1618,0.964086
1.0000,1.0000,-0.0541,0.964846
1.0000,1.0000,0.0541,0.965792
1.0000,1.0000,0.1618,0.966913
1.0000,1.0000,0.2675,0.968197
1.0000,1.0000,0.3701,0.969633
1.0000,1.0000,0.4684,0.971210
1.0000,1.0000,0.5612,0.972917
1.0000,1.0000,0.6474,0.974744
1.0000,1.0000,0.7260,0.976680
1.0000,1.0000,0.7961,0.978717
1.0000,1.0000,0.8569,0.980844
1.0000,1.0000,0.9076,0.983054
1.0000,1.0000,0.9477,0.985338
1.0000,1.0000,0.9766,0.987687
1.0000,1.0000,0.9941,0.990095
1.0000,1.0000,1.0000,0.992555
